999
dxfrw 0.6.3
  0
SECTION
  2
HEADER
  9
$ACADVER
  1
AC1021
  9
$DWGCODEPAGE
  3
ANSI_1252
  9
$INSBASE
 10
0
 20
0
 30
0
  9
$EXTMIN
 10
1e+20
 20
1e+20
 30
1e+20
  9
$EXTMAX
 10
-1e+20
 20
-1e+20
 30
-1e+20
  9
$LIMMIN
 10
0
 20
0
  9
$LIMMAX
 10
420
 20
297
  9
$ORTHOMODE
 70
    0
  9
$REGENMODE
 70
    1
  9
$FILLMODE
 70
    1
  9
$QTEXTMODE
 70
    0
  9
$MIRRTEXT
 70
    0
  9
$LTSCALE
 40
1
  9
$ATTMODE
 70
    0
  9
$TEXTSIZE
 40
2.5
  9
$TRACEWID
 40
15.68
  9
$TEXTSTYLE
  7
STANDARD
  9
$CLAYER
  8
0
  9
$CELTYPE
  6
BYLAYER
  9
$CECOLOR
 62
  256
  9
$DIMSCALE
 40
2.5
  9
$DIMASZ
 40
2.5
  9
$DIMEXO
 40
0.625
  9
$DIMDLI
 40
3.75
  9
$DIMRND
 40
0
  9
$DIMDLE
 40
0
  9
$DIMEXE
 40
1.25
  9
$DIMTP
 40
0
  9
$DIMTM
 40
0
  9
$DIMTXT
 40
2.5
  9
$DIMCEN
 40
2.5
  9
$DIMTSZ
 40
0
  9
$DIMTOL
 70
    0
  9
$DIMLIM
 70
    0
  9
$DIMTIH
 70
    0
  9
$DIMTOH
 70
    0
  9
$DIMSE1
 70
    0
  9
$DIMSE2
 70
    0
  9
$DIMTAD
 70
    1
  9
$DIMZIN
 70
    8
  9
$DIMBLK
  1

  9
$DIMASO
 70
    1
  9
$DIMSHO
 70
    1
  9
$DIMPOST
  1

  9
$DIMAPOST
  1

  9
$DIMALT
 70
    0
  9
$DIMALTD
 70
    3
  9
$DIMALTF
 40
0.03937
  9
$DIMLFAC
 40
1
  9
$DIMTOFL
 70
    1
  9
$DIMTVP
 40
0
  9
$DIMTIX
 70
    0
  9
$DIMSOXD
 70
    0
  9
$DIMSAH
 70
    0
  9
$DIMBLK1
  1

  9
$DIMBLK2
  1

  9
$DIMSTYLE
  2
STANDARD
  9
$DIMCLRD
 70
    0
  9
$DIMCLRE
 70
    0
  9
$DIMCLRT
 70
    0
  9
$DIMTFAC
 40
1
  9
$DIMGAP
 40
0.625
  9
$LUNITS
 70
    2
  9
$LUPREC
 70
    4
  9
$SKETCHINC
 40
1
  9
$FILLETRAD
 40
0
  9
$AUNITS
 70
    0
  9
$AUPREC
 70
    2
  9
$MENU
  1
.
  9
$ELEVATION
 40
0
  9
$PELEVATION
 40
0
  9
$THICKNESS
 40
0
  9
$LIMCHECK
 70
    0
  9
$BLIPMODE
 70
    0
  9
$CHAMFERA
 40
0
  9
$CHAMFERB
 40
0
  9
$SKPOLY
 70
    0
  9
$USRTIMER
 70
    1
  9
$ANGBASE
 50
0
  9
$ANGDIR
 70
    0
  9
$PDMODE
 70
   34
  9
$PDSIZE
 40
0
  9
$PLINEWID
 40
0
  9
$COORDS
 70
    2
  9
$SPLFRAME
 70
    0
  9
$SPLINETYPE
 70
    2
  9
$SPLINESEGS
 70
    8
  9
$ATTDIA
 70
    1
  9
$ATTREQ
 70
    1
  9
$HANDLING
 70
    1
  9
$HANDSEED
  5
20000
  9
$SURFTAB1
 70
    6
  9
$SURFTAB2
 70
    6
  9
$SURFTYPE
 70
    6
  9
$SURFU
 70
    6
  9
$SURFV
 70
    6
  9
$UCSNAME
  2

  9
$UCSORG
 10
0
 20
0
 30
0
  9
$UCSXDIR
 10
1
 20
0
 30
0
  9
$UCSYDIR
 10
0
 20
1
 30
0
  9
$PUCSNAME
  2

  9
$PUCSORG
 10
0
 20
0
 30
0
  9
$PUCSXDIR
 10
1
 20
0
 30
0
  9
$PUCSYDIR
 10
0
 20
1
 30
0
  9
$USERI1
 70
    0
  9
$USERI2
 70
    0
  9
$USERI3
 70
    0
  9
$USERI4
 70
    0
  9
$USERI5
 70
    0
  9
$USERR1
 40
0
  9
$USERR2
 40
0
  9
$USERR3
 40
0
  9
$USERR4
 40
0
  9
$USERR5
 40
0
  9
$WORLDVIEW
 70
    1
  9
$SHADEDGE
 70
    3
  9
$SHADEDIF
 70
   70
  9
$TILEMODE
 70
    1
  9
$MAXACTVP
 70
   64
  9
$PLIMCHECK
 70
    0
  9
$PEXTMIN
 10
0
 20
0
 30
0
  9
$PEXTMAX
 10
0
 20
0
 30
0
  9
$PLIMMIN
 10
0
 20
0
  9
$PLIMMAX
 10
297
 20
210
  9
$UNITMODE
 70
    0
  9
$VISRETAIN
 70
    1
  9
$PLINEGEN
 70
    0
  9
$PSLTSCALE
 70
    1
  0
ENDSEC
  0
SECTION
  2
TABLES
  0
TABLE
  2
VPORT
 70
    1
  0
VPORT
  2
*ACTIVE
 70
   64
 10
0
 20
0
 11
1
 21
1
 12
11803.48696721539
 22
2033.8390405285
 13
0
 23
0
 14
0.5
 24
0.5
 15
0.5
 25
0.5
 16
0
 26
0
 36
2742.170172008042
 17
24943.39389247891
 27
-2674.391798649594
 37
0
 40
617.45787666868
 41
1424.902792312338
 42
50
 43
0
 44
0
 50
0
 51
0
 71
   16
 72
10000
 73
    1
 74
    1
 75
    0
 76
    0
 77
    0
 78
    0
  0
ENDTAB
  0
TABLE
  2
LTYPE
 70
    4
  0
LTYPE
  2
BYBLOCK
 70
    0
  3

 72
   65
 73
    0
 40
0
  0
LTYPE
  2
BYLAYER
 70
    0
  3

 72
   65
 73
    0
 40
0
  0
LTYPE
  2
CONTINUOUS
 70
    0
  3
Solid line
 72
   65
 73
    0
 40
0
  0
LTYPE
  2
HIDDEN
 70
   64
  3
Hidden __ __ __ __ __ __ __ __ __ __ __ __ __ _
 72
   65
 73
    2
 40
0.375
 49
0.25
 49
-0.125
  0
LTYPE
  2
ACAD_ISO14W100
 70
   64
  3
ISO dash triple-dot __ . . . __ . . . __ . . . 
 72
   65
 73
    8
 40
24
 49
12
 49
-3
 49
0
 49
-3
 49
0
 49
-3
 49
0
 49
-3
  0
ENDTAB
  0
TABLE
  2
LAYER
 70
    1
  0
LAYER
  2
PINCAD.COM
 70
   64
 62
    7
  6
CONTINUOUS
  0
LAYER
  2
WALL_SYN
 70
   64
 62
    7
  6
CONTINUOUS
  0
LAYER
  2
RAIL
 70
   64
 62
    3
  6
CONTINUOUS
  0
LAYER
  2
DEFPOINTS
 70
   64
 62
    7
  6
CONTINUOUS
  0
LAYER
  2
HATCH
 70
   64
 62
  252
  6
CONTINUOUS
  0
LAYER
  2
0
 70
   64
 62
    7
  6
CONTINUOUS
  0
LAYER
  2
DOOR
 70
   64
 62
    1
  6
CONTINUOUS
  0
LAYER
  2
FIXTURE
 70
   64
 62
  200
  6
CONTINUOUS
  0
LAYER
  2
FURN
 70
   64
 62
  171
  6
CONTINUOUS
  0
LAYER
  2
WALL
 70
   64
 62
    7
  6
CONTINUOUS
  0
LAYER
  2
SLAB LINE
 70
   64
 62
   50
  6
CONTINUOUS
  0
LAYER
  2
WINDOW
 70
   64
 62
  116
  6
CONTINUOUS
  0
LAYER
  2
STAIR
 70
   64
 62
  252
  6
CONTINUOUS
  0
LAYER
  2
TEXT
 70
   64
 62
    6
  6
CONTINUOUS
  0
LAYER
  2
FUR
 70
   64
 62
  183
  6
CONTINUOUS
  0
LAYER
  2
DWGMODELS.COM
 70
   64
 62
  250
  6
CONTINUOUS
  0
ENDTAB
  0
TABLE
  2
STYLE
 70
    3
  0
STYLE
  2
NOTES
 70
   64
 40
2.848879507572212e-306
 41
2.577717544707915e-231
 50
1
 71
   83
 42
0
  3
ARIAL.TTF
  4

  0
STYLE
  2
PLAN
 70
   64
 40
2.56633758499149e-289
 41
-3.697639292934439e+154
 50
2.824834128901124e-278
 71
   32
 42
4.102504860858404e-308
  3
TREBUC.TTF
  4

  0
STYLE
  2
ISO
 70
   64
 40
-9.011969552545334e+252
 41
6.934884366432308e-169
 50
0
 71
  144
 42
-7.125044824308159
  3
ISO.SHX
  4

  0
STYLE
  2
STANDARD
 70
   64
 40
1.026535033996596e-288
 41
-3.697638014312608e+154
 50
3.546271409154057e-308
 71
   16
 42
0
  3
SWISSCB.TTF
  4

  0
ENDTAB
  0
TABLE
  2
VIEW
 70
    0
  0
ENDTAB
  0
TABLE
  2
UCS
 70
    0
  0
ENDTAB
  0
TABLE
  2
APPID
 70
    1
  0
APPID
  2
ACAD
 70
    0
  0
APPID
  2
ACADANNOPO
 70
   64
  0
APPID
  2
PE_URL
 70
   64
  0
APPID
  2
ACAD_NAV_VCDISPLAY
 70
   64
  0
APPID
  2
ACADANNOTATIVE
 70
   64
  0
APPID
  2
ACAD_DSTYLE_DIMJOGGED_JOGANGLE_SYMBOL
 70
   80
  0
APPID
  2
ACAD_PSEXT
 70
   64
  0
APPID
  2
ACAECLAYERSTANDARD
 70
   64
  0
APPID
  2
ACDBDYNAMICBLOCKGUID
 70
   64
  0
APPID
  2
ACCMTRANSPARENCY
 70
   64
  0
APPID
  2
ACAD_DSTYLE_DIMJAG
 70
   64
  0
APPID
  2
RAK
 70
   80
  0
APPID
  2
ACAD_DSTYLE_DIMTALN
 70
   80
  0
APPID
  2
GRADIENTCOLOR1ACI
 70
   80
  0
APPID
  2
GRADIENTCOLOR2ACI
 70
   80
  0
ENDTAB
  0
TABLE
  2
DIMSTYLE
 70
    1
  0
DIMSTYLE
  2
WOKING
 70
    0
 40
1
 41
0.18
 42
0.0625
 43
0.38
 44
0.18
 45
0
 46
0
 47
0
 48
0
 49
1
140
0.18
141
0.09
142
0
143
25.4
144
1
145
0
146
1
147
0.09
 71
    0
 72
    0
 73
    0
 74
    1
 75
    0
 76
    0
 77
    0
 78
    0
170
    0
171
    2
172
    0
173
    0
174
    0
175
    0
176
    0
177
    0
178
    0
  0
DIMSTYLE
  2
WORKING
 70
    0
 40
1
 41
0.18
 42
0.0625
 43
0.38
 44
0.18
 45
0
 46
0
 47
0
 48
0
 49
1
140
0.18
141
0.09
142
0
143
25.4
144
1
145
0
146
1
147
0.09
 71
    0
 72
    0
 73
    0
 74
    1
 75
    0
 76
    0
 77
    0
 78
    0
170
    0
171
    2
172
    0
173
    0
174
    0
175
    0
176
    0
177
    0
178
    0
  0
DIMSTYLE
  2
PLAN
 70
    0
 40
1
 41
0.18
 42
0.0625
 43
0.38
 44
0.18
 45
0
 46
0
 47
0
 48
0
 49
1
140
0.18
141
0.09
142
0
143
25.4
144
1
145
0
146
1
147
0.09
 71
    0
 72
    0
 73
    0
 74
    1
 75
    0
 76
    0
 77
    0
 78
    0
170
    0
171
    2
172
    0
173
    0
174
    0
175
    0
176
    0
177
    0
178
    0
  0
DIMSTYLE
  2
STANDARD
 70
    0
 40
1
 41
0.18
 42
0.0625
 43
0.38
 44
0.18
 45
0
 46
0
 47
0
 48
0
 49
1
140
0.18
141
0.09
142
0
143
25.4
144
1
145
0
146
1
147
0.09
 71
    0
 72
    0
 73
    0
 74
    1
 75
    0
 76
    0
 77
    0
 78
    0
170
    0
171
    2
172
    0
173
    0
174
    0
175
    0
176
    0
177
    0
178
    0
  0
ENDTAB
  0
ENDSEC
  0
SECTION
  2
BLOCKS
  0
BLOCK
  8
0
  2
$MODEL_SPACE
 70
    0
 10
0
 20
0
 30
0
  3
$MODEL_SPACE
  1

  0
ENDBLK
  8
0
  0
BLOCK
  8
0
  2
$PAPER_SPACE
 70
    0
 10
0
 20
0
 30
0
  3
$PAPER_SPACE
  1

  0
ENDBLK
  8
0
  0
BLOCK
  8
0
  2
*PAPER_SPACE
 70
   64
 10
0
 20
0
  3
*PAPER_SPACE
  1

  0
ENDBLK
  8
0
  0
BLOCK
  8
0
  2
*D16
 70
   65
 10
0
 20
0
  3
*D16
  1

  0
LINE
  5
31
  8
HATCH
  6
BYLAYER
 62
  256
 10
36666.31314333927
 20
-542.4817807853542
 11
36666.31314333927
 21
-544.4141158914135
  0
LINE
  5
32
  8
HATCH
  6
BYLAYER
 62
  256
 10
36522.31314333927
 20
-542.4817807853542
 11
36522.31314333927
 21
-544.4141158914135
  0
LINE
  5
33
  8
HATCH
  6
BYLAYER
 62
  256
 10
36663.31314333927
 20
-541.4141158914135
 11
36604.78183020795
 21
-541.4141158914135
  0
LINE
  5
34
  8
HATCH
  6
BYLAYER
 62
  256
 10
36525.31314333927
 20
-541.4141158914135
 11
36583.84445647059
 21
-541.4141158914135
  0
SOLID
  5
35
  8
HATCH
  6
BYLAYER
 62
  256
 10
36663.31314333927
 20
-540.9141158914135
 30
0
 11
36663.31314333927
 21
-541.9141158914135
 31
0
 12
36666.31314333927
 22
-541.4141158914135
 32
0
 13
36666.31314333927
 23
-541.4141158914135
 33
0
  0
SOLID
  5
36
  8
HATCH
  6
BYLAYER
 62
  256
 10
36525.31314333927
 20
-540.9141158914135
 30
0
 11
36525.31314333927
 21
-541.9141158914135
 31
0
 12
36522.31314333927
 22
-541.4141158914135
 32
0
 13
36522.31314333927
 23
-541.4141158914135
 33
0
  0
POINT
  5
37
  8
DEFPOINTS
  6
BYLAYER
 62
    0
 10
36666.31314333927
 20
-538.4817807853542
  0
POINT
  5
38
  8
DEFPOINTS
  6
BYLAYER
 62
    0
 10
36522.31314333927
 20
-538.4817807853542
  0
POINT
  5
39
  8
DEFPOINTS
  6
BYLAYER
 62
    0
 10
36522.31314333927
 20
-541.4141158914135
  0
ENDBLK
  8
0
  0
BLOCK
  8
0
  2
*D15
 70
   65
 10
0
 20
0
  3
*D15
  1

  0
LINE
  5
3A
  8
HATCH
  6
BYLAYER
 62
  256
 10
36771.31314333928
 20
-536.3081375613799
 11
36771.31314333928
 21
-535.4817807853542
  0
LINE
  5
3B
  8
HATCH
  6
BYLAYER
 62
  256
 10
36671.31314333927
 20
-536.3081375613799
 11
36671.31314333927
 21
-535.4817807853542
  0
LINE
  5
3C
  8
HATCH
  6
BYLAYER
 62
  256
 10
36768.31314333928
 20
-538.4817807853542
 11
36729.83637566251
 21
-538.4817807853542
  0
LINE
  5
3D
  8
HATCH
  6
BYLAYER
 62
  256
 10
36674.31314333927
 20
-538.4817807853542
 11
36712.78991101604
 21
-538.4817807853542
  0
SOLID
  5
3E
  8
HATCH
  6
BYLAYER
 62
  256
 10
36768.31314333928
 20
-537.9817807853542
 30
0
 11
36768.31314333928
 21
-538.9817807853542
 31
0
 12
36771.31314333928
 22
-538.4817807853542
 32
0
 13
36771.31314333928
 23
-538.4817807853542
 33
0
  0
SOLID
  5
3F
  8
HATCH
  6
BYLAYER
 62
  256
 10
36674.31314333927
 20
-537.9817807853542
 30
0
 11
36674.31314333927
 21
-538.9817807853542
 31
0
 12
36671.31314333927
 22
-538.4817807853542
 32
0
 13
36671.31314333927
 23
-538.4817807853542
 33
0
  0
POINT
  5
40
  8
DEFPOINTS
  6
BYLAYER
 62
    0
 10
36771.31314333928
 20
-540.3081375613799
  0
POINT
  5
41
  8
DEFPOINTS
  6
BYLAYER
 62
    0
 10
36671.31314333927
 20
-540.3081375613799
  0
POINT
  5
42
  8
DEFPOINTS
  6
BYLAYER
 62
    0
 10
36671.31314333927
 20
-538.4817807853542
  0
ENDBLK
  8
0
  0
BLOCK
  8
0
  2
*D14
 70
   65
 10
0
 20
0
  3
*D14
  1

  0
LINE
  5
43
  8
HATCH
  6
BYLAYER
 62
  256
 10
36776.31314333928
 20
-536.3081375613619
 11
36776.31314333928
 21
-537.3081375613619
  0
LINE
  5
44
  8
HATCH
  6
BYLAYER
 62
  256
 10
36920.31314333927
 20
-536.3081375613619
 11
36920.31314333927
 21
-537.3081375613619
  0
LINE
  5
45
  8
HATCH
  6
BYLAYER
 62
  256
 10
36779.31314333928
 20
-540.3081375613619
 11
36837.84445647059
 21
-540.3081375613619
  0
LINE
  5
46
  8
HATCH
  6
BYLAYER
 62
  256
 10
36917.31314333927
 20
-540.3081375613619
 11
36858.78183020796
 21
-540.3081375613619
  0
SOLID
  5
47
  8
HATCH
  6
BYLAYER
 62
  256
 10
36779.31314333928
 20
-539.8081375613619
 30
0
 11
36779.31314333928
 21
-540.8081375613619
 31
0
 12
36776.31314333928
 22
-540.3081375613619
 32
0
 13
36776.31314333928
 23
-540.3081375613619
 33
0
  0
SOLID
  5
48
  8
HATCH
  6
BYLAYER
 62
  256
 10
36917.31314333927
 20
-539.8081375613619
 30
0
 11
36917.31314333927
 21
-540.8081375613619
 31
0
 12
36920.31314333927
 22
-540.3081375613619
 32
0
 13
36920.31314333927
 23
-540.3081375613619
 33
0
  0
POINT
  5
49
  8
DEFPOINTS
  6
BYLAYER
 62
    0
 10
36776.31314333928
 20
-540.3081375613619
  0
POINT
  5
4A
  8
DEFPOINTS
  6
BYLAYER
 62
    0
 10
36920.31314333927
 20
-540.3081375613619
  0
POINT
  5
4B
  8
DEFPOINTS
  6
BYLAYER
 62
    0
 10
36920.31314333927
 20
-540.3081375613619
  0
ENDBLK
  8
0
  0
BLOCK
  8
0
  2
*MODEL_SPACE
 70
   64
 10
0
 20
0
  3
*MODEL_SPACE
  1

  0
ENDBLK
  8
0
  0
BLOCK
  8
0
  2
_DOT
 70
   64
 10
0
 20
0
  3
_DOT
  1

  0
LINE
  5
4C
  8
0
  6
BYBLOCK
 62
    0
 10
-0.5
 20
0
 11
-1
 21
0
  0
ENDBLK
  8
0
  0
BLOCK
  8
0
  2
*D17
 70
   65
 10
0
 20
0
  3
*D17
  1

  0
LINE
  5
4D
  8
HATCH
  6
BYLAYER
 62
  256
 10
36662.31314333928
 20
-428.9395204819277
 11
36658.38959759075
 21
-428.9395204819277
  0
LINE
  5
4E
  8
HATCH
  6
BYLAYER
 62
  256
 10
36662.31314333928
 20
-548.9395204819275
 11
36658.38959759075
 21
-548.9395204819275
  0
LINE
  5
4F
  8
HATCH
  6
BYLAYER
 62
  256
 10
36661.38959759075
 20
-431.9395204819277
 11
36661.38959759075
 21
-478.4708336132408
  0
LINE
  5
50
  8
HATCH
  6
BYLAYER
 62
  256
 10
36661.38959759075
 20
-545.9395204819275
 11
36661.38959759075
 21
-499.4082073506145
  0
SOLID
  5
51
  8
HATCH
  6
BYLAYER
 62
  256
 10
36660.88959759075
 20
-431.9395204819277
 30
0
 11
36661.88959759075
 21
-431.9395204819277
 31
0
 12
36661.38959759075
 22
-428.9395204819277
 32
0
 13
36661.38959759075
 23
-428.9395204819277
 33
0
  0
SOLID
  5
52
  8
HATCH
  6
BYLAYER
 62
  256
 10
36660.88959759075
 20
-545.9395204819275
 30
0
 11
36661.88959759075
 21
-545.9395204819275
 31
0
 12
36661.38959759075
 22
-548.9395204819275
 32
0
 13
36661.38959759075
 23
-548.9395204819275
 33
0
  0
POINT
  5
53
  8
DEFPOINTS
  6
BYLAYER
 62
    0
 10
36666.31314333928
 20
-428.9395204819277
  0
POINT
  5
54
  8
DEFPOINTS
  6
BYLAYER
 62
    0
 10
36666.31314333928
 20
-548.9395204819275
  0
POINT
  5
55
  8
DEFPOINTS
  6
BYLAYER
 62
    0
 10
36661.38959759075
 20
-548.9395204819275
  0
ENDBLK
  8
0
  0
BLOCK
  8
0
  2
DOOR40
 70
   64
 10
0
 20
0
  3
DOOR40
  1

  0
LINE
  5
56
  8
DOOR
  6
BYLAYER
 62
  256
 10
2
 20
5
 11
2
 21
40.99999999999977
  0
LINE
  5
57
  8
DOOR
  6
BYLAYER
 62
  256
 10
3.5
 20
5
 11
3.500000000003638
 21
40.96873642484502
  0
LINE
  5
58
  8
DOOR
  6
BYLAYER
 62
  256
 10
2
 20
5
 11
3.5
 21
5
  0
ARC
  5
59
  8
DOOR
  6
BYLAYER
 62
  256
 10
2
 20
5
 40
36
 50
0
 51
90
  0
ENDBLK
  8
0
  0
BLOCK
  8
0
  2
A$C64AA05FE
 70
   64
 10
0
 20
0
  3
A$C64AA05FE
  1

  0
ARC
  5
5A
  8
FUR
  6
BYLAYER
 62
   30
 10
4.347723644070356
 20
1.83022549748091
 40
1.745939511078038
 50
259.2480456460191
 51
339.4059441813255
  0
ARC
  5
5B
  8
FUR
  6
BYLAYER
 62
   30
 10
4.580357597678812
 20
18.52827266087513
 40
1.745939511078038
 50
18.99769172631316
 51
99.15559026155805
  0
LINE
  5
5C
  8
FUR
  6
BYLAYER
 62
   30
 10
0.009416436671017436
 20
14.8839235346353
 11
0.1197413237860019
 21
5.35406651226765
  0
ARC
  5
5D
  8
FUR
  6
BYLAYER
 62
   30
 10
4.76578405384862
 20
4.741754326391288
 40
4.686218012697843
 50
172.4921322371654
 51
260.8676136586579
  0
ARC
  5
5E
  8
FUR
  6
BYLAYER
 62
   30
 10
5.116767038711259
 20
15.20003741483777
 40
5.117124012311482
 50
99.15559026155805
 51
183.5417415923794
  0
ARC
  5
5F
  8
FUR
  6
BYLAYER
 62
   30
 10
5.046571479157137
 20
10.15084515668821
 40
13.58885032018307
 50
339.7256801689616
 51
15.7180097797804
  0
ARC
  5
60
  8
FUR
  6
BYLAYER
 62
   30
 10
4.921029027031182
 20
10.17288240534651
 40
13.4685388907141
 50
339.7597961280311
 51
18.64383977954438
  0
ARC
  5
61
  8
FUR
  6
BYLAYER
 62
   30
 10
6.169236320762138
 20
10.13548790959283
 40
10.25972968741664
 50
309.6116634892381
 51
49.31520251110173
  0
ARC
  5
62
  8
FUR
  6
BYLAYER
 62
   30
 10
4.965254906132031
 20
10.17226625897854
 40
14.95430591117133
 50
340.052608655419
 51
18.3510272522182
  0
ARC
  5
63
  8
FUR
  6
BYLAYER
 62
   30
 10
14.26751896523638
 20
6.508334931186596
 40
3.764326887465982
 50
301.0792312219046
 51
343.1750960254683
  0
ARC
  5
64
  8
FUR
  6
BYLAYER
 62
   30
 10
14.26751896523638
 20
6.508334931186596
 40
3.437520677722433
 50
287.2693871070273
 51
343.1750960254683
  0
ARC
  5
65
  8
FUR
  6
BYLAYER
 62
   30
 10
14.26751896523638
 20
6.508334931186596
 40
4.967517869086151
 50
305.590957928761
 51
343.1750960254683
  0
ARC
  5
66
  8
FUR
  6
BYLAYER
 62
   30
 10
9.130352414667868
 20
15.33898931947294
 40
13.83439606323583
 50
265.3493181507434
 51
296.7724826853392
  0
ARC
  5
67
  8
FUR
  6
BYLAYER
 62
   30
 10
9.132933989490994
 20
15.34402094215727
 40
13.59178389016618
 50
265.4573353143643
 51
296.9267990158216
  0
ARC
  5
68
  8
FUR
  6
BYLAYER
 62
   30
 10
16.388203447048
 20
2.989953196487818
 40
0.3437520677722433
 50
121.0792312219046
 51
242.9757162612117
  0
ARC
  5
69
  8
FUR
  6
BYLAYER
 62
   30
 10
18.37414131826517
 20
6.883495314232619
 40
4.924498400164897
 50
232.290621383561
 51
246.9362459019548
  0
ARC
  5
6A
  8
FUR
  6
BYLAYER
 62
   30
 10
13.08508991944473
 20
-5.331129539077324
 40
8.551148068338851
 50
126.4168672621682
 51
134.9699863505619
  0
ARC
  5
6B
  8
FUR
  6
BYLAYER
 62
   30
 10
7.335284031625633
 20
0.3730158743968559
 40
1.594341378103196
 50
63.10701040478659
 51
148.0757061708485
  0
ARC
  5
6C
  8
FUR
  6
BYLAYER
 62
   30
 10
16.95852589807146
 20
2.748322714080473
 40
0.3437520677722433
 50
251.1021158961756
 51
305.590957928761
  0
ARC
  5
6D
  8
FUR
  6
BYLAYER
 62
   30
 10
18.37414131826517
 20
6.883495314232619
 40
4.714520816065674
 50
242.9757162612117
 51
251.1021158961756
  0
ARC
  5
6E
  8
FUR
  6
BYLAYER
 62
   30
 10
16.31027706829991
 20
2.036338688882438
 40
0.3437520677722433
 50
289.2295863074959
 51
66.93624590195482
  0
ARC
  5
6F
  8
FUR
  6
BYLAYER
 62
   30
 10
7.284625438540388
 20
0.4754151232813228
 40
0.3437520677722433
 50
134.9699863505619
 51
257.3647557324139
  0
ARC
  5
70
  8
FUR
  6
BYLAYER
 62
   30
 10
9.300589998267242
 20
15.67440137212213
 40
15.67453169423322
 50
262.3332426447334
 51
297.0279611048667
  0
ARC
  5
71
  8
FUR
  6
BYLAYER
 62
   30
 10
14.36597916552455
 20
13.57563118196811
 40
4.967517869086151
 50
15.22853988214525
 51
52.81267797886367
  0
ARC
  5
72
  8
FUR
  6
BYLAYER
 62
   30
 10
14.36597916552455
 20
13.57563118196811
 40
3.764326887465982
 50
4.809785164577015
 51
57.3244046857366
  0
ARC
  5
73
  8
FUR
  6
BYLAYER
 62
   30
 10
14.36597916552455
 20
13.57563118196811
 40
3.437520677722433
 50
15.22853988214525
 51
71.1342488006551
  0
ARC
  5
74
  8
FUR
  6
BYLAYER
 62
   30
 10
13.51383526482823
 20
25.44344092777862
 40
8.551148068338851
 50
223.4336495570589
 51
231.9867686454698
  0
ARC
  5
75
  8
FUR
  6
BYLAYER
 62
   30
 10
7.553862121138081
 20
19.80074040084253
 40
0.3437520677722433
 50
101.0388801752335
 51
223.4336495570589
  0
ARC
  5
76
  8
FUR
  6
BYLAYER
 62
   30
 10
16.53252623071967
 20
17.9889842012675
 40
0.3437520677722433
 50
291.4673900056995
 51
69.17404960007703
  0
ARC
  5
77
  8
FUR
  6
BYLAYER
 62
   30
 10
17.16068886850371
 20
17.25921745913763
 40
0.3437520677722433
 50
52.81267797886367
 51
107.3015200114097
  0
ARC
  5
78
  8
FUR
  6
BYLAYER
 62
   30
 10
16.58385637676474
 20
17.0335689168536
 40
0.3437520677722433
 50
115.4279196463546
 51
237.3244046857366
  0
ARC
  5
79
  8
FUR
  6
BYLAYER
 62
   30
 10
18.46055638158941
 20
13.08621327756225
 40
4.714520816065674
 50
107.3015200114058
 51
115.4279196463546
  0
ARC
  5
7A
  8
FUR
  6
BYLAYER
 62
   30
 10
18.46055638158941
 20
13.08621327756225
 40
4.924498400164897
 50
111.4673900056995
 51
126.1130145241165
  0
ARC
  5
7B
  8
FUR
  6
BYLAYER
 62
   30
 10
8.98480024798846
 20
4.891516342122827
 40
13.83439606323555
 50
61.63115322231875
 51
93.05431775686998
  0
ARC
  5
7C
  8
FUR
  6
BYLAYER
 62
   30
 10
8.987240648886655
 20
4.886414754273915
 40
13.59178389016592
 50
61.47683689174038
 51
92.94630059327312
  0
ARC
  5
7D
  8
FUR
  6
BYLAYER
 62
   30
 10
7.607353712110125
 20
19.90168864958503
 40
1.594341378103208
 50
210.3279297367418
 51
295.2966255027745
  0
ARC
  5
7E
  8
FUR
  6
BYLAYER
 62
   30
 10
9.145627782136216
 20
4.551491954491553
 40
15.67453169423328
 50
61.37567480274993
 51
96.07039326285027
  0
ARC
  5
7F
  8
FUR
  6
BYLAYER
 62
   30
 10
18.45959174229574
 20
13.92008549500713
 40
0.3437520677722433
 50
184.809785164577
 51
194.8292285937887
  0
ENDBLK
  8
0
  0
BLOCK
  8
0
  2
_ARCHTICK
 70
   64
 10
0
 20
0
  3
_ARCHTICK
  1

  0
ENDBLK
  8
0
  0
BLOCK
  8
0
  2
*D10
 70
   65
 10
0
 20
0
  3
*D10
  1

  0
LINE
  5
80
  8
HATCH
  6
BYLAYER
 62
  256
 10
36776.31314333927
 20
-708.9159921139653
 11
36776.31314333927
 21
-708.7869782690104
  0
LINE
  5
81
  8
HATCH
  6
BYLAYER
 62
  256
 10
36920.31314333927
 20
-708.9159921139496
 11
36920.31314333927
 21
-708.7869782690104
  0
LINE
  5
82
  8
HATCH
  6
BYLAYER
 62
  256
 10
36779.31314333927
 20
-705.7869782690104
 11
36837.84445647059
 21
-705.7869782690104
  0
LINE
  5
83
  8
HATCH
  6
BYLAYER
 62
  256
 10
36917.31314333927
 20
-705.7869782690104
 11
36858.78183020795
 21
-705.7869782690104
  0
SOLID
  5
84
  8
HATCH
  6
BYLAYER
 62
  256
 10
36779.31314333927
 20
-705.2869782690104
 30
0
 11
36779.31314333927
 21
-706.2869782690104
 31
0
 12
36776.31314333927
 22
-705.7869782690104
 32
0
 13
36776.31314333927
 23
-705.7869782690104
 33
0
  0
SOLID
  5
85
  8
HATCH
  6
BYLAYER
 62
  256
 10
36917.31314333927
 20
-705.2869782690104
 30
0
 11
36917.31314333927
 21
-706.2869782690104
 31
0
 12
36920.31314333927
 22
-705.7869782690104
 32
0
 13
36920.31314333927
 23
-705.7869782690104
 33
0
  0
POINT
  5
86
  8
DEFPOINTS
  6
BYLAYER
 62
    0
 10
36776.31314333927
 20
-704.9159921139653
  0
POINT
  5
87
  8
DEFPOINTS
  6
BYLAYER
 62
    0
 10
36920.31314333927
 20
-704.9159921139496
  0
POINT
  5
88
  8
DEFPOINTS
  6
BYLAYER
 62
    0
 10
36920.31314333927
 20
-705.7869782690104
  0
ENDBLK
  8
0
  0
BLOCK
  8
0
  2
A$C625A09C8
 70
   64
 10
0
 20
0
  3
A$C625A09C8
  1

  0
ARC
  5
89
  8
FURN
  6
BYLAYER
 62
  256
 10
8.049295307377179
 20
23.51821020373876
 30
-5.419336637100914e-18
 40
6.429308357938145
 50
266.3715658508289
 51
282.2561728934731
  0
ARC
  5
8A
  8
FURN
  6
BYLAYER
 62
  256
 10
9.542866009160207
 20
15.40033562577224
 30
-5.419336637100914e-18
 40
1.839611615414575
 50
94.01290386101091
 51
139.5810978301151
  0
ARC
  5
8B
  8
FURN
  6
BYLAYER
 62
  256
 10
7.444606007287803
 20
7.529133055414377
 30
-5.419336637100914e-18
 40
7.232877102657498
 50
74.03692794056504
 51
110.3493486442045
  0
LINE
  5
8C
  8
DWGMODELS.COM
  6
BYLAYER
 62
  183
 10
8.115414170384611
 20
1.416177944085803
 30
-5.419336637100914e-18
 11
8.083540511277533
 21
0.8437308800626511
 31
-5.419336637100914e-18
  0
ARC
  5
8D
  8
DWGMODELS.COM
  6
BYLAYER
 62
  256
 10
9.846048426068592
 20
-5.638649904882016
 30
-5.419336637100914e-18
 40
17.81325544848426
 50
71.05766045513134
 51
108.9423395448687
  0
ARC
  5
8E
  8
DWGMODELS.COM
  6
BYLAYER
 62
  256
 10
13.60033189602473
 20
1.509914365406757
 30
-5.419336637100914e-18
 40
9.909798015415991
 50
78.19008945014234
 51
164.2291889944024
  0
LINE
  5
8F
  8
FURN
  6
BYLAYER
 62
   30
 10
15.85381554917694
 20
18.76396477543062
 30
-5.419336637100914e-18
 11
3.838281302963878
 21
18.76396477543062
 31
-5.419336637100914e-18
  0
ARC
  5
90
  8
FURN
  6
BYLAYER
 62
  256
 10
10.41700945032426
 20
8.926645170106553
 30
-5.419336637100914e-18
 40
5.290462079227955
 50
281.6165509542513
 51
350.0893789074364
  0
ARC
  5
91
  8
DWGMODELS.COM
  6
BYLAYER
 62
  256
 10
11.77124327023557
 20
6.059930571545237
 30
-5.419336637100914e-18
 40
2.019909441876073
 50
314.8951845812641
 51
12.88442716534872
  0
ARC
  5
92
  8
DWGMODELS.COM
  6
BYLAYER
 62
  256
 10
11.31100412322849
 20
5.693287715274892
 30
-5.419336637100914e-18
 40
1.956254917810256
 50
275.0234789634206
 51
26.5164631753512
  0
LINE
  5
93
  8
DWGMODELS.COM
  6
BYLAYER
 62
  183
 10
10.18357975945401
 20
1.303870307056854
 30
-5.419336637100914e-18
 11
10.50483090873604
 21
0.9299210401394475
 31
-5.419336637100914e-18
  0
LINE
  5
94
  8
DWGMODELS.COM
  6
BYLAYER
 62
  183
 10
10.21151473508871
 20
1.354102103966454
 30
-5.419336637100914e-18
 11
10.67404538973642
 21
1.091538827325564
 31
-5.419336637100914e-18
  0
LINE
  5
95
  8
DWGMODELS.COM
  6
BYLAYER
 62
  183
 10
10.13781913531784
 20
1.416177944085803
 30
-5.419336637100914e-18
 11
10.67311118620273
 21
1.308957540626693
 31
-5.419336637100914e-18
  0
LINE
  5
96
  8
DWGMODELS.COM
  6
BYLAYER
 62
  183
 10
9.71908150150557
 20
1.416177944085803
 30
-5.419336637100914e-18
 11
9.782828818850248
 21
0.8755304417571779
 31
-5.419336637100914e-18
  0
LINE
  5
97
  8
DWGMODELS.COM
  6
BYLAYER
 62
  183
 10
10.13339788773737
 20
1.416177944085803
 30
-5.419336637100914e-18
 11
10.19714520508205
 21
0.8755304417571779
 31
-5.419336637100914e-18
  0
LINE
  5
98
  8
DWGMODELS.COM
  6
BYLAYER
 62
  183
 10
9.942155933080357
 20
1.41175669606821
 30
-5.419336637100914e-18
 11
9.878449796178757
 21
0.8755304417571779
 31
-5.419336637100914e-18
  0
LINE
  5
99
  8
DWGMODELS.COM
  6
BYLAYER
 62
  183
 10
9.527880728168384
 20
1.416177944085803
 30
-5.419336637100914e-18
 11
9.496007069057669
 21
0.8437308800626511
 31
-5.419336637100914e-18
  0
LINE
  5
9A
  8
DWGMODELS.COM
  6
BYLAYER
 62
  183
 10
9.336679954827559
 20
1.416177944085803
 30
-5.419336637100914e-18
 11
9.304806295720482
 21
0.8437308800626511
 31
-5.419336637100914e-18
  0
LINE
  5
9B
  8
DWGMODELS.COM
  6
BYLAYER
 62
  183
 10
8.784637467731955
 20
1.416177944085803
 30
-5.419336637100914e-18
 11
8.784637467731955
 21
0.8755304417571779
 31
-5.419336637100914e-18
  0
LINE
  5
9C
  8
DWGMODELS.COM
  6
BYLAYER
 62
  183
 10
9.209185318388336
 20
1.416177944085803
 30
-5.419336637100914e-18
 11
9.177311660154373
 21
0.8437308800626511
 31
-5.419336637100914e-18
  0
LINE
  5
9D
  8
DWGMODELS.COM
  6
BYLAYER
 62
  183
 10
9.017984545924264
 20
1.416177944085803
 30
-5.419336637100914e-18
 11
9.017984545924264
 21
0.9073300034516478
 31
-5.419336637100914e-18
  0
LINE
  5
9E
  8
DWGMODELS.COM
  6
BYLAYER
 62
  183
 10
8.179161488606042
 20
1.416177944085803
 30
-5.419336637100914e-18
 11
8.179161488606042
 21
0.8755304417571779
 31
-5.419336637100914e-18
  0
LINE
  5
9F
  8
DWGMODELS.COM
  6
BYLAYER
 62
  183
 10
8.593436693518015
 20
1.416177944085803
 30
-5.419336637100914e-18
 11
8.593436693518015
 21
0.8755304417571779
 31
-5.419336637100914e-18
  0
LINE
  5
A0
  8
DWGMODELS.COM
  6
BYLAYER
 62
  183
 10
8.370362261943228
 20
1.416177944085803
 30
-5.419336637100914e-18
 11
8.370362261943228
 21
0.8755304417571779
 31
-5.419336637100914e-18
  0
LINE
  5
A1
  8
DWGMODELS.COM
  6
BYLAYER
 62
  183
 10
10.13339788773737
 20
2.9891116124777
 30
-5.419336637100914e-18
 11
10.67404538973642
 21
2.9891116124777
 31
-5.419336637100914e-18
  0
LINE
  5
A2
  8
DWGMODELS.COM
  6
BYLAYER
 62
  183
 10
10.13339788773737
 20
2.925364294586359
 30
-5.419336637100914e-18
 11
10.70584495132425
 21
2.893490635586033
 31
-5.419336637100914e-18
  0
LINE
  5
A3
  8
DWGMODELS.COM
  6
BYLAYER
 62
  183
 10
10.13339788773737
 20
3.25579569928351
 30
-5.419336637100914e-18
 11
10.67404538973642
 21
3.25579569928351
 31
-5.419336637100914e-18
  0
LINE
  5
A4
  8
DWGMODELS.COM
  6
BYLAYER
 62
  183
 10
10.13339788773737
 20
3.116565067924796
 30
-5.419336637100914e-18
 11
10.67404538973642
 21
3.180312385816194
 31
-5.419336637100914e-18
  0
LINE
  5
A5
  8
DWGMODELS.COM
  6
BYLAYER
 62
  183
 10
10.13339788773737
 20
1.959672591618016
 30
-5.419336637100914e-18
 11
10.67404538973642
 21
2.023419909509414
 31
-5.419336637100914e-18
  0
LINE
  5
A6
  8
DWGMODELS.COM
  6
BYLAYER
 62
  183
 10
10.13339788773737
 20
2.336459599811462
 30
-5.419336637100914e-18
 11
10.67311118620273
 21
2.336459599811462
 31
-5.419336637100914e-18
  0
LINE
  5
A7
  8
DWGMODELS.COM
  6
BYLAYER
 62
  183
 10
10.13339788773737
 20
2.494575649514275
 30
-5.419336637100914e-18
 11
10.67404538973642
 21
2.430344247533071
 31
-5.419336637100914e-18
  0
LINE
  5
A8
  8
DWGMODELS.COM
  6
BYLAYER
 62
  183
 10
10.26210892094241
 20
2.825457896658293
 30
-5.419336637100914e-18
 11
10.67404538973642
 21
2.825457896658293
 31
-5.419336637100914e-18
  0
LINE
  5
A9
  8
DWGMODELS.COM
  6
BYLAYER
 62
  183
 10
10.13339788773737
 20
2.647762960834143
 30
-5.419336637100914e-18
 11
10.67311118620273
 21
2.647762960834143
 31
-5.419336637100914e-18
  0
LINE
  5
AA
  8
DWGMODELS.COM
  6
BYLAYER
 62
  183
 10
10.25070751888416
 20
2.882673453977873
 30
-5.419336637100914e-18
 11
10.70584495132425
 21
2.857331555658618
 31
-5.419336637100914e-18
  0
LINE
  5
AB
  8
DWGMODELS.COM
  6
BYLAYER
 62
  183
 10
10.19656500877318
 20
3.076888863908266
 30
-5.419336637100914e-18
 11
10.70584495132425
 21
3.048532328997112
 31
-5.419336637100914e-18
  0
LINE
  5
AC
  8
DWGMODELS.COM
  6
BYLAYER
 62
  183
 10
10.13339788773737
 20
3.271606761226622
 30
-5.419336637100914e-18
 11
10.67404538973642
 21
3.335354079227272
 31
-5.419336637100914e-18
  0
LINE
  5
AD
  8
DWGMODELS.COM
  6
BYLAYER
 62
  183
 10
10.20017711533728
 20
1.562152936925941
 30
-5.419336637100914e-18
 11
10.67404538973642
 21
1.505855213338464
 31
-5.419336637100914e-18
  0
LINE
  5
AE
  8
DWGMODELS.COM
  6
BYLAYER
 62
  183
 10
10.13339788773737
 20
1.92214321368931
 30
-5.419336637100914e-18
 11
10.67311118620273
 21
1.92214321368931
 31
-5.419336637100914e-18
  0
LINE
  5
AF
  8
DWGMODELS.COM
  6
BYLAYER
 62
  183
 10
10.24254208377533
 20
1.723273926639536
 30
-5.419336637100914e-18
 11
10.67311118620273
 21
1.723273926639536
 31
-5.419336637100914e-18
  0
ARC
  5
B0
  8
DWGMODELS.COM
  6
BYLAYER
 62
  256
 10
13.57632066826409
 20
8.652770998187293
 30
-5.419336637100914e-18
 40
2.1486964399416
 50
256.136517325779
 51
342.7640024535654
  0
ARC
  5
B1
  8
DWGMODELS.COM
  6
BYLAYER
 62
  256
 10
12.46283474332449
 20
6.042783362216881
 30
-5.419336637100914e-18
 40
1.413298055701976
 50
321.4661657854306
 51
11.64093500027731
  0
ARC
  5
B2
  8
DWGMODELS.COM
  6
BYLAYER
 62
  256
 10
11.93656768977962
 20
6.522940115081497
 30
-5.419336637100914e-18
 40
2.391225038728332
 50
326.589705203936
 51
2.775316133789649
  0
ARC
  5
B3
  8
FURN
  6
BYLAYER
 62
  256
 10
14.64534024271416
 20
88.51495861763283
 30
-5.419336637100914e-18
 40
74.032968403563
 50
267.3165716907175
 51
269.7724086938061
  0
LINE
  5
B4
  8
FURN
  6
BYLAYER
 62
  256
 10
15.62852428186306
 20
18.29985119891063
 30
-5.419336637100914e-18
 11
4.063572570274118
 21
18.29985119891063
 31
-5.419336637100914e-18
  0
ARC
  5
B5
  8
FURN
  6
BYLAYER
 62
  256
 10
12.2726656413688
 20
17.0458312249034
 30
-5.419336637100914e-18
 40
2.316382130091473
 50
341.3058141415549
 51
4.695159724196829
  0
ARC
  5
B6
  8
FURN
  6
BYLAYER
 62
  256
 10
26.71227434679167
 20
15.27299475463576
 30
-5.419336637100914e-18
 40
12.28870751279765
 50
170.8108198613142
 51
175.1901538258122
  0
ARC
  5
B7
  8
FURN
  6
BYLAYER
 62
  256
 10
13.73469372747059
 20
19.28106669385022
 30
-5.419336637100914e-18
 40
2.213887939444435
 50
275.7330382304104
 51
292.4821500625846
  0
ARC
  5
B8
  8
FURN
  6
BYLAYER
 62
  256
 10
14.71001281220015
 20
15.40033562577224
 30
-5.419336637100914e-18
 40
1.839611615414575
 50
94.01290386101091
 51
139.5810978301151
  0
ARC
  5
B9
  8
FURN
  6
BYLAYER
 62
  256
 10
13.12968962305604
 20
14.40142846706937
 30
-5.419336637100914e-18
 40
1.459288977957638
 50
354.110023533135
 51
53.42890246392998
  0
ARC
  5
BA
  8
FURN
  6
BYLAYER
 62
  256
 10
18.15913596071914
 20
15.27597139871779
 30
-5.419336637100914e-18
 40
3.721594732748701
 50
171.2929088693153
 51
195.9756967965507
  0
ARC
  5
BB
  8
FURN
  6
BYLAYER
 62
  256
 10
14.71001281220015
 20
16.08677986136559
 30
-5.419336637100914e-18
 40
1.839611615414575
 50
261.6583423855308
 51
265.9870961389891
  0
ARC
  5
BC
  8
FURN
  6
BYLAYER
 62
  256
 10
14.60716743814919
 20
14.67858468958656
 30
-5.419336637100914e-18
 40
0.4276907980343915
 50
211.4588158733777
 51
266.5291459923153
  0
ARC
  5
BD
  8
FURN
  6
BYLAYER
 62
  256
 10
32.19871022104053
 20
16.64687143432428
 30
-5.419336637100914e-18
 40
17.73666992954318
 50
181.1123550095313
 51
182.609458306144
  0
ARC
  5
BE
  8
FURN
  6
BYLAYER
 62
  256
 10
14.71516906917532
 20
16.07844862598722
 30
-5.419336637100914e-18
 40
0.3350607859482206
 50
137.8286592946411
 51
225.5264042921725
  0
ARC
  5
BF
  8
FURN
  6
BYLAYER
 62
  256
 10
14.36690766573156
 20
16.06556622942981
 30
-5.419336637100914e-18
 40
0.7738217574643704
 50
78.22069032002342
 51
132.5490891325968
  0
ARC
  5
C0
  8
FURN
  6
BYLAYER
 62
  256
 10
14.69061693892581
 20
16.12306685449761
 30
-5.419336637100914e-18
 40
0.7149802889081688
 50
107.8616722251402
 51
156.1244312971758
  0
ARC
  5
C1
  8
FURN
  6
BYLAYER
 62
  256
 10
15.62852428186306
 20
18.52514246600526
 30
-5.419336637100914e-18
 40
0.2252912671033832
 50
270
 51
0
  0
ARC
  5
C2
  8
FURN
  6
BYLAYER
 62
  256
 10
9.627518609435356
 20
16.55786362028437
 30
-5.419336637100914e-18
 40
1.32722313878722
 50
338.3017347144728
 51
28.22635995649274
  0
ARC
  5
C3
  8
FURN
  6
BYLAYER
 62
  256
 10
11.89358766537771
 20
16.59935299764351
 30
-5.419336637100914e-18
 40
1.243524258056251
 50
151.8731337594828
 51
216.2611200490873
  0
ARC
  5
C4
  8
FURN
  6
BYLAYER
 62
  256
 10
12.09696963162787
 20
16.30187132536747
 30
-5.419336637100914e-18
 40
2.840631059355101
 50
160.8133065138497
 51
186.5053069634689
  0
ARC
  5
C5
  8
FURN
  6
BYLAYER
 62
  256
 10
7.962542820016097
 20
17.08568702006846
 30
-5.419336637100914e-18
 40
1.459288977957638
 50
306.57109753607
 51
5.889976466864948
  0
ARC
  5
C6
  8
FURN
  6
BYLAYER
 62
  256
 10
10.66744791423116
 20
16.22841169048905
 30
-5.419336637100914e-18
 40
0.9658866665731952
 50
19.0224557007069
 51
82.29683428558458
  0
ARC
  5
C7
  8
FURN
  6
BYLAYER
 62
  256
 10
9.577715201077808
 20
15.29397206684371
 30
-5.419336637100914e-18
 40
1.377073556068574
 50
343.7699555624797
 51
4.776715332788442
  0
ARC
  5
C8
  8
FURN
  6
BYLAYER
 62
  256
 10
11.84933260509206
 20
14.90000171043044
 30
-5.419336637100914e-18
 40
1.143423517034392
 50
146.9521873041996
 51
202.5533307199391
  0
ARC
  5
C9
  8
FURN
  6
BYLAYER
 62
  256
 10
11.17568044024665
 20
14.60369158690764
 30
-5.419336637100914e-18
 40
0.3278362886191951
 50
106.7005308541576
 51
196.6479432014597
  0
ARC
  5
CA
  8
FURN
  6
BYLAYER
 62
  256
 10
11.08998296049322
 20
14.1190237906639
 30
-5.419336637100914e-18
 40
0.453038156305888
 50
78.62976968094488
 51
130.9009409323365
  0
ARC
  5
CB
  8
FURN
  6
BYLAYER
 62
  256
 10
12.11224230236621
 20
15.90157893532029
 30
-5.419336637100914e-18
 40
1.262448981140997
 50
172.4632442471801
 51
202.9830351376349
  0
ARC
  5
CC
  8
FURN
  6
BYLAYER
 62
  256
 10
11.73376024860772
 20
15.30486137257469
 30
-5.419336637100914e-18
 40
2.47749040768948
 50
176.4445883204249
 51
196.2045652587274
  0
ARC
  5
CD
  8
FURN
  6
BYLAYER
 62
  256
 10
7.907607951772661
 20
14.35199845287127
 30
-5.419336637100914e-18
 40
1.53178863042483
 50
4.909953780344741
 51
52.88025221858135
  0
ARC
  5
CE
  8
FURN
  6
BYLAYER
 62
  256
 10
8.950471615051356
 20
15.72754034046392
 30
-5.419336637100914e-18
 40
0.4108945732882934
 50
319.0979953724188
 51
37.91670997323407
  0
LINE
  5
CF
  8
DWGMODELS.COM
  6
BYLAYER
 62
  183
 10
7.541729489479621
 20
1.416177944085803
 30
-5.419336637100914e-18
 11
7.605476807701052
 21
0.8755304417571779
 31
-5.419336637100914e-18
  0
LINE
  5
D0
  8
DWGMODELS.COM
  6
BYLAYER
 62
  183
 10
7.918516497236851
 20
1.41175669606821
 30
-5.419336637100914e-18
 11
7.918516497236851
 21
0.8764646454023364
 31
-5.419336637100914e-18
  0
LINE
  5
D1
  8
DWGMODELS.COM
  6
BYLAYER
 62
  183
 10
7.764803921927523
 20
1.41175669606821
 30
-5.419336637100914e-18
 11
7.701097784152807
 21
0.8755304417571779
 31
-5.419336637100914e-18
  0
LINE
  5
D2
  8
DWGMODELS.COM
  6
BYLAYER
 62
  183
 10
7.414276034360228
 20
1.416177944085803
 30
-5.419336637100914e-18
 11
7.414276034360228
 21
0.8755304417571779
 31
-5.419336637100914e-18
  0
LINE
  5
D3
  8
DWGMODELS.COM
  6
BYLAYER
 62
  183
 10
7.350528716142435
 20
1.416177944085803
 30
-5.419336637100914e-18
 11
7.318655057031719
 21
0.8437308800626511
 31
-5.419336637100914e-18
  0
LINE
  5
D4
  8
DWGMODELS.COM
  6
BYLAYER
 62
  183
 10
7.127454283694533
 20
1.416177944085803
 30
-5.419336637100914e-18
 11
7.095580624583818
 21
0.8437308800626511
 31
-5.419336637100914e-18
  0
LINE
  5
D5
  8
DWGMODELS.COM
  6
BYLAYER
 62
  183
 10
6.53853933643768
 20
1.416177944085803
 30
-5.419336637100914e-18
 11
6.506665678203717
 21
0.8437308800626511
 31
-5.419336637100914e-18
  0
LINE
  5
D6
  8
DWGMODELS.COM
  6
BYLAYER
 62
  183
 10
6.585643261900259
 20
1.41175669606821
 30
-5.419336637100914e-18
 11
6.521937124998658
 21
0.8755304417571779
 31
-5.419336637100914e-18
  0
LINE
  5
D7
  8
DWGMODELS.COM
  6
BYLAYER
 62
  183
 10
6.60228665465911
 20
1.416177944085803
 30
-5.419336637100914e-18
 11
6.60228665465911
 21
0.8755304417571779
 31
-5.419336637100914e-18
  0
LINE
  5
D8
  8
DWGMODELS.COM
  6
BYLAYER
 62
  183
 10
6.739355838082702
 20
1.41175669606821
 30
-5.419336637100914e-18
 11
6.739355838082702
 21
0.8764646454023364
 31
-5.419336637100914e-18
  0
LINE
  5
D9
  8
DWGMODELS.COM
  6
BYLAYER
 62
  183
 10
7.000000828575139
 20
1.416177944085803
 30
-5.419336637100914e-18
 11
7.000000828575139
 21
0.8755304417571779
 31
-5.419336637100914e-18
  0
LINE
  5
DA
  8
DWGMODELS.COM
  6
BYLAYER
 62
  183
 10
6.936253510357346
 20
1.416177944085803
 30
-5.419336637100914e-18
 11
6.904379852119746
 21
0.8437308800626511
 31
-5.419336637100914e-18
  0
LINE
  5
DB
  8
DWGMODELS.COM
  6
BYLAYER
 62
  183
 10
6.315464904866531
 20
1.416177944085803
 30
-5.419336637100914e-18
 11
6.283591245755815
 21
0.8437308800626511
 31
-5.419336637100914e-18
  0
LINE
  5
DC
  8
DWGMODELS.COM
  6
BYLAYER
 62
  183
 10
6.379212223084323
 20
1.416177944085803
 30
-5.419336637100914e-18
 11
6.379212223084323
 21
0.8755304417571779
 31
-5.419336637100914e-18
  0
LINE
  5
DD
  8
DWGMODELS.COM
  6
BYLAYER
 62
  183
 10
6.188011448870384
 20
1.416177944085803
 30
-5.419336637100914e-18
 11
6.188011448870384
 21
0.8755304417571779
 31
-5.419336637100914e-18
  0
LINE
  5
DE
  8
DWGMODELS.COM
  6
BYLAYER
 62
  183
 10
6.124264131525706
 20
1.416177944085803
 30
-5.419336637100914e-18
 11
6.092390472418629
 21
0.8437308800626511
 31
-5.419336637100914e-18
  0
LINE
  5
DF
  8
DWGMODELS.COM
  6
BYLAYER
 62
  183
 10
4.81026031125657
 20
1.41175669606821
 30
-5.419336637100914e-18
 11
4.746554174354969
 21
0.8755304417571779
 31
-5.419336637100914e-18
  0
LINE
  5
E0
  8
DWGMODELS.COM
  6
BYLAYER
 62
  183
 10
5.62474890089652
 20
1.416177944085803
 30
-5.419336637100914e-18
 11
5.592875241785805
 21
0.8437308800626511
 31
-5.419336637100914e-18
  0
LINE
  5
E1
  8
DWGMODELS.COM
  6
BYLAYER
 62
  183
 10
5.441828625571361
 20
1.416177944085803
 30
-5.419336637100914e-18
 11
5.409954966460646
 21
0.8437308800626511
 31
-5.419336637100914e-18
  0
LINE
  5
E2
  8
DWGMODELS.COM
  6
BYLAYER
 62
  183
 10
5.505575943789154
 20
1.416177944085803
 30
-5.419336637100914e-18
 11
5.505575943789154
 21
0.8755304417571779
 31
-5.419336637100914e-18
  0
LINE
  5
E3
  8
DWGMODELS.COM
  6
BYLAYER
 62
  183
 10
5.815949674237345
 20
1.416177944085803
 30
-5.419336637100914e-18
 11
5.784076015999744
 21
0.8437308800626511
 31
-5.419336637100914e-18
  0
LINE
  5
E4
  8
DWGMODELS.COM
  6
BYLAYER
 62
  183
 10
5.879696992455138
 20
1.416177944085803
 30
-5.419336637100914e-18
 11
5.879696992455138
 21
0.8755304417571779
 31
-5.419336637100914e-18
  0
LINE
  5
E5
  8
DWGMODELS.COM
  6
BYLAYER
 62
  183
 10
5.027553419786273
 20
1.416177944085803
 30
-5.419336637100914e-18
 11
4.995679760675557
 21
0.8437308800626511
 31
-5.419336637100914e-18
  0
LINE
  5
E6
  8
DWGMODELS.COM
  6
BYLAYER
 62
  183
 10
4.836352646445448
 20
1.416177944085803
 30
-5.419336637100914e-18
 11
4.804478987338371
 21
0.8437308800626511
 31
-5.419336637100914e-18
  0
LINE
  5
E7
  8
DWGMODELS.COM
  6
BYLAYER
 62
  183
 10
5.091300738004065
 20
1.416177944085803
 30
-5.419336637100914e-18
 11
5.091300738004065
 21
0.8755304417571779
 31
-5.419336637100914e-18
  0
LINE
  5
E8
  8
DWGMODELS.COM
  6
BYLAYER
 62
  183
 10
5.250627852234174
 20
1.416177944085803
 30
-5.419336637100914e-18
 11
5.218754193123459
 21
0.8437308800626511
 31
-5.419336637100914e-18
  0
LINE
  5
E9
  8
DWGMODELS.COM
  6
BYLAYER
 62
  183
 10
4.262667965540459
 20
1.416177944085803
 30
-5.419336637100914e-18
 11
4.326415283761889
 21
0.8755304417571779
 31
-5.419336637100914e-18
  0
LINE
  5
EA
  8
DWGMODELS.COM
  6
BYLAYER
 62
  183
 10
4.485742397988361
 20
1.41175669606821
 30
-5.419336637100914e-18
 11
4.422036260213645
 21
0.8755304417571779
 31
-5.419336637100914e-18
  0
LINE
  5
EB
  8
DWGMODELS.COM
  6
BYLAYER
 62
  183
 10
4.587185878808668
 20
1.416177944085803
 30
-5.419336637100914e-18
 11
4.650933197026461
 21
0.8755304417571779
 31
-5.419336637100914e-18
  0
LINE
  5
EC
  8
DWGMODELS.COM
  6
BYLAYER
 62
  183
 10
3.720939304635976
 20
1.416177944085803
 30
-5.419336637100914e-18
 11
3.720939304635976
 21
0.8755304417571779
 31
-5.419336637100914e-18
  0
LINE
  5
ED
  8
DWGMODELS.COM
  6
BYLAYER
 62
  183
 10
4.071467192203272
 20
1.416177944085803
 30
-5.419336637100914e-18
 11
4.039593533092557
 21
0.8437308800626511
 31
-5.419336637100914e-18
  0
LINE
  5
EE
  8
DWGMODELS.COM
  6
BYLAYER
 62
  183
 10
4.135214510421065
 20
1.416177944085803
 30
-5.419336637100914e-18
 11
4.135214510421065
 21
0.8755304417571779
 31
-5.419336637100914e-18
  0
LINE
  5
EF
  8
DWGMODELS.COM
  6
BYLAYER
 62
  183
 10
3.912140077973163
 20
1.416177944085803
 30
-5.419336637100914e-18
 11
3.912140077973163
 21
0.8755304417571779
 31
-5.419336637100914e-18
  0
LINE
  5
F0
  8
DWGMODELS.COM
  6
BYLAYER
 62
  183
 10
4.342437201015855
 20
1.416177944085803
 30
-5.419336637100914e-18
 11
4.342437201015855
 21
0.8755304417571779
 31
-5.419336637100914e-18
  0
LINE
  5
F1
  8
DWGMODELS.COM
  6
BYLAYER
 62
  183
 10
3.460294314143539
 20
1.41175669606821
 30
-5.419336637100914e-18
 11
3.460294314143539
 21
0.8764646454023364
 31
-5.419336637100914e-18
  0
LINE
  5
F2
  8
DWGMODELS.COM
  6
BYLAYER
 62
  183
 10
4.278689882794424
 20
1.416177944085803
 30
-5.419336637100914e-18
 11
4.246816224560462
 21
0.8437308800626511
 31
-5.419336637100914e-18
  0
LINE
  5
F3
  8
DWGMODELS.COM
  6
BYLAYER
 62
  183
 10
3.657191986418184
 20
1.416177944085803
 30
-5.419336637100914e-18
 11
3.625318328180583
 21
0.8437308800626511
 31
-5.419336637100914e-18
  0
LINE
  5
F4
  8
DWGMODELS.COM
  6
BYLAYER
 62
  183
 10
3.784106327795598
 20
1.416177944085803
 30
-5.419336637100914e-18
 11
3.784106327795598
 21
0.8755304417571779
 31
-5.419336637100914e-18
  0
LINE
  5
F5
  8
DWGMODELS.COM
  6
BYLAYER
 62
  183
 10
4.055615451223275
 20
1.416177944085803
 30
-5.419336637100914e-18
 11
4.02374179211256
 21
0.8437308800626511
 31
-5.419336637100914e-18
  0
LINE
  5
F6
  8
DWGMODELS.COM
  6
BYLAYER
 62
  183
 10
3.928161995227129
 20
1.416177944085803
 30
-5.419336637100914e-18
 11
3.928161995227129
 21
0.8755304417571779
 31
-5.419336637100914e-18
  0
LINE
  5
F7
  8
DWGMODELS.COM
  6
BYLAYER
 62
  183
 10
4.119362768567953
 20
1.416177944085803
 30
-5.419336637100914e-18
 11
4.119362768567953
 21
0.8755304417571779
 31
-5.419336637100914e-18
  0
LINE
  5
F8
  8
DWGMODELS.COM
  6
BYLAYER
 62
  183
 10
3.048602918162942
 20
1.41175669606821
 30
-5.419336637100914e-18
 11
2.984896780388226
 21
0.8755304417571779
 31
-5.419336637100914e-18
  0
LINE
  5
F9
  8
DWGMODELS.COM
  6
BYLAYER
 62
  183
 10
3.290729996977461
 20
1.416177944085803
 30
-5.419336637100914e-18
 11
3.354477315198892
 21
0.8755304417571779
 31
-5.419336637100914e-18
  0
LINE
  5
FA
  8
DWGMODELS.COM
  6
BYLAYER
 62
  183
 10
3.163276540984953
 20
1.416177944085803
 30
-5.419336637100914e-18
 11
3.163276540984953
 21
0.8755304417571779
 31
-5.419336637100914e-18
  0
LINE
  5
FB
  8
DWGMODELS.COM
  6
BYLAYER
 62
  183
 10
3.099529223640275
 20
1.416177944085803
 30
-5.419336637100914e-18
 11
3.067655564529559
 21
0.8437308800626511
 31
-5.419336637100914e-18
  0
LINE
  5
FC
  8
DWGMODELS.COM
  6
BYLAYER
 62
  183
 10
3.513804428552248
 20
1.41175669606821
 30
-5.419336637100914e-18
 11
3.450098291650647
 21
0.8755304417571779
 31
-5.419336637100914e-18
  0
LINE
  5
FD
  8
DWGMODELS.COM
  6
BYLAYER
 62
  183
 10
3.523461337299523
 20
1.41175669606821
 30
-5.419336637100914e-18
 11
3.523461337299523
 21
0.8764646454023364
 31
-5.419336637100914e-18
  0
LINE
  5
FE
  8
DWGMODELS.COM
  6
BYLAYER
 62
  183
 10
2.542462953937502
 20
1.416177944085803
 30
-5.419336637100914e-18
 11
2.60621027128218
 21
0.8755304417571779
 31
-5.419336637100914e-18
  0
LINE
  5
FF
  8
DWGMODELS.COM
  6
BYLAYER
 62
  183
 10
2.82552848571504
 20
1.416177944085803
 30
-5.419336637100914e-18
 11
2.889275803936471
 21
0.8755304417571779
 31
-5.419336637100914e-18
  0
LINE
  5
100
  8
DWGMODELS.COM
  6
BYLAYER
 62
  183
 10
2.972116948963958
 20
1.416177944085803
 30
-5.419336637100914e-18
 11
2.972116948963958
 21
0.8755304417571779
 31
-5.419336637100914e-18
  0
LINE
  5
101
  8
DWGMODELS.COM
  6
BYLAYER
 62
  183
 10
2.689051416313305
 20
1.416177944085803
 30
-5.419336637100914e-18
 11
2.689051416313305
 21
0.8755304417571779
 31
-5.419336637100914e-18
  0
LINE
  5
102
  8
DWGMODELS.COM
  6
BYLAYER
 62
  183
 10
1.541489854324027
 20
1.303870307056854
 30
-5.419336637100914e-18
 11
1.220238705041993
 21
0.9299210401394475
 31
-5.419336637100914e-18
  0
LINE
  5
103
  8
DWGMODELS.COM
  6
BYLAYER
 62
  183
 10
1.51355487868932
 20
1.354102103966454
 30
-5.419336637100914e-18
 11
1.051024224041612
 21
1.091538827325564
 31
-5.419336637100914e-18
  0
LINE
  5
104
  8
DWGMODELS.COM
  6
BYLAYER
 62
  183
 10
1.587250478460192
 20
1.476608611159236
 30
-5.419336637100914e-18
 11
1.0519584275753
 21
1.385884186658529
 31
-5.419336637100914e-18
  0
LINE
  5
105
  8
DWGMODELS.COM
  6
BYLAYER
 62
  183
 10
1.587250478460192
 20
1.416177944085803
 30
-5.419336637100914e-18
 11
1.0519584275753
 21
1.308957540626693
 31
-5.419336637100914e-18
  0
LINE
  5
106
  8
DWGMODELS.COM
  6
BYLAYER
 62
  183
 10
2.199145195412711
 20
1.416177944085803
 30
-5.419336637100914e-18
 11
2.262892513630504
 21
0.8755304417571779
 31
-5.419336637100914e-18
  0
LINE
  5
107
  8
DWGMODELS.COM
  6
BYLAYER
 62
  183
 10
2.345733657788514
 20
1.416177944085803
 30
-5.419336637100914e-18
 11
2.345733657788514
 21
0.8755304417571779
 31
-5.419336637100914e-18
  0
LINE
  5
108
  8
DWGMODELS.COM
  6
BYLAYER
 62
  183
 10
2.085130965024291
 20
1.41175669606821
 30
-5.419336637100914e-18
 11
2.085130965024291
 21
0.8764646454023364
 31
-5.419336637100914e-18
  0
LINE
  5
109
  8
DWGMODELS.COM
  6
BYLAYER
 62
  183
 10
2.428448723549081
 20
1.41175669606821
 30
-5.419336637100914e-18
 11
2.428448723549081
 21
0.8764646454023364
 31
-5.419336637100914e-18
  0
LINE
  5
10A
  8
DWGMODELS.COM
  6
BYLAYER
 62
  183
 10
1.923623332077113
 20
1.41175669606821
 30
-5.419336637100914e-18
 11
1.923623332077113
 21
0.8764646454023364
 31
-5.419336637100914e-18
  0
LINE
  5
10B
  8
DWGMODELS.COM
  6
BYLAYER
 62
  183
 10
1.840908266312908
 20
1.416177944085803
 30
-5.419336637100914e-18
 11
1.840908266312908
 21
0.8755304417571779
 31
-5.419336637100914e-18
  0
LINE
  5
10C
  8
DWGMODELS.COM
  6
BYLAYER
 62
  183
 10
1.694319803937105
 20
1.416177944085803
 30
-5.419336637100914e-18
 11
1.758067122158536
 21
0.8755304417571779
 31
-5.419336637100914e-18
  0
LINE
  5
10D
  8
DWGMODELS.COM
  6
BYLAYER
 62
  183
 10
1.591671726040659
 20
1.416177944085803
 30
-5.419336637100914e-18
 11
1.527924408695981
 21
0.8755304417571779
 31
-5.419336637100914e-18
  0
LINE
  5
10E
  8
DWGMODELS.COM
  6
BYLAYER
 62
  183
 10
1.591671726040659
 20
1.959672591618016
 30
-5.419336637100914e-18
 11
1.051024224041612
 21
2.023419909509414
 31
-5.419336637100914e-18
  0
LINE
  5
10F
  8
DWGMODELS.COM
  6
BYLAYER
 62
  183
 10
1.591671726040659
 20
2.336459599811462
 30
-5.419336637100914e-18
 11
1.0519584275753
 21
2.336459599811462
 31
-5.419336637100914e-18
  0
LINE
  5
110
  8
DWGMODELS.COM
  6
BYLAYER
 62
  183
 10
1.591671726040659
 20
2.494575649514275
 30
-5.419336637100914e-18
 11
1.051024224041612
 21
2.430344247533071
 31
-5.419336637100914e-18
  0
LINE
  5
111
  8
DWGMODELS.COM
  6
BYLAYER
 62
  183
 10
1.474362094893877
 20
2.882673453977873
 30
-5.419336637100914e-18
 11
1.01922466245378
 21
2.857331555658618
 31
-5.419336637100914e-18
  0
LINE
  5
112
  8
DWGMODELS.COM
  6
BYLAYER
 62
  183
 10
1.528504605004855
 20
3.076888863908266
 30
-5.419336637100914e-18
 11
1.01922466245378
 21
3.048532328997112
 31
-5.419336637100914e-18
  0
LINE
  5
113
  8
DWGMODELS.COM
  6
BYLAYER
 62
  183
 10
1.591671726040659
 20
3.520655355286806
 30
-5.419336637100914e-18
 11
1.01922466245378
 21
3.48878169639579
 31
-5.419336637100914e-18
  0
LINE
  5
114
  8
DWGMODELS.COM
  6
BYLAYER
 62
  183
 10
1.462960692835622
 20
2.825457896658293
 30
-5.419336637100914e-18
 11
1.051024224041612
 21
2.825457896658293
 31
-5.419336637100914e-18
  0
LINE
  5
115
  8
DWGMODELS.COM
  6
BYLAYER
 62
  183
 10
1.591671726040659
 20
3.514144484257201
 30
-5.419336637100914e-18
 11
1.051024224041612
 21
3.514144484257201
 31
-5.419336637100914e-18
  0
LINE
  5
116
  8
DWGMODELS.COM
  6
BYLAYER
 62
  183
 10
1.591671726040659
 20
2.647762960834143
 30
-5.419336637100914e-18
 11
1.0519584275753
 21
2.647762960834143
 31
-5.419336637100914e-18
  0
LINE
  5
117
  8
DWGMODELS.COM
  6
BYLAYER
 62
  183
 10
1.591671726040659
 20
3.271606761226622
 30
-5.419336637100914e-18
 11
1.051024224041612
 21
3.335354079227272
 31
-5.419336637100914e-18
  0
LINE
  5
118
  8
DWGMODELS.COM
  6
BYLAYER
 62
  183
 10
1.591671726040659
 20
3.456908037395465
 30
-5.419336637100914e-18
 11
1.051024224041612
 21
3.456908037395465
 31
-5.419336637100914e-18
  0
LINE
  5
119
  8
DWGMODELS.COM
  6
BYLAYER
 62
  183
 10
1.482527530002699
 20
1.723273926639536
 30
-5.419336637100914e-18
 11
1.0519584275753
 21
1.723273926639536
 31
-5.419336637100914e-18
  0
LINE
  5
11A
  8
DWGMODELS.COM
  6
BYLAYER
 62
  183
 10
1.524892498440749
 20
1.562152936925941
 30
-5.419336637100914e-18
 11
1.051024224041612
 21
1.505855213338464
 31
-5.419336637100914e-18
  0
LINE
  5
11B
  8
DWGMODELS.COM
  6
BYLAYER
 62
  183
 10
1.591671726040659
 20
1.92214321368931
 30
-5.419336637100914e-18
 11
1.0519584275753
 21
1.92214321368931
 31
-5.419336637100914e-18
  0
LINE
  5
11C
  8
DWGMODELS.COM
  6
BYLAYER
 62
  183
 10
1.482527530002699
 20
4.550284404810611
 30
-5.419336637100914e-18
 11
1.0519584275753
 21
4.550284404810611
 31
-5.419336637100914e-18
  0
LINE
  5
11D
  8
DWGMODELS.COM
  6
BYLAYER
 62
  183
 10
1.591671726040659
 20
4.749153691860329
 30
-5.419336637100914e-18
 11
1.0519584275753
 21
4.749153691860329
 31
-5.419336637100914e-18
  0
LINE
  5
11E
  8
DWGMODELS.COM
  6
BYLAYER
 62
  183
 10
1.591671726040659
 20
2.925364294586359
 30
-5.419336637100914e-18
 11
1.01922466245378
 21
2.893490635586033
 31
-5.419336637100914e-18
  0
LINE
  5
11F
  8
DWGMODELS.COM
  6
BYLAYER
 62
  183
 10
1.591671726040659
 20
2.9891116124777
 30
-5.419336637100914e-18
 11
1.051024224041612
 21
2.9891116124777
 31
-5.419336637100914e-18
  0
LINE
  5
120
  8
DWGMODELS.COM
  6
BYLAYER
 62
  183
 10
1.591671726040659
 20
3.567980237375082
 30
-5.419336637100914e-18
 11
1.01922466245378
 21
3.536106578374756
 31
-5.419336637100914e-18
  0
LINE
  5
121
  8
DWGMODELS.COM
  6
BYLAYER
 62
  183
 10
1.591671726040659
 20
3.376779464036588
 30
-5.419336637100914e-18
 11
1.01922466245378
 21
3.344905805036262
 31
-5.419336637100914e-18
  0
LINE
  5
122
  8
DWGMODELS.COM
  6
BYLAYER
 62
  183
 10
1.591671726040659
 20
3.319543017174908
 30
-5.419336637100914e-18
 11
1.01922466245378
 21
3.287669358174583
 31
-5.419336637100914e-18
  0
LINE
  5
123
  8
DWGMODELS.COM
  6
BYLAYER
 62
  183
 10
1.591671726040659
 20
3.313032146035937
 30
-5.419336637100914e-18
 11
1.051024224041612
 21
3.313032146035937
 31
-5.419336637100914e-18
  0
LINE
  5
124
  8
DWGMODELS.COM
  6
BYLAYER
 62
  183
 10
1.591671726040659
 20
3.25579569928351
 30
-5.419336637100914e-18
 11
1.051024224041612
 21
3.25579569928351
 31
-5.419336637100914e-18
  0
LINE
  5
125
  8
DWGMODELS.COM
  6
BYLAYER
 62
  183
 10
1.591671726040659
 20
3.631727555266423
 30
-5.419336637100914e-18
 11
1.051024224041612
 21
3.631727555266423
 31
-5.419336637100914e-18
  0
LINE
  5
126
  8
DWGMODELS.COM
  6
BYLAYER
 62
  183
 10
1.591671726040659
 20
3.116565067924796
 30
-5.419336637100914e-18
 11
1.051024224041612
 21
3.180312385816194
 31
-5.419336637100914e-18
  0
LINE
  5
127
  8
DWGMODELS.COM
  6
BYLAYER
 62
  183
 10
1.524892498440749
 20
4.389163415096959
 30
-5.419336637100914e-18
 11
1.051024224041612
 21
4.332865691509483
 31
-5.419336637100914e-18
  0
LINE
  5
128
  8
DWGMODELS.COM
  6
BYLAYER
 62
  183
 10
1.587250478460192
 20
3.982255442943085
 30
-5.419336637100914e-18
 11
1.051024224041612
 21
3.918549305496583
 31
-5.419336637100914e-18
  0
LINE
  5
129
  8
DWGMODELS.COM
  6
BYLAYER
 62
  183
 10
1.591671726040659
 20
3.759181010713519
 30
-5.419336637100914e-18
 11
1.051024224041612
 21
3.822928328604917
 31
-5.419336637100914e-18
  0
LINE
  5
12A
  8
DWGMODELS.COM
  6
BYLAYER
 62
  183
 10
1.587250478460192
 20
4.135968018797712
 30
-5.419336637100914e-18
 11
1.0519584275753
 21
4.135968018797712
 31
-5.419336637100914e-18
  0
LINE
  5
12B
  8
DWGMODELS.COM
  6
BYLAYER
 62
  183
 10
3.720939304635976
 20
9.988726272672466
 30
-5.419336637100914e-18
 11
3.720939304635976
 21
10.5293737751104
 31
-5.419336637100914e-18
  0
LINE
  5
12C
  8
DWGMODELS.COM
  6
BYLAYER
 62
  183
 10
1.591671726040659
 20
6.699237852259216
 30
-5.419336637100914e-18
 11
1.01922466245378
 21
6.667364193258891
 31
-5.419336637100914e-18
  0
LINE
  5
12D
  8
DWGMODELS.COM
  6
BYLAYER
 62
  183
 10
1.591671726040659
 20
6.508037078920722
 30
-5.419336637100914e-18
 11
1.01922466245378
 21
6.47616342002965
 31
-5.419336637100914e-18
  0
LINE
  5
12E
  8
DWGMODELS.COM
  6
BYLAYER
 62
  183
 10
1.591671726040659
 20
6.762985170150557
 30
-5.419336637100914e-18
 11
1.051024224041612
 21
6.762985170150557
 31
-5.419336637100914e-18
  0
LINE
  5
12F
  8
DWGMODELS.COM
  6
BYLAYER
 62
  183
 10
1.591671726040659
 20
6.444289761029324
 30
-5.419336637100914e-18
 11
1.051024224041612
 21
6.444289761029324
 31
-5.419336637100914e-18
  0
LINE
  5
130
  8
DWGMODELS.COM
  6
BYLAYER
 62
  183
 10
1.591671726040659
 20
6.09861723939764
 30
-5.419336637100914e-18
 11
1.051024224041612
 21
6.162364557398291
 31
-5.419336637100914e-18
  0
LINE
  5
131
  8
DWGMODELS.COM
  6
BYLAYER
 62
  183
 10
1.591671726040659
 20
4.786683069789035
 30
-5.419336637100914e-18
 11
1.051024224041612
 21
4.850430387680433
 31
-5.419336637100914e-18
  0
LINE
  5
132
  8
DWGMODELS.COM
  6
BYLAYER
 62
  183
 10
1.591671726040659
 20
5.321586127685293
 30
-5.419336637100914e-18
 11
1.051024224041612
 21
5.25735472570409
 31
-5.419336637100914e-18
  0
LINE
  5
133
  8
DWGMODELS.COM
  6
BYLAYER
 62
  183
 10
1.591671726040659
 20
5.163470077982481
 30
-5.419336637100914e-18
 11
1.0519584275753
 21
5.163470077982481
 31
-5.419336637100914e-18
  0
LINE
  5
134
  8
DWGMODELS.COM
  6
BYLAYER
 62
  183
 10
1.591671726040659
 20
5.474773439005219
 30
-5.419336637100914e-18
 11
1.0519584275753
 21
5.474773439005219
 31
-5.419336637100914e-18
  0
LINE
  5
135
  8
DWGMODELS.COM
  6
BYLAYER
 62
  183
 10
1.474362094893877
 20
5.709683932148891
 30
-5.419336637100914e-18
 11
1.01922466245378
 21
5.684342033829637
 31
-5.419336637100914e-18
  0
LINE
  5
136
  8
DWGMODELS.COM
  6
BYLAYER
 62
  183
 10
1.528504605004855
 20
5.903899342079285
 30
-5.419336637100914e-18
 11
1.01922466245378
 21
5.875542807168131
 31
-5.419336637100914e-18
  0
LINE
  5
137
  8
DWGMODELS.COM
  6
BYLAYER
 62
  183
 10
1.462960692835622
 20
5.652468374829311
 30
-5.419336637100914e-18
 11
1.051024224041612
 21
5.652468374829311
 31
-5.419336637100914e-18
  0
LINE
  5
138
  8
DWGMODELS.COM
  6
BYLAYER
 62
  183
 10
1.587250478460192
 20
8.499609206084131
 30
-5.419336637100914e-18
 11
1.051024224041612
 21
8.435903068528432
 31
-5.419336637100914e-18
  0
LINE
  5
139
  8
DWGMODELS.COM
  6
BYLAYER
 62
  183
 10
1.587250478460192
 20
8.58326740830978
 30
-5.419336637100914e-18
 11
1.051024224041612
 21
8.646973545756225
 31
-5.419336637100914e-18
  0
LINE
  5
13A
  8
DWGMODELS.COM
  6
BYLAYER
 62
  183
 10
1.587250478460192
 20
8.429554832455096
 30
-5.419336637100914e-18
 11
1.0519584275753
 21
8.429554832455096
 31
-5.419336637100914e-18
  0
LINE
  5
13B
  8
DWGMODELS.COM
  6
BYLAYER
 62
  183
 10
1.591671726040659
 20
8.193156167476673
 30
-5.419336637100914e-18
 11
1.051024224041612
 21
8.129408849585275
 31
-5.419336637100914e-18
  0
LINE
  5
13C
  8
DWGMODELS.COM
  6
BYLAYER
 62
  183
 10
1.587250478460192
 20
7.970081735247106
 30
-5.419336637100914e-18
 11
1.051024224041612
 21
8.033787872693608
 31
-5.419336637100914e-18
  0
LINE
  5
13D
  8
DWGMODELS.COM
  6
BYLAYER
 62
  183
 10
1.587250478460192
 20
8.230685545405379
 30
-5.419336637100914e-18
 11
1.0519584275753
 21
8.230685545405379
 31
-5.419336637100914e-18
  0
LINE
  5
13E
  8
DWGMODELS.COM
  6
BYLAYER
 62
  183
 10
1.587250478460192
 20
7.81636915939248
 30
-5.419336637100914e-18
 11
1.0519584275753
 21
7.81636915939248
 31
-5.419336637100914e-18
  0
LINE
  5
13F
  8
DWGMODELS.COM
  6
BYLAYER
 62
  183
 10
1.591671726040659
 20
8.806341840539289
 30
-5.419336637100914e-18
 11
1.051024224041612
 21
8.742594522647892
 31
-5.419336637100914e-18
  0
LINE
  5
140
  8
DWGMODELS.COM
  6
BYLAYER
 62
  183
 10
1.587250478460192
 20
8.843871218467996
 30
-5.419336637100914e-18
 11
1.0519584275753
 21
8.843871218467996
 31
-5.419336637100914e-18
  0
LINE
  5
141
  8
DWGMODELS.COM
  6
BYLAYER
 62
  183
 10
1.591671726040659
 20
7.072422771206561
 30
-5.419336637100914e-18
 11
1.01922466245378
 21
7.104296430097577
 31
-5.419336637100914e-18
  0
LINE
  5
142
  8
DWGMODELS.COM
  6
BYLAYER
 62
  183
 10
1.591671726040659
 20
7.263623544544998
 30
-5.419336637100914e-18
 11
1.01922466245378
 21
7.295497203436071
 31
-5.419336637100914e-18
  0
LINE
  5
143
  8
DWGMODELS.COM
  6
BYLAYER
 62
  183
 10
1.587250478460192
 20
7.113513057827163
 30
-5.419336637100914e-18
 11
1.051024224041612
 21
7.049806920380718
 31
-5.419336637100914e-18
  0
LINE
  5
144
  8
DWGMODELS.COM
  6
BYLAYER
 62
  183
 10
1.591671726040659
 20
7.304755011610553
 30
-5.419336637100914e-18
 11
1.051024224041612
 21
7.368502329501894
 31
-5.419336637100914e-18
  0
LINE
  5
145
  8
DWGMODELS.COM
  6
BYLAYER
 62
  183
 10
1.591671726040659
 20
6.890438625597653
 30
-5.419336637100914e-18
 11
1.051024224041612
 21
6.954185943489051
 31
-5.419336637100914e-18
  0
LINE
  5
146
  8
DWGMODELS.COM
  6
BYLAYER
 62
  183
 10
1.587250478460192
 20
7.681542019803999
 30
-5.419336637100914e-18
 11
1.0519584275753
 21
7.681542019803999
 31
-5.419336637100914e-18
  0
LINE
  5
147
  8
DWGMODELS.COM
  6
BYLAYER
 62
  183
 10
3.460294314143539
 20
9.993147520690115
 30
-5.419336637100914e-18
 11
3.460294314143539
 21
10.52843957135593
 31
-5.419336637100914e-18
  0
LINE
  5
148
  8
DWGMODELS.COM
  6
BYLAYER
 62
  183
 10
3.657191986418184
 20
9.988726272672466
 30
-5.419336637100914e-18
 11
3.625318328180583
 21
10.56117333680493
 31
-5.419336637100914e-18
  0
LINE
  5
149
  8
DWGMODELS.COM
  6
BYLAYER
 62
  183
 10
3.784106327795598
 20
9.988726272672466
 30
-5.419336637100914e-18
 11
3.784106327795598
 21
10.5293737751104
 31
-5.419336637100914e-18
  0
LINE
  5
14A
  8
DWGMODELS.COM
  6
BYLAYER
 62
  183
 10
3.048602918162942
 20
9.993147520690115
 30
-5.419336637100914e-18
 11
2.984896780388226
 21
10.5293737751104
 31
-5.419336637100914e-18
  0
LINE
  5
14B
  8
DWGMODELS.COM
  6
BYLAYER
 62
  183
 10
3.290729996977461
 20
9.988726272672466
 30
-5.419336637100914e-18
 11
3.354477315198892
 21
10.5293737751104
 31
-5.419336637100914e-18
  0
LINE
  5
14C
  8
DWGMODELS.COM
  6
BYLAYER
 62
  183
 10
3.163276540984953
 20
9.988726272672466
 30
-5.419336637100914e-18
 11
3.163276540984953
 21
10.5293737751104
 31
-5.419336637100914e-18
  0
LINE
  5
14D
  8
DWGMODELS.COM
  6
BYLAYER
 62
  183
 10
3.099529223640275
 20
9.988726272672466
 30
-5.419336637100914e-18
 11
3.067655564529559
 21
10.56117333680493
 31
-5.419336637100914e-18
  0
LINE
  5
14E
  8
DWGMODELS.COM
  6
BYLAYER
 62
  183
 10
3.513804428552248
 20
9.993147520690115
 30
-5.419336637100914e-18
 11
3.450098291650647
 21
10.5293737751104
 31
-5.419336637100914e-18
  0
LINE
  5
14F
  8
DWGMODELS.COM
  6
BYLAYER
 62
  183
 10
3.523461337299523
 20
9.993147520690115
 30
-5.419336637100914e-18
 11
3.523461337299523
 21
10.52843957135593
 31
-5.419336637100914e-18
  0
LINE
  5
150
  8
DWGMODELS.COM
  6
BYLAYER
 62
  183
 10
2.542462953937502
 20
9.988726272672466
 30
-5.419336637100914e-18
 11
2.60621027128218
 21
10.5293737751104
 31
-5.419336637100914e-18
  0
LINE
  5
151
  8
DWGMODELS.COM
  6
BYLAYER
 62
  183
 10
2.82552848571504
 20
9.988726272672466
 30
-5.419336637100914e-18
 11
2.889275803936471
 21
10.5293737751104
 31
-5.419336637100914e-18
  0
LINE
  5
152
  8
DWGMODELS.COM
  6
BYLAYER
 62
  183
 10
2.972116948963958
 20
9.988726272672466
 30
-5.419336637100914e-18
 11
2.972116948963958
 21
10.5293737751104
 31
-5.419336637100914e-18
  0
LINE
  5
153
  8
DWGMODELS.COM
  6
BYLAYER
 62
  183
 10
2.689051416313305
 20
9.988726272672466
 30
-5.419336637100914e-18
 11
2.689051416313305
 21
10.5293737751104
 31
-5.419336637100914e-18
  0
LINE
  5
154
  8
DWGMODELS.COM
  6
BYLAYER
 62
  183
 10
1.541489854324027
 20
10.10103390981072
 30
-5.419336637100914e-18
 11
1.220238705041993
 21
10.47498317661882
 31
-5.419336637100914e-18
  0
LINE
  5
155
  8
DWGMODELS.COM
  6
BYLAYER
 62
  183
 10
1.51355487868932
 20
10.05080211279181
 30
-5.419336637100914e-18
 11
1.051024224041612
 21
10.31336538954201
 31
-5.419336637100914e-18
  0
LINE
  5
156
  8
DWGMODELS.COM
  6
BYLAYER
 62
  183
 10
1.587250478460192
 20
9.729513610509741
 30
-5.419336637100914e-18
 11
1.0519584275753
 21
9.729513610509741
 31
-5.419336637100914e-18
  0
LINE
  5
157
  8
DWGMODELS.COM
  6
BYLAYER
 62
  183
 10
1.591671726040659
 20
9.77536283884973
 30
-5.419336637100914e-18
 11
1.051024224041612
 21
9.839110156741071
 31
-5.419336637100914e-18
  0
LINE
  5
158
  8
DWGMODELS.COM
  6
BYLAYER
 62
  183
 10
1.591671726040659
 20
9.691984232581035
 30
-5.419336637100914e-18
 11
1.051024224041612
 21
9.628236914689637
 31
-5.419336637100914e-18
  0
LINE
  5
159
  8
DWGMODELS.COM
  6
BYLAYER
 62
  183
 10
1.587250478460192
 20
9.928295605599033
 30
-5.419336637100914e-18
 11
1.0519584275753
 21
10.01902003020905
 31
-5.419336637100914e-18
  0
LINE
  5
15A
  8
DWGMODELS.COM
  6
BYLAYER
 62
  183
 10
1.591671726040659
 20
9.399993111042306
 30
-5.419336637100914e-18
 11
1.051024224041612
 21
9.463740428933704
 31
-5.419336637100914e-18
  0
LINE
  5
15B
  8
DWGMODELS.COM
  6
BYLAYER
 62
  183
 10
1.591671726040659
 20
9.560944356547054
 30
-5.419336637100914e-18
 11
1.051024224041612
 21
9.560944356547054
 31
-5.419336637100914e-18
  0
LINE
  5
15C
  8
DWGMODELS.COM
  6
BYLAYER
 62
  183
 10
1.587250478460192
 20
9.988726272672466
 30
-5.419336637100914e-18
 11
1.0519584275753
 21
10.09594667624089
 31
-5.419336637100914e-18
  0
LINE
  5
15D
  8
DWGMODELS.COM
  6
BYLAYER
 62
  183
 10
1.591671726040659
 20
9.316614504773611
 30
-5.419336637100914e-18
 11
1.051024224041612
 21
9.25286718688227
 31
-5.419336637100914e-18
  0
LINE
  5
15E
  8
DWGMODELS.COM
  6
BYLAYER
 62
  183
 10
1.591671726040659
 20
9.114419010204074
 30
-5.419336637100914e-18
 11
1.01922466245378
 21
9.146292669204399
 31
-5.419336637100914e-18
  0
LINE
  5
15F
  8
DWGMODELS.COM
  6
BYLAYER
 62
  183
 10
1.591671726040659
 20
9.178166328204725
 30
-5.419336637100914e-18
 11
1.051024224041612
 21
9.178166328204725
 31
-5.419336637100914e-18
  0
LINE
  5
160
  8
DWGMODELS.COM
  6
BYLAYER
 62
  183
 10
1.591671726040659
 20
9.050671692312676
 30
-5.419336637100914e-18
 11
1.051024224041612
 21
9.050671692312676
 31
-5.419336637100914e-18
  0
LINE
  5
161
  8
DWGMODELS.COM
  6
BYLAYER
 62
  183
 10
1.587250478460192
 20
9.112794879146747
 30
-5.419336637100914e-18
 11
1.051024224041612
 21
9.049088741700302
 31
-5.419336637100914e-18
  0
LINE
  5
162
  8
DWGMODELS.COM
  6
BYLAYER
 62
  183
 10
1.591671726040659
 20
9.220658226661442
 30
-5.419336637100914e-18
 11
1.051024224041612
 21
9.156910908770101
 31
-5.419336637100914e-18
  0
LINE
  5
163
  8
DWGMODELS.COM
  6
BYLAYER
 62
  183
 10
1.591671726040659
 20
8.889720446807985
 30
-5.419336637100914e-18
 11
1.051024224041612
 21
8.953467764808636
 31
-5.419336637100914e-18
  0
LINE
  5
164
  8
DWGMODELS.COM
  6
BYLAYER
 62
  183
 10
1.587250478460192
 20
9.354143882702374
 30
-5.419336637100914e-18
 11
1.0519584275753
 21
9.354143882702374
 31
-5.419336637100914e-18
  0
LINE
  5
165
  8
DWGMODELS.COM
  6
BYLAYER
 62
  183
 10
2.199145195412711
 20
9.988726272672466
 30
-5.419336637100914e-18
 11
2.262892513630504
 21
10.5293737751104
 31
-5.419336637100914e-18
  0
LINE
  5
166
  8
DWGMODELS.COM
  6
BYLAYER
 62
  183
 10
2.345733657788514
 20
9.988726272672466
 30
-5.419336637100914e-18
 11
2.345733657788514
 21
10.5293737751104
 31
-5.419336637100914e-18
  0
LINE
  5
167
  8
DWGMODELS.COM
  6
BYLAYER
 62
  183
 10
2.085130965024291
 20
9.993147520690115
 30
-5.419336637100914e-18
 11
2.085130965024291
 21
10.52843957135593
 31
-5.419336637100914e-18
  0
LINE
  5
168
  8
DWGMODELS.COM
  6
BYLAYER
 62
  183
 10
2.428448723549081
 20
9.993147520690115
 30
-5.419336637100914e-18
 11
2.428448723549081
 21
10.52843957135593
 31
-5.419336637100914e-18
  0
LINE
  5
169
  8
DWGMODELS.COM
  6
BYLAYER
 62
  183
 10
1.840908266312908
 20
9.988726272672466
 30
-5.419336637100914e-18
 11
1.840908266312908
 21
10.5293737751104
 31
-5.419336637100914e-18
  0
LINE
  5
16A
  8
DWGMODELS.COM
  6
BYLAYER
 62
  183
 10
1.923623332077113
 20
9.993147520690115
 30
-5.419336637100914e-18
 11
1.923623332077113
 21
10.52843957135593
 31
-5.419336637100914e-18
  0
LINE
  5
16B
  8
DWGMODELS.COM
  6
BYLAYER
 62
  183
 10
1.694319803937105
 20
9.988726272672466
 30
-5.419336637100914e-18
 11
1.758067122158536
 21
10.5293737751104
 31
-5.419336637100914e-18
  0
LINE
  5
16C
  8
DWGMODELS.COM
  6
BYLAYER
 62
  183
 10
1.591671726040659
 20
9.988726272672466
 30
-5.419336637100914e-18
 11
1.527924408695981
 21
10.5293737751104
 31
-5.419336637100914e-18
  0
ARC
  5
16D
  8
FURN
  6
BYLAYER
 62
  256
 10
1.149969228372356
 20
16.08958054393486
 30
-5.419336637100914e-18
 40
3.882881132473113
 50
7.672701365516385
 51
16.39543369028107
  0
ARC
  5
16E
  8
FURN
  6
BYLAYER
 62
  256
 10
4.952616459177079
 20
16.7919610262893
 30
-5.419336637100914e-18
 40
0.3677551105245611
 50
45.59910881888732
 51
107.077404902207
  0
ARC
  5
16F
  8
FURN
  6
BYLAYER
 62
  256
 10
5.607941030273651
 20
15.85033690024164
 30
-5.419336637100914e-18
 40
1.174318570254299
 50
40.9482066320504
 51
91.04228365431345
  0
ARC
  5
170
  8
FURN
  6
BYLAYER
 62
  256
 10
6.695198431854806
 20
14.34802691974278
 30
-5.419336637100914e-18
 40
2.912116432225225
 50
71.01829858510641
 51
111.7974093971815
  0
ARC
  5
171
  8
FURN
  6
BYLAYER
 62
  256
 10
4.746220606983115
 20
15.35048053040072
 30
-5.419336637100914e-18
 40
1.839611615414575
 50
40.41890216988494
 51
85.98709613898909
  0
ARC
  5
172
  8
FURN
  6
BYLAYER
 62
  256
 10
5.44232116306739
 20
18.21296832279819
 30
-5.419336637100914e-18
 40
1.17363657277916
 50
241.0908229889819
 51
278.4041839721869
  0
ARC
  5
173
  8
FURN
  6
BYLAYER
 62
  256
 10
3.635467200045241
 20
18.91823638900405
 30
-5.419336637100914e-18
 40
4.785873735326012
 50
285.6862532087204
 51
301.6501135885453
  0
ARC
  5
174
  8
FURN
  6
BYLAYER
 62
  256
 10
7.167674198917666
 20
15.49071717743357
 30
-5.419336637100914e-18
 40
0.7135780748221979
 50
273.1159846341224
 51
357.3699806053985
  0
ARC
  5
175
  8
FURN
  6
BYLAYER
 62
  256
 10
2.231907903256797
 20
15.10634744192981
 30
-5.419336637100914e-18
 40
2.812434005229636
 50
343.5644030283725
 51
6.17041885982289
  0
ARC
  5
176
  8
FURN
  6
BYLAYER
 62
  256
 10
6.154542045773269
 20
14.49890331167984
 30
-5.419336637100914e-18
 40
1.239506862889849
 50
124.2427853763585
 51
188.7378720600889
  0
ARC
  5
177
  8
FURN
  6
BYLAYER
 62
  256
 10
5.015043240542582
 20
14.65914657114553
 30
-5.419336637100914e-18
 40
0.3589047084057966
 50
256.1981626950089
 51
0.2273253336034508
  0
ARC
  5
178
  8
FURN
  6
BYLAYER
 62
  256
 10
4.687932443717727
 20
16.30325494512851
 30
-5.419336637100914e-18
 40
0.344447686989834
 50
316.7315570311536
 51
14.64939228947405
  0
ARC
  5
179
  8
FURN
  6
BYLAYER
 62
  256
 10
6.190284746862744
 20
15.90157893532029
 30
-5.419336637100914e-18
 40
1.262448981140997
 50
172.4632442471801
 51
202.9830351376349
  0
ARC
  5
17A
  8
FURN
  6
BYLAYER
 62
  256
 10
6.326543796127226
 20
17.03583192469694
 30
-5.419336637100914e-18
 40
1.459288977957638
 50
174.1100114663333
 51
219.0595772858012
  0
ARC
  5
17B
  8
FURN
  6
BYLAYER
 62
  256
 10
4.063572570274118
 20
18.52514246600526
 30
-5.419336637100914e-18
 40
0.2252912671033832
 50
180
 51
270
  0
LINE
  5
17C
  8
DWGMODELS.COM
  6
BYLAYER
 62
  183
 10
2.548740887585154
 20
6.810913850861994
 30
-5.419336637100914e-18
 11
2.548740887585154
 21
6.896073949916001
 31
-5.419336637100914e-18
  0
ARC
  5
17D
  8
DWGMODELS.COM
  6
BYLAYER
 62
  183
 10
2.781302973166021
 20
6.667288632685199
 30
-5.419336637100914e-18
 40
0.1688858646520565
 50
338.9591072617702
 51
62.99118622613635
  0
ARC
  5
17E
  8
DWGMODELS.COM
  6
BYLAYER
 62
  183
 10
2.888261778316519
 20
7.520027055325386
 30
-5.419336637100914e-18
 40
0.7029235757129259
 50
216.2806726981043
 51
267.5324718065537
  0
ARC
  5
17F
  8
DWGMODELS.COM
  6
BYLAYER
 62
  183
 10
2.888261778316519
 20
4.867897322458589
 30
-5.419336637100914e-18
 40
0.7029235757129259
 50
216.2806726981043
 51
267.5324718065537
  0
ARC
  5
180
  8
DWGMODELS.COM
  6
BYLAYER
 62
  183
 10
2.888261778316519
 20
3.059495870492469
 30
-5.419336637100914e-18
 40
0.7029235757129259
 50
216.2806726981043
 51
267.5324718065537
  0
LINE
  5
181
  8
DWGMODELS.COM
  6
BYLAYER
 62
  183
 10
8.122470749625791
 20
2.52070286391853
 30
-5.419336637100914e-18
 11
8.122470749625791
 21
2.605862962863227
 31
-5.419336637100914e-18
  0
LINE
  5
182
  8
DWGMODELS.COM
  6
BYLAYER
 62
  183
 10
8.463111146280426
 20
2.52070286391853
 30
-5.419336637100914e-18
 11
8.463111146280426
 21
2.605862962863227
 31
-5.419336637100914e-18
  0
LINE
  5
183
  8
DWGMODELS.COM
  6
BYLAYER
 62
  183
 10
8.803751542058308
 20
2.52070286391853
 30
-5.419336637100914e-18
 11
8.803751542058308
 21
2.605862962863227
 31
-5.419336637100914e-18
  0
LINE
  5
184
  8
DWGMODELS.COM
  6
BYLAYER
 62
  183
 10
9.144391937839828
 20
2.52070286391853
 30
-5.419336637100914e-18
 11
9.144391937839828
 21
2.605862962863227
 31
-5.419336637100914e-18
  0
LINE
  5
185
  8
DWGMODELS.COM
  6
BYLAYER
 62
  183
 10
8.122470749625791
 20
2.180062468030314
 30
-5.419336637100914e-18
 11
8.122470749625791
 21
2.265222567084322
 31
-5.419336637100914e-18
  0
LINE
  5
186
  8
DWGMODELS.COM
  6
BYLAYER
 62
  183
 10
8.292790947954927
 20
2.350382666029077
 30
-5.419336637100914e-18
 11
8.292790947954927
 21
2.435542764973775
 31
-5.419336637100914e-18
  0
LINE
  5
187
  8
DWGMODELS.COM
  6
BYLAYER
 62
  183
 10
8.16505079986382
 20
2.563282913390879
 30
-5.419336637100914e-18
 11
8.079890700264514
 21
2.563282913390879
 31
-5.419336637100914e-18
  0
LINE
  5
188
  8
DWGMODELS.COM
  6
BYLAYER
 62
  183
 10
8.16505079986382
 20
2.222642517611973
 30
-5.419336637100914e-18
 11
8.079890700264514
 21
2.222642517611973
 31
-5.419336637100914e-18
  0
LINE
  5
189
  8
DWGMODELS.COM
  6
BYLAYER
 62
  183
 10
8.676011393097724
 20
2.392962715501426
 30
-5.419336637100914e-18
 11
8.590851294371532
 21
2.392962715501426
 31
-5.419336637100914e-18
  0
LINE
  5
18A
  8
DWGMODELS.COM
  6
BYLAYER
 62
  183
 10
8.633431343732809
 20
2.350382666029077
 30
-5.419336637100914e-18
 11
8.633431343732809
 21
2.435542764973775
 31
-5.419336637100914e-18
  0
LINE
  5
18B
  8
DWGMODELS.COM
  6
BYLAYER
 62
  183
 10
8.50569119564534
 20
2.563282913390879
 30
-5.419336637100914e-18
 11
8.420531096042396
 21
2.563282913390879
 31
-5.419336637100914e-18
  0
LINE
  5
18C
  8
DWGMODELS.COM
  6
BYLAYER
 62
  183
 10
8.50569119564534
 20
2.222642517611973
 30
-5.419336637100914e-18
 11
8.420531096042396
 21
2.222642517611973
 31
-5.419336637100914e-18
  0
LINE
  5
18D
  8
DWGMODELS.COM
  6
BYLAYER
 62
  183
 10
9.314712135292211
 20
2.350382666029077
 30
-5.419336637100914e-18
 11
9.314712135292211
 21
2.435542764973775
 31
-5.419336637100914e-18
  0
LINE
  5
18E
  8
DWGMODELS.COM
  6
BYLAYER
 62
  183
 10
9.357292184653488
 20
2.392962715501426
 30
-5.419336637100914e-18
 11
9.272132085927296
 21
2.392962715501426
 31
-5.419336637100914e-18
  0
LINE
  5
18F
  8
DWGMODELS.COM
  6
BYLAYER
 62
  183
 10
9.186971987201105
 20
2.563282913390879
 30
-5.419336637100914e-18
 11
9.101811888474913
 21
2.563282913390879
 31
-5.419336637100914e-18
  0
LINE
  5
190
  8
DWGMODELS.COM
  6
BYLAYER
 62
  183
 10
9.016651788875606
 20
2.392962715501426
 30
-5.419336637100914e-18
 11
8.931491690149414
 21
2.392962715501426
 31
-5.419336637100914e-18
  0
LINE
  5
191
  8
DWGMODELS.COM
  6
BYLAYER
 62
  183
 10
9.186971987201105
 20
2.222642517611973
 30
-5.419336637100914e-18
 11
9.101811888474913
 21
2.222642517611973
 31
-5.419336637100914e-18
  0
LINE
  5
192
  8
DWGMODELS.COM
  6
BYLAYER
 62
  183
 10
8.974071739510691
 20
2.350382666029077
 30
-5.419336637100914e-18
 11
8.974071739510691
 21
2.435542764973775
 31
-5.419336637100914e-18
  0
LINE
  5
193
  8
DWGMODELS.COM
  6
BYLAYER
 62
  183
 10
8.846331591423223
 20
2.563282913390879
 30
-5.419336637100914e-18
 11
8.761171491823916
 21
2.563282913390879
 31
-5.419336637100914e-18
  0
LINE
  5
194
  8
DWGMODELS.COM
  6
BYLAYER
 62
  183
 10
8.846331591423223
 20
2.222642517611973
 30
-5.419336637100914e-18
 11
8.761171491823916
 21
2.222642517611973
 31
-5.419336637100914e-18
  0
LINE
  5
195
  8
DWGMODELS.COM
  6
BYLAYER
 62
  183
 10
8.803751542058308
 20
2.180062468030314
 30
-5.419336637100914e-18
 11
8.803751542058308
 21
2.265222567084322
 31
-5.419336637100914e-18
  0
LINE
  5
196
  8
DWGMODELS.COM
  6
BYLAYER
 62
  183
 10
9.144391937839828
 20
2.180062468030314
 30
-5.419336637100914e-18
 11
9.144391937839828
 21
2.265222567084322
 31
-5.419336637100914e-18
  0
LINE
  5
197
  8
DWGMODELS.COM
  6
BYLAYER
 62
  183
 10
8.463111146280426
 20
2.180062468030314
 30
-5.419336637100914e-18
 11
8.463111146280426
 21
2.265222567084322
 31
-5.419336637100914e-18
  0
LINE
  5
198
  8
DWGMODELS.COM
  6
BYLAYER
 62
  183
 10
8.335370997316204
 20
2.392962715501426
 30
-5.419336637100914e-18
 11
8.250210898590012
 21
2.392962715501426
 31
-5.419336637100914e-18
  0
LINE
  5
199
  8
DWGMODELS.COM
  6
BYLAYER
 62
  183
 10
8.122470749625791
 20
2.861343259806688
 30
-5.419336637100914e-18
 11
8.122470749625791
 21
2.946503358751443
 31
-5.419336637100914e-18
  0
LINE
  5
19A
  8
DWGMODELS.COM
  6
BYLAYER
 62
  183
 10
8.122470749625791
 20
3.201983655694903
 30
-5.419336637100914e-18
 11
8.122470749625791
 21
3.287143754639601
 31
-5.419336637100914e-18
  0
LINE
  5
19B
  8
DWGMODELS.COM
  6
BYLAYER
 62
  183
 10
7.994730601538322
 20
3.074243507168489
 30
-5.419336637100914e-18
 11
7.90957050281213
 21
3.074243507168489
 31
-5.419336637100914e-18
  0
LINE
  5
19C
  8
DWGMODELS.COM
  6
BYLAYER
 62
  183
 10
7.952150552173407
 20
3.031663457696141
 30
-5.419336637100914e-18
 11
7.952150552173407
 21
3.116823556640895
 31
-5.419336637100914e-18
  0
LINE
  5
19D
  8
DWGMODELS.COM
  6
BYLAYER
 62
  183
 10
8.292790947954927
 20
2.691023061917235
 30
-5.419336637100914e-18
 11
8.292790947954927
 21
2.77618316086199
 31
-5.419336637100914e-18
  0
LINE
  5
19E
  8
DWGMODELS.COM
  6
BYLAYER
 62
  183
 10
8.292790947954927
 20
3.031663457696141
 30
-5.419336637100914e-18
 11
8.292790947954927
 21
3.116823556640895
 31
-5.419336637100914e-18
  0
LINE
  5
19F
  8
DWGMODELS.COM
  6
BYLAYER
 62
  183
 10
8.16505079986382
 20
3.244563705167252
 30
-5.419336637100914e-18
 11
8.079890700264514
 21
3.244563705167252
 31
-5.419336637100914e-18
  0
LINE
  5
1A0
  8
DWGMODELS.COM
  6
BYLAYER
 62
  183
 10
8.16505079986382
 20
2.903923309279037
 30
-5.419336637100914e-18
 11
8.079890700264514
 21
2.903923309279037
 31
-5.419336637100914e-18
  0
LINE
  5
1A1
  8
DWGMODELS.COM
  6
BYLAYER
 62
  183
 10
8.676011393097724
 20
2.733603111389584
 30
-5.419336637100914e-18
 11
8.590851294371532
 21
2.733603111389584
 31
-5.419336637100914e-18
  0
LINE
  5
1A2
  8
DWGMODELS.COM
  6
BYLAYER
 62
  183
 10
8.676011393097724
 20
3.074243507168489
 30
-5.419336637100914e-18
 11
8.590851294371532
 21
3.074243507168489
 31
-5.419336637100914e-18
  0
LINE
  5
1A3
  8
DWGMODELS.COM
  6
BYLAYER
 62
  183
 10
8.633431343732809
 20
2.691023061917235
 30
-5.419336637100914e-18
 11
8.633431343732809
 21
2.77618316086199
 31
-5.419336637100914e-18
  0
LINE
  5
1A4
  8
DWGMODELS.COM
  6
BYLAYER
 62
  183
 10
8.633431343732809
 20
3.031663457696141
 30
-5.419336637100914e-18
 11
8.633431343732809
 21
3.116823556640895
 31
-5.419336637100914e-18
  0
LINE
  5
1A5
  8
DWGMODELS.COM
  6
BYLAYER
 62
  183
 10
8.463111146280426
 20
2.861343259806688
 30
-5.419336637100914e-18
 11
8.463111146280426
 21
2.946503358751443
 31
-5.419336637100914e-18
  0
LINE
  5
1A6
  8
DWGMODELS.COM
  6
BYLAYER
 62
  183
 10
8.463111146280426
 20
3.201983655694903
 30
-5.419336637100914e-18
 11
8.463111146280426
 21
3.287143754639601
 31
-5.419336637100914e-18
  0
LINE
  5
1A7
  8
DWGMODELS.COM
  6
BYLAYER
 62
  183
 10
8.50569119564534
 20
3.244563705167252
 30
-5.419336637100914e-18
 11
8.420531096042396
 21
3.244563705167252
 31
-5.419336637100914e-18
  0
LINE
  5
1A8
  8
DWGMODELS.COM
  6
BYLAYER
 62
  183
 10
8.50569119564534
 20
2.903923309279037
 30
-5.419336637100914e-18
 11
8.420531096042396
 21
2.903923309279037
 31
-5.419336637100914e-18
  0
LINE
  5
1A9
  8
DWGMODELS.COM
  6
BYLAYER
 62
  183
 10
9.314712135292211
 20
2.691023061917235
 30
-5.419336637100914e-18
 11
9.314712135292211
 21
2.77618316086199
 31
-5.419336637100914e-18
  0
LINE
  5
1AA
  8
DWGMODELS.COM
  6
BYLAYER
 62
  183
 10
9.314712135292211
 20
3.031663457696141
 30
-5.419336637100914e-18
 11
9.314712135292211
 21
3.116823556640895
 31
-5.419336637100914e-18
  0
LINE
  5
1AB
  8
DWGMODELS.COM
  6
BYLAYER
 62
  183
 10
9.357292184653488
 20
2.733603111389584
 30
-5.419336637100914e-18
 11
9.272132085927296
 21
2.733603111389584
 31
-5.419336637100914e-18
  0
LINE
  5
1AC
  8
DWGMODELS.COM
  6
BYLAYER
 62
  183
 10
9.357292184653488
 20
3.074243507168489
 30
-5.419336637100914e-18
 11
9.272132085927296
 21
3.074243507168489
 31
-5.419336637100914e-18
  0
LINE
  5
1AD
  8
DWGMODELS.COM
  6
BYLAYER
 62
  183
 10
8.803751542058308
 20
2.861343259806688
 30
-5.419336637100914e-18
 11
8.803751542058308
 21
2.946503358751443
 31
-5.419336637100914e-18
  0
LINE
  5
1AE
  8
DWGMODELS.COM
  6
BYLAYER
 62
  183
 10
8.803751542058308
 20
3.201983655694903
 30
-5.419336637100914e-18
 11
8.803751542058308
 21
3.287143754639601
 31
-5.419336637100914e-18
  0
LINE
  5
1AF
  8
DWGMODELS.COM
  6
BYLAYER
 62
  183
 10
9.016651788875606
 20
2.733603111389584
 30
-5.419336637100914e-18
 11
8.931491690149414
 21
2.733603111389584
 31
-5.419336637100914e-18
  0
LINE
  5
1B0
  8
DWGMODELS.COM
  6
BYLAYER
 62
  183
 10
8.974071739510691
 20
2.691023061917235
 30
-5.419336637100914e-18
 11
8.974071739510691
 21
2.77618316086199
 31
-5.419336637100914e-18
  0
LINE
  5
1B1
  8
DWGMODELS.COM
  6
BYLAYER
 62
  183
 10
9.186971987201105
 20
3.244563705167252
 30
-5.419336637100914e-18
 11
9.101811888474913
 21
3.244563705167252
 31
-5.419336637100914e-18
  0
LINE
  5
1B2
  8
DWGMODELS.COM
  6
BYLAYER
 62
  183
 10
9.016651788875606
 20
3.074243507168489
 30
-5.419336637100914e-18
 11
8.931491690149414
 21
3.074243507168489
 31
-5.419336637100914e-18
  0
LINE
  5
1B3
  8
DWGMODELS.COM
  6
BYLAYER
 62
  183
 10
9.186971987201105
 20
2.903923309279037
 30
-5.419336637100914e-18
 11
9.101811888474913
 21
2.903923309279037
 31
-5.419336637100914e-18
  0
LINE
  5
1B4
  8
DWGMODELS.COM
  6
BYLAYER
 62
  183
 10
9.144391937839828
 20
2.861343259806688
 30
-5.419336637100914e-18
 11
9.144391937839828
 21
2.946503358751443
 31
-5.419336637100914e-18
  0
LINE
  5
1B5
  8
DWGMODELS.COM
  6
BYLAYER
 62
  183
 10
9.144391937839828
 20
3.201983655694903
 30
-5.419336637100914e-18
 11
9.144391937839828
 21
3.287143754639601
 31
-5.419336637100914e-18
  0
LINE
  5
1B6
  8
DWGMODELS.COM
  6
BYLAYER
 62
  183
 10
8.974071739510691
 20
3.031663457696141
 30
-5.419336637100914e-18
 11
8.974071739510691
 21
3.116823556640895
 31
-5.419336637100914e-18
  0
LINE
  5
1B7
  8
DWGMODELS.COM
  6
BYLAYER
 62
  183
 10
8.846331591423223
 20
3.244563705167252
 30
-5.419336637100914e-18
 11
8.761171491823916
 21
3.244563705167252
 31
-5.419336637100914e-18
  0
LINE
  5
1B8
  8
DWGMODELS.COM
  6
BYLAYER
 62
  183
 10
8.846331591423223
 20
2.903923309279037
 30
-5.419336637100914e-18
 11
8.761171491823916
 21
2.903923309279037
 31
-5.419336637100914e-18
  0
LINE
  5
1B9
  8
DWGMODELS.COM
  6
BYLAYER
 62
  183
 10
8.335370997316204
 20
2.733603111389584
 30
-5.419336637100914e-18
 11
8.250210898590012
 21
2.733603111389584
 31
-5.419336637100914e-18
  0
LINE
  5
1BA
  8
DWGMODELS.COM
  6
BYLAYER
 62
  183
 10
8.335370997316204
 20
3.074243507168489
 30
-5.419336637100914e-18
 11
8.250210898590012
 21
3.074243507168489
 31
-5.419336637100914e-18
  0
LINE
  5
1BB
  8
DWGMODELS.COM
  6
BYLAYER
 62
  183
 10
6.316301515536907
 20
2.392962715501426
 30
-5.419336637100914e-18
 11
6.231141416810715
 21
2.392962715501426
 31
-5.419336637100914e-18
  0
LINE
  5
1BC
  8
DWGMODELS.COM
  6
BYLAYER
 62
  183
 10
6.316301515536907
 20
2.733603111389584
 30
-5.419336637100914e-18
 11
6.231141416810715
 21
2.733603111389584
 31
-5.419336637100914e-18
  0
LINE
  5
1BD
  8
DWGMODELS.COM
  6
BYLAYER
 62
  183
 10
6.316301515536907
 20
3.074243507168489
 30
-5.419336637100914e-18
 11
6.231141416810715
 21
3.074243507168489
 31
-5.419336637100914e-18
  0
LINE
  5
1BE
  8
DWGMODELS.COM
  6
BYLAYER
 62
  183
 10
6.444041664501128
 20
2.52070286391853
 30
-5.419336637100914e-18
 11
6.444041664501128
 21
2.605862962863227
 31
-5.419336637100914e-18
  0
ARC
  5
1BF
  8
DWGMODELS.COM
  6
BYLAYER
 62
  183
 10
7.269750254694372
 20
3.059495870492469
 30
-5.419336637100914e-18
 40
0.7029235757129259
 50
216.2806726981043
 51
267.5324718065537
  0
LINE
  5
1C0
  8
DWGMODELS.COM
  6
BYLAYER
 62
  183
 10
6.486621713866043
 20
2.563282913390879
 30
-5.419336637100914e-18
 11
6.401461614263098
 21
2.563282913390879
 31
-5.419336637100914e-18
  0
LINE
  5
1C1
  8
DWGMODELS.COM
  6
BYLAYER
 62
  183
 10
6.656941911318427
 20
2.392962715501426
 30
-5.419336637100914e-18
 11
6.571781812592235
 21
2.392962715501426
 31
-5.419336637100914e-18
  0
LINE
  5
1C2
  8
DWGMODELS.COM
  6
BYLAYER
 62
  183
 10
6.486621713866043
 20
2.222642517611973
 30
-5.419336637100914e-18
 11
6.401461614263098
 21
2.222642517611973
 31
-5.419336637100914e-18
  0
LINE
  5
1C3
  8
DWGMODELS.COM
  6
BYLAYER
 62
  183
 10
6.614361861953512
 20
2.350382666029077
 30
-5.419336637100914e-18
 11
6.614361861953512
 21
2.435542764973775
 31
-5.419336637100914e-18
  0
LINE
  5
1C4
  8
DWGMODELS.COM
  6
BYLAYER
 62
  183
 10
6.444041664501128
 20
2.180062468030314
 30
-5.419336637100914e-18
 11
6.444041664501128
 21
2.265222567084322
 31
-5.419336637100914e-18
  0
ARC
  5
1C5
  8
DWGMODELS.COM
  6
BYLAYER
 62
  183
 10
7.162791449543874
 20
2.206757447742973
 30
-5.419336637100914e-18
 40
0.1688858646520565
 50
338.9591072617702
 51
62.99118622613635
  0
LINE
  5
1C6
  8
DWGMODELS.COM
  6
BYLAYER
 62
  183
 10
7.824410403212823
 20
3.244563705167252
 30
-5.419336637100914e-18
 11
7.739250304486632
 21
3.244563705167252
 31
-5.419336637100914e-18
  0
LINE
  5
1C7
  8
DWGMODELS.COM
  6
BYLAYER
 62
  183
 10
6.656941911318427
 20
2.733603111389584
 30
-5.419336637100914e-18
 11
6.571781812592235
 21
2.733603111389584
 31
-5.419336637100914e-18
  0
LINE
  5
1C8
  8
DWGMODELS.COM
  6
BYLAYER
 62
  183
 10
6.614361861953512
 20
2.691023061917235
 30
-5.419336637100914e-18
 11
6.614361861953512
 21
2.77618316086199
 31
-5.419336637100914e-18
  0
LINE
  5
1C9
  8
DWGMODELS.COM
  6
BYLAYER
 62
  183
 10
6.486621713866043
 20
3.244563705167252
 30
-5.419336637100914e-18
 11
6.401461614263098
 21
3.244563705167252
 31
-5.419336637100914e-18
  0
LINE
  5
1CA
  8
DWGMODELS.COM
  6
BYLAYER
 62
  183
 10
6.656941911318427
 20
3.074243507168489
 30
-5.419336637100914e-18
 11
6.571781812592235
 21
3.074243507168489
 31
-5.419336637100914e-18
  0
LINE
  5
1CB
  8
DWGMODELS.COM
  6
BYLAYER
 62
  183
 10
6.486621713866043
 20
2.903923309279037
 30
-5.419336637100914e-18
 11
6.401461614263098
 21
2.903923309279037
 31
-5.419336637100914e-18
  0
LINE
  5
1CC
  8
DWGMODELS.COM
  6
BYLAYER
 62
  183
 10
6.614361861953512
 20
3.031663457696141
 30
-5.419336637100914e-18
 11
6.614361861953512
 21
3.116823556640895
 31
-5.419336637100914e-18
  0
LINE
  5
1CD
  8
DWGMODELS.COM
  6
BYLAYER
 62
  183
 10
6.444041664501128
 20
2.861343259806688
 30
-5.419336637100914e-18
 11
6.444041664501128
 21
2.946503358751443
 31
-5.419336637100914e-18
  0
LINE
  5
1CE
  8
DWGMODELS.COM
  6
BYLAYER
 62
  183
 10
6.444041664501128
 20
3.201983655694903
 30
-5.419336637100914e-18
 11
6.444041664501128
 21
3.287143754639601
 31
-5.419336637100914e-18
  0
LINE
  5
1CF
  8
DWGMODELS.COM
  6
BYLAYER
 62
  183
 10
7.781830353847909
 20
3.201983655694903
 30
-5.419336637100914e-18
 11
7.781830353847909
 21
3.287143754639601
 31
-5.419336637100914e-18
  0
LINE
  5
1D0
  8
DWGMODELS.COM
  6
BYLAYER
 62
  183
 10
6.759909166510624
 20
3.239163980526484
 30
-5.419336637100914e-18
 11
6.759909166510624
 21
3.287143754639601
 31
-5.419336637100914e-18
  0
LINE
  5
1D1
  8
DWGMODELS.COM
  6
BYLAYER
 62
  183
 10
6.76568102672536
 20
3.244563705167252
 30
-5.419336637100914e-18
 11
6.717329117149347
 21
3.244563705167252
 31
-5.419336637100914e-18
  0
LINE
  5
1D2
  8
DWGMODELS.COM
  6
BYLAYER
 62
  183
 10
5.422120476290729
 20
2.52070286391853
 30
-5.419336637100914e-18
 11
5.422120476290729
 21
2.605862962863227
 31
-5.419336637100914e-18
  0
LINE
  5
1D3
  8
DWGMODELS.COM
  6
BYLAYER
 62
  183
 10
5.762760872068611
 20
2.52070286391853
 30
-5.419336637100914e-18
 11
5.762760872068611
 21
2.605862962863227
 31
-5.419336637100914e-18
  0
LINE
  5
1D4
  8
DWGMODELS.COM
  6
BYLAYER
 62
  183
 10
6.103401267846493
 20
2.52070286391853
 30
-5.419336637100914e-18
 11
6.103401267846493
 21
2.605862962863227
 31
-5.419336637100914e-18
  0
LINE
  5
1D5
  8
DWGMODELS.COM
  6
BYLAYER
 62
  183
 10
6.27372146617563
 20
2.350382666029077
 30
-5.419336637100914e-18
 11
6.27372146617563
 21
2.435542764973775
 31
-5.419336637100914e-18
  0
LINE
  5
1D6
  8
DWGMODELS.COM
  6
BYLAYER
 62
  183
 10
5.592440674616228
 20
2.350382666029077
 30
-5.419336637100914e-18
 11
5.592440674616228
 21
2.435542764973775
 31
-5.419336637100914e-18
  0
LINE
  5
1D7
  8
DWGMODELS.COM
  6
BYLAYER
 62
  183
 10
5.635020723981143
 20
2.392962715501426
 30
-5.419336637100914e-18
 11
5.549860625254951
 21
2.392962715501426
 31
-5.419336637100914e-18
  0
LINE
  5
1D8
  8
DWGMODELS.COM
  6
BYLAYER
 62
  183
 10
5.464700525652006
 20
2.563282913390879
 30
-5.419336637100914e-18
 11
5.379540426925814
 21
2.563282913390879
 31
-5.419336637100914e-18
  0
LINE
  5
1D9
  8
DWGMODELS.COM
  6
BYLAYER
 62
  183
 10
5.464700525652006
 20
2.222642517611973
 30
-5.419336637100914e-18
 11
5.379540426925814
 21
2.222642517611973
 31
-5.419336637100914e-18
  0
LINE
  5
1DA
  8
DWGMODELS.COM
  6
BYLAYER
 62
  183
 10
5.422120476290729
 20
2.180062468030314
 30
-5.419336637100914e-18
 11
5.422120476290729
 21
2.265222567084322
 31
-5.419336637100914e-18
  0
LINE
  5
1DB
  8
DWGMODELS.COM
  6
BYLAYER
 62
  183
 10
5.805340921433526
 20
2.563282913390879
 30
-5.419336637100914e-18
 11
5.720180822707334
 21
2.563282913390879
 31
-5.419336637100914e-18
  0
LINE
  5
1DC
  8
DWGMODELS.COM
  6
BYLAYER
 62
  183
 10
5.805340921433526
 20
2.222642517611973
 30
-5.419336637100914e-18
 11
5.720180822707334
 21
2.222642517611973
 31
-5.419336637100914e-18
  0
LINE
  5
1DD
  8
DWGMODELS.COM
  6
BYLAYER
 62
  183
 10
6.145981318084523
 20
2.563282913390879
 30
-5.419336637100914e-18
 11
6.060821218485216
 21
2.563282913390879
 31
-5.419336637100914e-18
  0
LINE
  5
1DE
  8
DWGMODELS.COM
  6
BYLAYER
 62
  183
 10
5.975661119759025
 20
2.392962715501426
 30
-5.419336637100914e-18
 11
5.890501021032833
 21
2.392962715501426
 31
-5.419336637100914e-18
  0
LINE
  5
1DF
  8
DWGMODELS.COM
  6
BYLAYER
 62
  183
 10
6.145981318084523
 20
2.222642517611973
 30
-5.419336637100914e-18
 11
6.060821218485216
 21
2.222642517611973
 31
-5.419336637100914e-18
  0
LINE
  5
1E0
  8
DWGMODELS.COM
  6
BYLAYER
 62
  183
 10
5.93308107039411
 20
2.350382666029077
 30
-5.419336637100914e-18
 11
5.93308107039411
 21
2.435542764973775
 31
-5.419336637100914e-18
  0
LINE
  5
1E1
  8
DWGMODELS.COM
  6
BYLAYER
 62
  183
 10
5.762760872068611
 20
2.180062468030314
 30
-5.419336637100914e-18
 11
5.762760872068611
 21
2.265222567084322
 31
-5.419336637100914e-18
  0
LINE
  5
1E2
  8
DWGMODELS.COM
  6
BYLAYER
 62
  183
 10
6.103401267846493
 20
2.180062468030314
 30
-5.419336637100914e-18
 11
6.103401267846493
 21
2.265222567084322
 31
-5.419336637100914e-18
  0
LINE
  5
1E3
  8
DWGMODELS.COM
  6
BYLAYER
 62
  183
 10
6.27372146617563
 20
2.691023061917235
 30
-5.419336637100914e-18
 11
6.27372146617563
 21
2.77618316086199
 31
-5.419336637100914e-18
  0
LINE
  5
1E4
  8
DWGMODELS.COM
  6
BYLAYER
 62
  183
 10
6.27372146617563
 20
3.031663457696141
 30
-5.419336637100914e-18
 11
6.27372146617563
 21
3.116823556640895
 31
-5.419336637100914e-18
  0
LINE
  5
1E5
  8
DWGMODELS.COM
  6
BYLAYER
 62
  183
 10
5.081480080512847
 20
3.201983655694903
 30
-5.419336637100914e-18
 11
5.081480080512847
 21
3.287143754639601
 31
-5.419336637100914e-18
  0
LINE
  5
1E6
  8
DWGMODELS.COM
  6
BYLAYER
 62
  183
 10
5.124060129874124
 20
3.244563705167252
 30
-5.419336637100914e-18
 11
5.038900031147932
 21
3.244563705167252
 31
-5.419336637100914e-18
  0
LINE
  5
1E7
  8
DWGMODELS.COM
  6
BYLAYER
 62
  183
 10
5.294380328199622
 20
3.074243507168489
 30
-5.419336637100914e-18
 11
5.209220229473431
 21
3.074243507168489
 31
-5.419336637100914e-18
  0
LINE
  5
1E8
  8
DWGMODELS.COM
  6
BYLAYER
 62
  183
 10
5.592440674616228
 20
2.691023061917235
 30
-5.419336637100914e-18
 11
5.592440674616228
 21
2.77618316086199
 31
-5.419336637100914e-18
  0
LINE
  5
1E9
  8
DWGMODELS.COM
  6
BYLAYER
 62
  183
 10
5.592440674616228
 20
3.031663457696141
 30
-5.419336637100914e-18
 11
5.592440674616228
 21
3.116823556640895
 31
-5.419336637100914e-18
  0
LINE
  5
1EA
  8
DWGMODELS.COM
  6
BYLAYER
 62
  183
 10
5.635020723981143
 20
2.733603111389584
 30
-5.419336637100914e-18
 11
5.549860625254951
 21
2.733603111389584
 31
-5.419336637100914e-18
  0
LINE
  5
1EB
  8
DWGMODELS.COM
  6
BYLAYER
 62
  183
 10
5.635020723981143
 20
3.074243507168489
 30
-5.419336637100914e-18
 11
5.549860625254951
 21
3.074243507168489
 31
-5.419336637100914e-18
  0
LINE
  5
1EC
  8
DWGMODELS.COM
  6
BYLAYER
 62
  183
 10
5.422120476290729
 20
2.861343259806688
 30
-5.419336637100914e-18
 11
5.422120476290729
 21
2.946503358751443
 31
-5.419336637100914e-18
  0
LINE
  5
1ED
  8
DWGMODELS.COM
  6
BYLAYER
 62
  183
 10
5.422120476290729
 20
3.201983655694903
 30
-5.419336637100914e-18
 11
5.422120476290729
 21
3.287143754639601
 31
-5.419336637100914e-18
  0
LINE
  5
1EE
  8
DWGMODELS.COM
  6
BYLAYER
 62
  183
 10
5.464700525652006
 20
3.244563705167252
 30
-5.419336637100914e-18
 11
5.379540426925814
 21
3.244563705167252
 31
-5.419336637100914e-18
  0
LINE
  5
1EF
  8
DWGMODELS.COM
  6
BYLAYER
 62
  183
 10
5.464700525652006
 20
2.903923309279037
 30
-5.419336637100914e-18
 11
5.379540426925814
 21
2.903923309279037
 31
-5.419336637100914e-18
  0
LINE
  5
1F0
  8
DWGMODELS.COM
  6
BYLAYER
 62
  183
 10
5.975661119759025
 20
2.733603111389584
 30
-5.419336637100914e-18
 11
5.890501021032833
 21
2.733603111389584
 31
-5.419336637100914e-18
  0
LINE
  5
1F1
  8
DWGMODELS.COM
  6
BYLAYER
 62
  183
 10
5.93308107039411
 20
2.691023061917235
 30
-5.419336637100914e-18
 11
5.93308107039411
 21
2.77618316086199
 31
-5.419336637100914e-18
  0
LINE
  5
1F2
  8
DWGMODELS.COM
  6
BYLAYER
 62
  183
 10
5.805340921433526
 20
3.244563705167252
 30
-5.419336637100914e-18
 11
5.720180822707334
 21
3.244563705167252
 31
-5.419336637100914e-18
  0
LINE
  5
1F3
  8
DWGMODELS.COM
  6
BYLAYER
 62
  183
 10
5.805340921433526
 20
2.903923309279037
 30
-5.419336637100914e-18
 11
5.720180822707334
 21
2.903923309279037
 31
-5.419336637100914e-18
  0
LINE
  5
1F4
  8
DWGMODELS.COM
  6
BYLAYER
 62
  183
 10
5.762760872068611
 20
2.861343259806688
 30
-5.419336637100914e-18
 11
5.762760872068611
 21
2.946503358751443
 31
-5.419336637100914e-18
  0
LINE
  5
1F5
  8
DWGMODELS.COM
  6
BYLAYER
 62
  183
 10
5.762760872068611
 20
3.201983655694903
 30
-5.419336637100914e-18
 11
5.762760872068611
 21
3.287143754639601
 31
-5.419336637100914e-18
  0
LINE
  5
1F6
  8
DWGMODELS.COM
  6
BYLAYER
 62
  183
 10
6.145981318084523
 20
3.244563705167252
 30
-5.419336637100914e-18
 11
6.060821218485216
 21
3.244563705167252
 31
-5.419336637100914e-18
  0
LINE
  5
1F7
  8
DWGMODELS.COM
  6
BYLAYER
 62
  183
 10
5.975661119759025
 20
3.074243507168489
 30
-5.419336637100914e-18
 11
5.890501021032833
 21
3.074243507168489
 31
-5.419336637100914e-18
  0
LINE
  5
1F8
  8
DWGMODELS.COM
  6
BYLAYER
 62
  183
 10
6.145981318084523
 20
2.903923309279037
 30
-5.419336637100914e-18
 11
6.060821218485216
 21
2.903923309279037
 31
-5.419336637100914e-18
  0
LINE
  5
1F9
  8
DWGMODELS.COM
  6
BYLAYER
 62
  183
 10
6.103401267846493
 20
2.861343259806688
 30
-5.419336637100914e-18
 11
6.103401267846493
 21
2.946503358751443
 31
-5.419336637100914e-18
  0
LINE
  5
1FA
  8
DWGMODELS.COM
  6
BYLAYER
 62
  183
 10
6.103401267846493
 20
3.201983655694903
 30
-5.419336637100914e-18
 11
6.103401267846493
 21
3.287143754639601
 31
-5.419336637100914e-18
  0
LINE
  5
1FB
  8
DWGMODELS.COM
  6
BYLAYER
 62
  183
 10
5.93308107039411
 20
3.031663457696141
 30
-5.419336637100914e-18
 11
5.93308107039411
 21
3.116823556640895
 31
-5.419336637100914e-18
  0
LINE
  5
1FC
  8
DWGMODELS.COM
  6
BYLAYER
 62
  183
 10
5.251800278838346
 20
3.031663457696141
 30
-5.419336637100914e-18
 11
5.251800278838346
 21
3.116823556640895
 31
-5.419336637100914e-18
  0
ARC
  5
1FD
  8
DWGMODELS.COM
  6
BYLAYER
 62
  183
 10
4.569399981359311
 20
3.059495870492469
 30
-5.419336637100914e-18
 40
0.7029235757129259
 50
216.2806726981043
 51
267.5324718065537
  0
LINE
  5
1FE
  8
DWGMODELS.COM
  6
BYLAYER
 62
  183
 10
4.071530264620378
 20
2.563282913390879
 30
-5.419336637100914e-18
 11
4.016978843810648
 21
2.563282913390879
 31
-5.419336637100914e-18
  0
LINE
  5
1FF
  8
DWGMODELS.COM
  6
BYLAYER
 62
  183
 10
4.272459140865976
 20
2.392962715501426
 30
-5.419336637100914e-18
 11
4.187299041263032
 21
2.392962715501426
 31
-5.419336637100914e-18
  0
LINE
  5
200
  8
DWGMODELS.COM
  6
BYLAYER
 62
  183
 10
4.10213894253684
 20
2.222642517611973
 30
-5.419336637100914e-18
 11
4.016978843810648
 21
2.222642517611973
 31
-5.419336637100914e-18
  0
LINE
  5
201
  8
DWGMODELS.COM
  6
BYLAYER
 62
  183
 10
4.229879090627946
 20
2.350382666029077
 30
-5.419336637100914e-18
 11
4.229879090627946
 21
2.435542764973775
 31
-5.419336637100914e-18
  0
LINE
  5
202
  8
DWGMODELS.COM
  6
BYLAYER
 62
  183
 10
4.059558893175563
 20
2.52070286391853
 30
-5.419336637100914e-18
 11
4.059558893175563
 21
2.575591315642953
 31
-5.419336637100914e-18
  0
LINE
  5
203
  8
DWGMODELS.COM
  6
BYLAYER
 62
  183
 10
4.400199288953445
 20
2.180062468030314
 30
-5.419336637100914e-18
 11
4.400199288953445
 21
2.265222567084322
 31
-5.419336637100914e-18
  0
LINE
  5
204
  8
DWGMODELS.COM
  6
BYLAYER
 62
  183
 10
4.059558893175563
 20
2.180062468030314
 30
-5.419336637100914e-18
 11
4.059558893175563
 21
2.265222567084322
 31
-5.419336637100914e-18
  0
LINE
  5
205
  8
DWGMODELS.COM
  6
BYLAYER
 62
  183
 10
4.44277933831836
 20
2.222642517611973
 30
-5.419336637100914e-18
 11
4.357619239592168
 21
2.222642517611973
 31
-5.419336637100914e-18
  0
ARC
  5
206
  8
DWGMODELS.COM
  6
BYLAYER
 62
  183
 10
4.462441176208813
 20
2.206757447742973
 30
-5.419336637100914e-18
 40
0.1688858646520565
 50
338.9591072617702
 51
62.99118622613635
  0
LINE
  5
207
  8
DWGMODELS.COM
  6
BYLAYER
 62
  183
 10
4.059558893175563
 20
3.239163980526484
 30
-5.419336637100914e-18
 11
4.059558893175563
 21
3.287143754639601
 31
-5.419336637100914e-18
  0
LINE
  5
208
  8
DWGMODELS.COM
  6
BYLAYER
 62
  183
 10
4.065330753390299
 20
3.244563705167252
 30
-5.419336637100914e-18
 11
4.016978843810648
 21
3.244563705167252
 31
-5.419336637100914e-18
  0
ARC
  5
209
  8
DWGMODELS.COM
  6
BYLAYER
 62
  183
 10
2.781302973166021
 20
2.206757447742973
 30
-5.419336637100914e-18
 40
0.1688858646520565
 50
338.9591072617702
 51
62.99118622613635
  0
ARC
  5
20A
  8
DWGMODELS.COM
  6
BYLAYER
 62
  183
 10
2.781302973166021
 20
4.015158899709093
 30
-5.419336637100914e-18
 40
0.1688858646520565
 50
338.9591072617702
 51
62.99118622613635
  0
LINE
  5
20B
  8
DWGMODELS.COM
  6
BYLAYER
 62
  183
 10
2.889381283363036
 20
5.521345701438634
 30
-5.419336637100914e-18
 11
2.889381283363036
 21
5.606505800383388
 31
-5.419336637100914e-18
  0
LINE
  5
20C
  8
DWGMODELS.COM
  6
BYLAYER
 62
  183
 10
3.230021679144556
 20
5.521345701438634
 30
-5.419336637100914e-18
 11
3.230021679144556
 21
5.606505800383388
 31
-5.419336637100914e-18
  0
LINE
  5
20D
  8
DWGMODELS.COM
  6
BYLAYER
 62
  183
 10
2.889381283363036
 20
5.235139220377164
 30
-5.419336637100914e-18
 11
2.889381283363036
 21
5.265865404495173
 31
-5.419336637100914e-18
  0
LINE
  5
20E
  8
DWGMODELS.COM
  6
BYLAYER
 62
  183
 10
2.719061085910653
 20
5.351025503549181
 30
-5.419336637100914e-18
 11
2.719061085910653
 21
5.436185602493936
 31
-5.419336637100914e-18
  0
LINE
  5
20F
  8
DWGMODELS.COM
  6
BYLAYER
 62
  183
 10
2.761641135275568
 20
5.39360555302153
 30
-5.419336637100914e-18
 11
2.676481036549376
 21
5.39360555302153
 31
-5.419336637100914e-18
  0
LINE
  5
210
  8
DWGMODELS.COM
  6
BYLAYER
 62
  183
 10
3.059701481692173
 20
5.351025503549181
 30
-5.419336637100914e-18
 11
3.059701481692173
 21
5.436185602493936
 31
-5.419336637100914e-18
  0
LINE
  5
211
  8
DWGMODELS.COM
  6
BYLAYER
 62
  183
 10
3.272601729382586
 20
5.223285355022824
 30
-5.419336637100914e-18
 11
3.187441629779642
 21
5.223285355022824
 31
-5.419336637100914e-18
  0
LINE
  5
212
  8
DWGMODELS.COM
  6
BYLAYER
 62
  183
 10
3.230021679144556
 20
5.180705305550475
 30
-5.419336637100914e-18
 11
3.230021679144556
 21
5.265865404495173
 31
-5.419336637100914e-18
  0
LINE
  5
213
  8
DWGMODELS.COM
  6
BYLAYER
 62
  183
 10
3.400341877470055
 20
5.351025503549181
 30
-5.419336637100914e-18
 11
3.400341877470055
 21
5.436185602493936
 31
-5.419336637100914e-18
  0
LINE
  5
214
  8
DWGMODELS.COM
  6
BYLAYER
 62
  183
 10
3.44292192683497
 20
5.39360555302153
 30
-5.419336637100914e-18
 11
3.357761828108778
 21
5.39360555302153
 31
-5.419336637100914e-18
  0
LINE
  5
215
  8
DWGMODELS.COM
  6
BYLAYER
 62
  183
 10
3.10228153105345
 20
5.39360555302153
 30
-5.419336637100914e-18
 11
3.017121432327258
 21
5.39360555302153
 31
-5.419336637100914e-18
  0
LINE
  5
216
  8
DWGMODELS.COM
  6
BYLAYER
 62
  183
 10
3.44292192683497
 20
5.052965157133372
 30
-5.419336637100914e-18
 11
3.357761828108778
 21
5.052965157133372
 31
-5.419336637100914e-18
  0
LINE
  5
217
  8
DWGMODELS.COM
  6
BYLAYER
 62
  183
 10
3.400341877470055
 20
5.010385107661023
 30
-5.419336637100914e-18
 11
3.400341877470055
 21
5.095545206605721
 31
-5.419336637100914e-18
  0
LINE
  5
218
  8
DWGMODELS.COM
  6
BYLAYER
 62
  183
 10
2.761641135275568
 20
6.68317370244489
 30
-5.419336637100914e-18
 11
2.676481036549376
 21
6.68317370244489
 31
-5.419336637100914e-18
  0
LINE
  5
219
  8
DWGMODELS.COM
  6
BYLAYER
 62
  183
 10
2.719061085910653
 20
6.640593652972541
 30
-5.419336637100914e-18
 11
2.719061085910653
 21
6.725753751917239
 31
-5.419336637100914e-18
  0
LINE
  5
21A
  8
DWGMODELS.COM
  6
BYLAYER
 62
  183
 10
2.889381283363036
 20
6.202626493215007
 30
-5.419336637100914e-18
 11
2.889381283363036
 21
6.287786592159762
 31
-5.419336637100914e-18
  0
LINE
  5
21B
  8
DWGMODELS.COM
  6
BYLAYER
 62
  183
 10
2.931961332727951
 20
6.245206542687356
 30
-5.419336637100914e-18
 11
2.846801234001759
 21
6.245206542687356
 31
-5.419336637100914e-18
  0
LINE
  5
21C
  8
DWGMODELS.COM
  6
BYLAYER
 62
  183
 10
2.719061085910653
 20
6.37294669110446
 30
-5.419336637100914e-18
 11
2.719061085910653
 21
6.458106790049214
 31
-5.419336637100914e-18
  0
LINE
  5
21D
  8
DWGMODELS.COM
  6
BYLAYER
 62
  183
 10
2.761641135275568
 20
6.415526740576809
 30
-5.419336637100914e-18
 11
2.676481036549376
 21
6.415526740576809
 31
-5.419336637100914e-18
  0
LINE
  5
21E
  8
DWGMODELS.COM
  6
BYLAYER
 62
  183
 10
2.889381283363036
 20
5.861986097326849
 30
-5.419336637100914e-18
 11
2.889381283363036
 21
5.947146196271547
 31
-5.419336637100914e-18
  0
LINE
  5
21F
  8
DWGMODELS.COM
  6
BYLAYER
 62
  183
 10
2.931961332727951
 20
5.904566146799198
 30
-5.419336637100914e-18
 11
2.846801234001759
 21
5.904566146799198
 31
-5.419336637100914e-18
  0
LINE
  5
220
  8
DWGMODELS.COM
  6
BYLAYER
 62
  183
 10
2.931961332727951
 20
5.563925750910983
 30
-5.419336637100914e-18
 11
2.846801234001759
 21
5.563925750910983
 31
-5.419336637100914e-18
  0
LINE
  5
221
  8
DWGMODELS.COM
  6
BYLAYER
 62
  183
 10
2.761641135275568
 20
6.07488634468865
 30
-5.419336637100914e-18
 11
2.676481036549376
 21
6.07488634468865
 31
-5.419336637100914e-18
  0
LINE
  5
222
  8
DWGMODELS.COM
  6
BYLAYER
 62
  183
 10
2.761641135275568
 20
5.734245948909745
 30
-5.419336637100914e-18
 11
2.676481036549376
 21
5.734245948909745
 31
-5.419336637100914e-18
  0
LINE
  5
223
  8
DWGMODELS.COM
  6
BYLAYER
 62
  183
 10
2.719061085910653
 20
5.691665899328086
 30
-5.419336637100914e-18
 11
2.719061085910653
 21
5.776825998382094
 31
-5.419336637100914e-18
  0
LINE
  5
224
  8
DWGMODELS.COM
  6
BYLAYER
 62
  183
 10
2.719061085910653
 20
6.032306295216301
 30
-5.419336637100914e-18
 11
2.719061085910653
 21
6.117466394160999
 31
-5.419336637100914e-18
  0
LINE
  5
225
  8
DWGMODELS.COM
  6
BYLAYER
 62
  183
 10
3.059701481692173
 20
6.37294669110446
 30
-5.419336637100914e-18
 11
3.059701481692173
 21
6.458106790049214
 31
-5.419336637100914e-18
  0
LINE
  5
226
  8
DWGMODELS.COM
  6
BYLAYER
 62
  183
 10
3.059701481692173
 20
5.691665899328086
 30
-5.419336637100914e-18
 11
3.059701481692173
 21
5.776825998382094
 31
-5.419336637100914e-18
  0
LINE
  5
227
  8
DWGMODELS.COM
  6
BYLAYER
 62
  183
 10
3.059701481692173
 20
6.032306295216301
 30
-5.419336637100914e-18
 11
3.059701481692173
 21
6.117466394160999
 31
-5.419336637100914e-18
  0
LINE
  5
228
  8
DWGMODELS.COM
  6
BYLAYER
 62
  183
 10
2.889381283363036
 20
6.543266888993912
 30
-5.419336637100914e-18
 11
2.889381283363036
 21
6.606652834471504
 31
-5.419336637100914e-18
  0
LINE
  5
229
  8
DWGMODELS.COM
  6
BYLAYER
 62
  183
 10
3.400341877470055
 20
6.37294669110446
 30
-5.419336637100914e-18
 11
3.400341877470055
 21
6.458106790049214
 31
-5.419336637100914e-18
  0
LINE
  5
22A
  8
DWGMODELS.COM
  6
BYLAYER
 62
  183
 10
3.272601729382586
 20
6.245206542687356
 30
-5.419336637100914e-18
 11
3.187441629779642
 21
6.245206542687356
 31
-5.419336637100914e-18
  0
LINE
  5
22B
  8
DWGMODELS.COM
  6
BYLAYER
 62
  183
 10
3.230021679144556
 20
6.202626493215007
 30
-5.419336637100914e-18
 11
3.230021679144556
 21
6.287786592159762
 31
-5.419336637100914e-18
  0
LINE
  5
22C
  8
DWGMODELS.COM
  6
BYLAYER
 62
  183
 10
3.44292192683497
 20
6.415526740576809
 30
-5.419336637100914e-18
 11
3.357761828108778
 21
6.415526740576809
 31
-5.419336637100914e-18
  0
LINE
  5
22D
  8
DWGMODELS.COM
  6
BYLAYER
 62
  183
 10
3.44292192683497
 20
6.07488634468865
 30
-5.419336637100914e-18
 11
3.357761828108778
 21
6.07488634468865
 31
-5.419336637100914e-18
  0
LINE
  5
22E
  8
DWGMODELS.COM
  6
BYLAYER
 62
  183
 10
3.44292192683497
 20
5.734245948909745
 30
-5.419336637100914e-18
 11
3.357761828108778
 21
5.734245948909745
 31
-5.419336637100914e-18
  0
LINE
  5
22F
  8
DWGMODELS.COM
  6
BYLAYER
 62
  183
 10
3.400341877470055
 20
5.691665899328086
 30
-5.419336637100914e-18
 11
3.400341877470055
 21
5.776825998382094
 31
-5.419336637100914e-18
  0
LINE
  5
230
  8
DWGMODELS.COM
  6
BYLAYER
 62
  183
 10
3.400341877470055
 20
6.032306295216301
 30
-5.419336637100914e-18
 11
3.400341877470055
 21
6.117466394160999
 31
-5.419336637100914e-18
  0
LINE
  5
231
  8
DWGMODELS.COM
  6
BYLAYER
 62
  183
 10
3.272601729382586
 20
5.904566146799198
 30
-5.419336637100914e-18
 11
3.187441629779642
 21
5.904566146799198
 31
-5.419336637100914e-18
  0
LINE
  5
232
  8
DWGMODELS.COM
  6
BYLAYER
 62
  183
 10
3.272601729382586
 20
5.563925750910983
 30
-5.419336637100914e-18
 11
3.187441629779642
 21
5.563925750910983
 31
-5.419336637100914e-18
  0
LINE
  5
233
  8
DWGMODELS.COM
  6
BYLAYER
 62
  183
 10
3.230021679144556
 20
5.861986097326849
 30
-5.419336637100914e-18
 11
3.230021679144556
 21
5.947146196271547
 31
-5.419336637100914e-18
  0
LINE
  5
234
  8
DWGMODELS.COM
  6
BYLAYER
 62
  183
 10
3.230021679144556
 20
6.543266888993912
 30
-5.419336637100914e-18
 11
3.230021679144556
 21
6.606652834471504
 31
-5.419336637100914e-18
  0
LINE
  5
235
  8
DWGMODELS.COM
  6
BYLAYER
 62
  183
 10
3.10228153105345
 20
6.415526740576809
 30
-5.419336637100914e-18
 11
3.017121432327258
 21
6.415526740576809
 31
-5.419336637100914e-18
  0
LINE
  5
236
  8
DWGMODELS.COM
  6
BYLAYER
 62
  183
 10
3.10228153105345
 20
6.07488634468865
 30
-5.419336637100914e-18
 11
3.017121432327258
 21
6.07488634468865
 31
-5.419336637100914e-18
  0
LINE
  5
237
  8
DWGMODELS.COM
  6
BYLAYER
 62
  183
 10
3.10228153105345
 20
5.734245948909745
 30
-5.419336637100914e-18
 11
3.017121432327258
 21
5.734245948909745
 31
-5.419336637100914e-18
  0
LINE
  5
238
  8
DWGMODELS.COM
  6
BYLAYER
 62
  183
 10
2.548740887585154
 20
5.521345701438634
 30
-5.419336637100914e-18
 11
2.548740887585154
 21
5.606505800383388
 31
-5.419336637100914e-18
  0
LINE
  5
239
  8
DWGMODELS.COM
  6
BYLAYER
 62
  183
 10
2.548740887585154
 20
5.180705305550475
 30
-5.419336637100914e-18
 11
2.548740887585154
 21
5.265865404495173
 31
-5.419336637100914e-18
  0
LINE
  5
23A
  8
DWGMODELS.COM
  6
BYLAYER
 62
  183
 10
2.591320936950069
 20
5.223285355022824
 30
-5.419336637100914e-18
 11
2.506160838223877
 21
5.223285355022824
 31
-5.419336637100914e-18
  0
LINE
  5
23B
  8
DWGMODELS.COM
  6
BYLAYER
 62
  183
 10
2.378420690132771
 20
5.351025503549181
 30
-5.419336637100914e-18
 11
2.378420690132771
 21
5.436185602493936
 31
-5.419336637100914e-18
  0
LINE
  5
23C
  8
DWGMODELS.COM
  6
BYLAYER
 62
  183
 10
2.421000739497686
 20
5.39360555302153
 30
-5.419336637100914e-18
 11
2.335840640771494
 21
5.39360555302153
 31
-5.419336637100914e-18
  0
LINE
  5
23D
  8
DWGMODELS.COM
  6
BYLAYER
 62
  183
 10
2.384192550347507
 20
5.052965157133372
 30
-5.419336637100914e-18
 11
2.335840640771494
 21
5.052965157133372
 31
-5.419336637100914e-18
  0
LINE
  5
23E
  8
DWGMODELS.COM
  6
BYLAYER
 62
  183
 10
2.378420690132771
 20
5.047565432492604
 30
-5.419336637100914e-18
 11
2.378420690132771
 21
5.095545206605721
 31
-5.419336637100914e-18
  0
LINE
  5
23F
  8
DWGMODELS.COM
  6
BYLAYER
 62
  183
 10
2.378420690132771
 20
6.640593652972541
 30
-5.419336637100914e-18
 11
2.378420690132771
 21
6.725753751917239
 31
-5.419336637100914e-18
  0
LINE
  5
240
  8
DWGMODELS.COM
  6
BYLAYER
 62
  183
 10
2.421000739497686
 20
6.68317370244489
 30
-5.419336637100914e-18
 11
2.335840640771494
 21
6.68317370244489
 31
-5.419336637100914e-18
  0
LINE
  5
241
  8
DWGMODELS.COM
  6
BYLAYER
 62
  183
 10
2.378420690132771
 20
6.37294669110446
 30
-5.419336637100914e-18
 11
2.378420690132771
 21
6.458106790049214
 31
-5.419336637100914e-18
  0
LINE
  5
242
  8
DWGMODELS.COM
  6
BYLAYER
 62
  183
 10
2.548740887585154
 20
6.202626493215007
 30
-5.419336637100914e-18
 11
2.548740887585154
 21
6.287786592159762
 31
-5.419336637100914e-18
  0
LINE
  5
243
  8
DWGMODELS.COM
  6
BYLAYER
 62
  183
 10
2.591320936950069
 20
6.245206542687356
 30
-5.419336637100914e-18
 11
2.506160838223877
 21
6.245206542687356
 31
-5.419336637100914e-18
  0
LINE
  5
244
  8
DWGMODELS.COM
  6
BYLAYER
 62
  183
 10
2.378420690132771
 20
5.691665899328086
 30
-5.419336637100914e-18
 11
2.378420690132771
 21
5.776825998382094
 31
-5.419336637100914e-18
  0
LINE
  5
245
  8
DWGMODELS.COM
  6
BYLAYER
 62
  183
 10
2.378420690132771
 20
6.032306295216301
 30
-5.419336637100914e-18
 11
2.378420690132771
 21
6.117466394160999
 31
-5.419336637100914e-18
  0
LINE
  5
246
  8
DWGMODELS.COM
  6
BYLAYER
 62
  183
 10
2.548740887585154
 20
5.861986097326849
 30
-5.419336637100914e-18
 11
2.548740887585154
 21
5.947146196271547
 31
-5.419336637100914e-18
  0
LINE
  5
247
  8
DWGMODELS.COM
  6
BYLAYER
 62
  183
 10
2.591320936950069
 20
5.904566146799198
 30
-5.419336637100914e-18
 11
2.506160838223877
 21
5.904566146799198
 31
-5.419336637100914e-18
  0
LINE
  5
248
  8
DWGMODELS.COM
  6
BYLAYER
 62
  183
 10
2.591320936950069
 20
5.563925750910983
 30
-5.419336637100914e-18
 11
2.506160838223877
 21
5.563925750910983
 31
-5.419336637100914e-18
  0
LINE
  5
249
  8
DWGMODELS.COM
  6
BYLAYER
 62
  183
 10
2.421000739497686
 20
6.415526740576809
 30
-5.419336637100914e-18
 11
2.335840640771494
 21
6.415526740576809
 31
-5.419336637100914e-18
  0
LINE
  5
24A
  8
DWGMODELS.COM
  6
BYLAYER
 62
  183
 10
2.421000739497686
 20
6.07488634468865
 30
-5.419336637100914e-18
 11
2.335840640771494
 21
6.07488634468865
 31
-5.419336637100914e-18
  0
LINE
  5
24B
  8
DWGMODELS.COM
  6
BYLAYER
 62
  183
 10
2.421000739497686
 20
5.734245948909745
 30
-5.419336637100914e-18
 11
2.335840640771494
 21
5.734245948909745
 31
-5.419336637100914e-18
  0
LINE
  5
24C
  8
DWGMODELS.COM
  6
BYLAYER
 62
  183
 10
2.548740887585154
 20
6.543266888993912
 30
-5.419336637100914e-18
 11
2.548740887585154
 21
6.606652834471504
 31
-5.419336637100914e-18
  0
LINE
  5
24D
  8
DWGMODELS.COM
  6
BYLAYER
 62
  183
 10
2.719061085910653
 20
8.684436028083098
 30
-5.419336637100914e-18
 11
2.719061085910653
 21
8.769596127137106
 31
-5.419336637100914e-18
  0
LINE
  5
24E
  8
DWGMODELS.COM
  6
BYLAYER
 62
  183
 10
3.059701481692173
 20
8.684436028083098
 30
-5.419336637100914e-18
 11
3.059701481692173
 21
8.769596127137106
 31
-5.419336637100914e-18
  0
LINE
  5
24F
  8
DWGMODELS.COM
  6
BYLAYER
 62
  183
 10
3.400341877470055
 20
8.684436028083098
 30
-5.419336637100914e-18
 11
3.400341877470055
 21
8.769596127137106
 31
-5.419336637100914e-18
  0
LINE
  5
250
  8
DWGMODELS.COM
  6
BYLAYER
 62
  183
 10
2.889381283363036
 20
8.514115830193646
 30
-5.419336637100914e-18
 11
2.889381283363036
 21
8.599275929138344
 31
-5.419336637100914e-18
  0
LINE
  5
251
  8
DWGMODELS.COM
  6
BYLAYER
 62
  183
 10
2.931961332727951
 20
8.556695879665995
 30
-5.419336637100914e-18
 11
2.846801234001759
 21
8.556695879665995
 31
-5.419336637100914e-18
  0
LINE
  5
252
  8
DWGMODELS.COM
  6
BYLAYER
 62
  183
 10
2.761641135275568
 20
8.386375681776542
 30
-5.419336637100914e-18
 11
2.676481036549376
 21
8.386375681776542
 31
-5.419336637100914e-18
  0
LINE
  5
253
  8
DWGMODELS.COM
  6
BYLAYER
 62
  183
 10
2.719061085910653
 20
8.343795632304193
 30
-5.419336637100914e-18
 11
2.719061085910653
 21
8.428955731248891
 31
-5.419336637100914e-18
  0
LINE
  5
254
  8
DWGMODELS.COM
  6
BYLAYER
 62
  183
 10
2.889381283363036
 20
7.887268953244018
 30
-5.419336637100914e-18
 11
2.889381283363036
 21
7.91799513747128
 31
-5.419336637100914e-18
  0
LINE
  5
255
  8
DWGMODELS.COM
  6
BYLAYER
 62
  183
 10
2.889381283363036
 20
8.173475434305431
 30
-5.419336637100914e-18
 11
2.889381283363036
 21
8.258635533359438
 31
-5.419336637100914e-18
  0
LINE
  5
256
  8
DWGMODELS.COM
  6
BYLAYER
 62
  183
 10
2.931961332727951
 20
8.216055483777836
 30
-5.419336637100914e-18
 11
2.846801234001759
 21
8.216055483777836
 31
-5.419336637100914e-18
  0
LINE
  5
257
  8
DWGMODELS.COM
  6
BYLAYER
 62
  183
 10
2.761641135275568
 20
8.045735285888384
 30
-5.419336637100914e-18
 11
2.676481036549376
 21
8.045735285888384
 31
-5.419336637100914e-18
  0
LINE
  5
258
  8
DWGMODELS.COM
  6
BYLAYER
 62
  183
 10
2.719061085910653
 20
8.003155236415978
 30
-5.419336637100914e-18
 11
2.719061085910653
 21
8.088315335360733
 31
-5.419336637100914e-18
  0
LINE
  5
259
  8
DWGMODELS.COM
  6
BYLAYER
 62
  183
 10
3.059701481692173
 20
8.343795632304193
 30
-5.419336637100914e-18
 11
3.059701481692173
 21
8.428955731248891
 31
-5.419336637100914e-18
  0
LINE
  5
25A
  8
DWGMODELS.COM
  6
BYLAYER
 62
  183
 10
3.059701481692173
 20
8.003155236415978
 30
-5.419336637100914e-18
 11
3.059701481692173
 21
8.088315335360733
 31
-5.419336637100914e-18
  0
LINE
  5
25B
  8
DWGMODELS.COM
  6
BYLAYER
 62
  183
 10
3.44292192683497
 20
8.386375681776542
 30
-5.419336637100914e-18
 11
3.357761828108778
 21
8.386375681776542
 31
-5.419336637100914e-18
  0
LINE
  5
25C
  8
DWGMODELS.COM
  6
BYLAYER
 62
  183
 10
3.400341877470055
 20
8.343795632304193
 30
-5.419336637100914e-18
 11
3.400341877470055
 21
8.428955731248891
 31
-5.419336637100914e-18
  0
LINE
  5
25D
  8
DWGMODELS.COM
  6
BYLAYER
 62
  183
 10
3.272601729382586
 20
8.556695879665995
 30
-5.419336637100914e-18
 11
3.187441629779642
 21
8.556695879665995
 31
-5.419336637100914e-18
  0
LINE
  5
25E
  8
DWGMODELS.COM
  6
BYLAYER
 62
  183
 10
3.230021679144556
 20
8.514115830193646
 30
-5.419336637100914e-18
 11
3.230021679144556
 21
8.599275929138344
 31
-5.419336637100914e-18
  0
LINE
  5
25F
  8
DWGMODELS.COM
  6
BYLAYER
 62
  183
 10
3.44292192683497
 20
8.045735285888384
 30
-5.419336637100914e-18
 11
3.357761828108778
 21
8.045735285888384
 31
-5.419336637100914e-18
  0
LINE
  5
260
  8
DWGMODELS.COM
  6
BYLAYER
 62
  183
 10
3.400341877470055
 20
8.003155236415978
 30
-5.419336637100914e-18
 11
3.400341877470055
 21
8.088315335360733
 31
-5.419336637100914e-18
  0
LINE
  5
261
  8
DWGMODELS.COM
  6
BYLAYER
 62
  183
 10
3.272601729382586
 20
7.875415087998931
 30
-5.419336637100914e-18
 11
3.187441629779642
 21
7.875415087998931
 31
-5.419336637100914e-18
  0
LINE
  5
262
  8
DWGMODELS.COM
  6
BYLAYER
 62
  183
 10
3.272601729382586
 20
8.216055483777836
 30
-5.419336637100914e-18
 11
3.187441629779642
 21
8.216055483777836
 31
-5.419336637100914e-18
  0
LINE
  5
263
  8
DWGMODELS.COM
  6
BYLAYER
 62
  183
 10
3.230021679144556
 20
8.173475434305431
 30
-5.419336637100914e-18
 11
3.230021679144556
 21
8.258635533359438
 31
-5.419336637100914e-18
  0
LINE
  5
264
  8
DWGMODELS.COM
  6
BYLAYER
 62
  183
 10
3.44292192683497
 20
7.705094890000169
 30
-5.419336637100914e-18
 11
3.357761828108778
 21
7.705094890000169
 31
-5.419336637100914e-18
  0
LINE
  5
265
  8
DWGMODELS.COM
  6
BYLAYER
 62
  183
 10
3.400341877470055
 20
7.66251484052782
 30
-5.419336637100914e-18
 11
3.400341877470055
 21
7.747674939472518
 31
-5.419336637100914e-18
  0
LINE
  5
266
  8
DWGMODELS.COM
  6
BYLAYER
 62
  183
 10
3.230021679144556
 20
7.832835038526525
 30
-5.419336637100914e-18
 11
3.230021679144556
 21
7.91799513747128
 31
-5.419336637100914e-18
  0
LINE
  5
267
  8
DWGMODELS.COM
  6
BYLAYER
 62
  183
 10
3.10228153105345
 20
8.386375681776542
 30
-5.419336637100914e-18
 11
3.017121432327258
 21
8.386375681776542
 31
-5.419336637100914e-18
  0
LINE
  5
268
  8
DWGMODELS.COM
  6
BYLAYER
 62
  183
 10
3.10228153105345
 20
8.045735285888384
 30
-5.419336637100914e-18
 11
3.017121432327258
 21
8.045735285888384
 31
-5.419336637100914e-18
  0
LINE
  5
269
  8
DWGMODELS.COM
  6
BYLAYER
 62
  183
 10
2.889381283363036
 20
9.195396621970019
 30
-5.419336637100914e-18
 11
2.889381283363036
 21
9.258782567338301
 31
-5.419336637100914e-18
  0
LINE
  5
26A
  8
DWGMODELS.COM
  6
BYLAYER
 62
  183
 10
2.931961332727951
 20
9.237976671442368
 30
-5.419336637100914e-18
 11
2.846801234001759
 21
9.237976671442368
 31
-5.419336637100914e-18
  0
LINE
  5
26B
  8
DWGMODELS.COM
  6
BYLAYER
 62
  183
 10
2.931961332727951
 20
8.897336275554153
 30
-5.419336637100914e-18
 11
2.846801234001759
 21
8.897336275554153
 31
-5.419336637100914e-18
  0
LINE
  5
26C
  8
DWGMODELS.COM
  6
BYLAYER
 62
  183
 10
2.761641135275568
 20
9.067656473443662
 30
-5.419336637100914e-18
 11
2.676481036549376
 21
9.067656473443662
 31
-5.419336637100914e-18
  0
LINE
  5
26D
  8
DWGMODELS.COM
  6
BYLAYER
 62
  183
 10
2.719061085910653
 20
9.025076423971257
 30
-5.419336637100914e-18
 11
2.719061085910653
 21
9.110236522916011
 31
-5.419336637100914e-18
  0
LINE
  5
26E
  8
DWGMODELS.COM
  6
BYLAYER
 62
  183
 10
3.059701481692173
 20
9.025076423971257
 30
-5.419336637100914e-18
 11
3.059701481692173
 21
9.110236522916011
 31
-5.419336637100914e-18
  0
LINE
  5
26F
  8
DWGMODELS.COM
  6
BYLAYER
 62
  183
 10
3.44292192683497
 20
9.067656473443662
 30
-5.419336637100914e-18
 11
3.357761828108778
 21
9.067656473443662
 31
-5.419336637100914e-18
  0
LINE
  5
270
  8
DWGMODELS.COM
  6
BYLAYER
 62
  183
 10
3.400341877470055
 20
9.025076423971257
 30
-5.419336637100914e-18
 11
3.400341877470055
 21
9.110236522916011
 31
-5.419336637100914e-18
  0
LINE
  5
271
  8
DWGMODELS.COM
  6
BYLAYER
 62
  183
 10
3.272601729382586
 20
9.237976671442368
 30
-5.419336637100914e-18
 11
3.187441629779642
 21
9.237976671442368
 31
-5.419336637100914e-18
  0
LINE
  5
272
  8
DWGMODELS.COM
  6
BYLAYER
 62
  183
 10
3.272601729382586
 20
8.897336275554153
 30
-5.419336637100914e-18
 11
3.187441629779642
 21
8.897336275554153
 31
-5.419336637100914e-18
  0
LINE
  5
273
  8
DWGMODELS.COM
  6
BYLAYER
 62
  183
 10
3.230021679144556
 20
9.195396621970019
 30
-5.419336637100914e-18
 11
3.230021679144556
 21
9.258782567338301
 31
-5.419336637100914e-18
  0
LINE
  5
274
  8
DWGMODELS.COM
  6
BYLAYER
 62
  183
 10
3.10228153105345
 20
9.067656473443662
 30
-5.419336637100914e-18
 11
3.017121432327258
 21
9.067656473443662
 31
-5.419336637100914e-18
  0
LINE
  5
275
  8
DWGMODELS.COM
  6
BYLAYER
 62
  183
 10
2.761641135275568
 20
8.727016077664757
 30
-5.419336637100914e-18
 11
2.676481036549376
 21
8.727016077664757
 31
-5.419336637100914e-18
  0
LINE
  5
276
  8
DWGMODELS.COM
  6
BYLAYER
 62
  183
 10
3.44292192683497
 20
8.727016077664757
 30
-5.419336637100914e-18
 11
3.357761828108778
 21
8.727016077664757
 31
-5.419336637100914e-18
  0
LINE
  5
277
  8
DWGMODELS.COM
  6
BYLAYER
 62
  183
 10
3.10228153105345
 20
8.727016077664757
 30
-5.419336637100914e-18
 11
3.017121432327258
 21
8.727016077664757
 31
-5.419336637100914e-18
  0
LINE
  5
278
  8
DWGMODELS.COM
  6
BYLAYER
 62
  183
 10
2.889381283363036
 20
8.854756226081804
 30
-5.419336637100914e-18
 11
2.889381283363036
 21
8.939916325026559
 31
-5.419336637100914e-18
  0
LINE
  5
279
  8
DWGMODELS.COM
  6
BYLAYER
 62
  183
 10
3.230021679144556
 20
8.854756226081804
 30
-5.419336637100914e-18
 11
3.230021679144556
 21
8.939916325026559
 31
-5.419336637100914e-18
  0
LINE
  5
27A
  8
DWGMODELS.COM
  6
BYLAYER
 62
  183
 10
2.378420690132771
 20
8.684436028083098
 30
-5.419336637100914e-18
 11
2.378420690132771
 21
8.769596127137106
 31
-5.419336637100914e-18
  0
LINE
  5
27B
  8
DWGMODELS.COM
  6
BYLAYER
 62
  183
 10
2.390392061581224
 20
7.023814098333105
 30
-5.419336637100914e-18
 11
2.335840640771494
 21
7.023814098333105
 31
-5.419336637100914e-18
  0
LINE
  5
27C
  8
DWGMODELS.COM
  6
BYLAYER
 62
  183
 10
2.591320936950069
 20
6.853493900334342
 30
-5.419336637100914e-18
 11
2.506160838223877
 21
6.853493900334342
 31
-5.419336637100914e-18
  0
LINE
  5
27D
  8
DWGMODELS.COM
  6
BYLAYER
 62
  183
 10
2.378420690132771
 20
6.981234048860699
 30
-5.419336637100914e-18
 11
2.378420690132771
 21
7.036122500475869
 31
-5.419336637100914e-18
  0
LINE
  5
27E
  8
DWGMODELS.COM
  6
BYLAYER
 62
  183
 10
2.378420690132771
 20
8.343795632304193
 30
-5.419336637100914e-18
 11
2.378420690132771
 21
8.428955731248891
 31
-5.419336637100914e-18
  0
LINE
  5
27F
  8
DWGMODELS.COM
  6
BYLAYER
 62
  183
 10
2.548740887585154
 20
8.514115830193646
 30
-5.419336637100914e-18
 11
2.548740887585154
 21
8.599275929138344
 31
-5.419336637100914e-18
  0
LINE
  5
280
  8
DWGMODELS.COM
  6
BYLAYER
 62
  183
 10
2.591320936950069
 20
8.556695879665995
 30
-5.419336637100914e-18
 11
2.506160838223877
 21
8.556695879665995
 31
-5.419336637100914e-18
  0
LINE
  5
281
  8
DWGMODELS.COM
  6
BYLAYER
 62
  183
 10
2.421000739497686
 20
8.386375681776542
 30
-5.419336637100914e-18
 11
2.335840640771494
 21
8.386375681776542
 31
-5.419336637100914e-18
  0
LINE
  5
282
  8
DWGMODELS.COM
  6
BYLAYER
 62
  183
 10
2.378420690132771
 20
8.003155236415978
 30
-5.419336637100914e-18
 11
2.378420690132771
 21
8.088315335360733
 31
-5.419336637100914e-18
  0
LINE
  5
283
  8
DWGMODELS.COM
  6
BYLAYER
 62
  183
 10
2.591320936950069
 20
7.875415087998931
 30
-5.419336637100914e-18
 11
2.506160838223877
 21
7.875415087998931
 31
-5.419336637100914e-18
  0
LINE
  5
284
  8
DWGMODELS.COM
  6
BYLAYER
 62
  183
 10
2.548740887585154
 20
8.173475434305431
 30
-5.419336637100914e-18
 11
2.548740887585154
 21
8.258635533359438
 31
-5.419336637100914e-18
  0
LINE
  5
285
  8
DWGMODELS.COM
  6
BYLAYER
 62
  183
 10
2.591320936950069
 20
8.216055483777836
 30
-5.419336637100914e-18
 11
2.506160838223877
 21
8.216055483777836
 31
-5.419336637100914e-18
  0
LINE
  5
286
  8
DWGMODELS.COM
  6
BYLAYER
 62
  183
 10
2.378420690132771
 20
7.699695165359401
 30
-5.419336637100914e-18
 11
2.378420690132771
 21
7.747674939472518
 31
-5.419336637100914e-18
  0
LINE
  5
287
  8
DWGMODELS.COM
  6
BYLAYER
 62
  183
 10
2.548740887585154
 20
7.832835038526525
 30
-5.419336637100914e-18
 11
2.548740887585154
 21
7.91799513747128
 31
-5.419336637100914e-18
  0
LINE
  5
288
  8
DWGMODELS.COM
  6
BYLAYER
 62
  183
 10
2.421000739497686
 20
8.045735285888384
 30
-5.419336637100914e-18
 11
2.335840640771494
 21
8.045735285888384
 31
-5.419336637100914e-18
  0
LINE
  5
289
  8
DWGMODELS.COM
  6
BYLAYER
 62
  183
 10
2.384192550347507
 20
7.705094890000169
 30
-5.419336637100914e-18
 11
2.335840640771494
 21
7.705094890000169
 31
-5.419336637100914e-18
  0
LINE
  5
28A
  8
DWGMODELS.COM
  6
BYLAYER
 62
  183
 10
2.378420690132771
 20
9.025076423971257
 30
-5.419336637100914e-18
 11
2.378420690132771
 21
9.110236522916011
 31
-5.419336637100914e-18
  0
LINE
  5
28B
  8
DWGMODELS.COM
  6
BYLAYER
 62
  183
 10
2.548740887585154
 20
9.195396621970019
 30
-5.419336637100914e-18
 11
2.548740887585154
 21
9.258782567338301
 31
-5.419336637100914e-18
  0
LINE
  5
28C
  8
DWGMODELS.COM
  6
BYLAYER
 62
  183
 10
2.591320936950069
 20
9.237976671442368
 30
-5.419336637100914e-18
 11
2.506160838223877
 21
9.237976671442368
 31
-5.419336637100914e-18
  0
LINE
  5
28D
  8
DWGMODELS.COM
  6
BYLAYER
 62
  183
 10
2.591320936950069
 20
8.897336275554153
 30
-5.419336637100914e-18
 11
2.506160838223877
 21
8.897336275554153
 31
-5.419336637100914e-18
  0
LINE
  5
28E
  8
DWGMODELS.COM
  6
BYLAYER
 62
  183
 10
2.421000739497686
 20
9.067656473443662
 30
-5.419336637100914e-18
 11
2.335840640771494
 21
9.067656473443662
 31
-5.419336637100914e-18
  0
LINE
  5
28F
  8
DWGMODELS.COM
  6
BYLAYER
 62
  183
 10
2.421000739497686
 20
8.727016077664757
 30
-5.419336637100914e-18
 11
2.335840640771494
 21
8.727016077664757
 31
-5.419336637100914e-18
  0
LINE
  5
290
  8
DWGMODELS.COM
  6
BYLAYER
 62
  183
 10
2.548740887585154
 20
8.854756226081804
 30
-5.419336637100914e-18
 11
2.548740887585154
 21
8.939916325026559
 31
-5.419336637100914e-18
  0
LINE
  5
291
  8
FURN
  6
BYLAYER
 62
  256
 10
4.063572570274118
 20
17.96683976019921
 30
-5.419336637100914e-18
 11
15.62852428186306
 21
17.96683976019921
 31
-5.419336637100914e-18
  0
ENDBLK
  8
0
  0
BLOCK
  8
0
  2
BASIN CABINET_PLAN_COTTO SERENA C02607
 70
   64
 10
0
 20
0
  3
BASIN CABINET_PLAN_COTTO SERENA C02607
  1

  0
ARC
  5
292
  8
0
  6
BYLAYER
 62
  256
 10
1.67347e-10
 20
-2360.680743282175
 30
1.137e-13
 40
2457.474653301536
 50
85.54871523762598
 51
89.56099096843495
  0
ARC
  5
293
  8
0
  6
BYLAYER
 62
  256
 10
1.67347e-10
 20
-2360.680743282175
 30
1.137e-13
 40
2457.474653301536
 50
90.43900903198194
 51
94.451284762374
  0
POLYLINE
  5
294
  8
0
  6
BYLAYER
 62
  256
 66
    1
 10
0
 20
0
 30
0
 70
    0
  0
VERTEX
  5
295
  8
0
  6
BYLAYER
 62
  256
 10
260.6869229736474
 20
63.07391076764787
 30
0
  0
VERTEX
  5
296
  8
0
  6
BYLAYER
 62
  256
 10
260.2877713191466
 20
64.15291367323195
 30
0
  0
VERTEX
  5
297
  8
0
  6
BYLAYER
 62
  256
 10
256.0999857297675
 20
74.45265759967651
 30
0
  0
VERTEX
  5
298
  8
0
  6
BYLAYER
 62
  256
 10
251.2952328430559
 20
84.57303855268073
 30
0
  0
VERTEX
  5
299
  8
0
  6
BYLAYER
 62
  256
 10
245.8850877295625
 20
94.48967564808824
 30
0
  0
VERTEX
  5
29A
  8
0
  6
BYLAYER
 62
  256
 10
239.8825839027384
 20
104.1786788385415
 30
0
  0
VERTEX
  5
29B
  8
0
  6
BYLAYER
 62
  256
 10
233.3021819200599
 20
113.616706466698
 30
0
  0
VERTEX
  5
29C
  8
0
  6
BYLAYER
 62
  256
 10
226.1597345462783
 20
122.7810214973281
 30
0
  0
VERTEX
  5
29D
  8
0
  6
BYLAYER
 62
  256
 10
218.4724485627214
 20
131.6495462928239
 30
0
  0
VERTEX
  5
29E
  8
0
  6
BYLAYER
 62
  256
 10
210.2588433146505
 20
140.2009158001618
 30
0
  0
VERTEX
  5
29F
  8
0
  6
BYLAYER
 62
  256
 10
201.5387060965349
 20
148.4145290211873
 30
0
  0
VERTEX
  5
2A0
  8
0
  6
BYLAYER
 62
  256
 10
192.333044482727
 20
156.2705986422233
 30
0
  0
VERTEX
  5
2A1
  8
0
  6
BYLAYER
 62
  256
 10
182.6640357183751
 20
163.7501987034422
 30
0
  0
VERTEX
  5
2A2
  8
0
  6
BYLAYER
 62
  256
 10
172.5549732924977
 20
170.8353101931612
 30
0
  0
VERTEX
  5
2A3
  8
0
  6
BYLAYER
 62
  256
 10
162.0302108219279
 20
177.508864457219
 30
0
  0
VERTEX
  5
2A4
  8
0
  6
BYLAYER
 62
  256
 10
151.1151033813179
 20
183.754784318859
 30
0
  0
VERTEX
  5
2A5
  8
0
  6
BYLAYER
 62
  256
 10
139.8359464205424
 20
189.5580228100566
 30
0
  0
VERTEX
  5
2A6
  8
0
  6
BYLAYER
 62
  256
 10
128.2199124166575
 20
194.904599420983
 30
0
  0
VERTEX
  5
2A7
  8
0
  6
BYLAYER
 62
  256
 10
116.2949854130229
 20
199.7816337802776
 30
0
  0
VERTEX
  5
2A8
  8
0
  6
BYLAYER
 62
  256
 10
104.0898936032906
 20
204.177376684991
 30
0
  0
VERTEX
  5
2A9
  8
0
  6
BYLAYER
 62
  256
 10
91.63404012266992
 20
208.0812384054443
 30
0
  0
VERTEX
  5
2AA
  8
0
  6
BYLAYER
 62
  256
 10
78.95743221319987
 20
211.4838141968149
 30
0
  0
VERTEX
  5
2AB
  8
0
  6
BYLAYER
 62
  256
 10
66.09060893367393
 20
214.376906955991
 30
0
  0
VERTEX
  5
2AC
  8
0
  6
BYLAYER
 62
  256
 10
53.06456758837308
 20
216.7535469691108
 30
0
  0
VERTEX
  5
2AD
  8
0
  6
BYLAYER
 62
  256
 10
39.91068905184463
 20
218.6080087022135
 30
0
  0
VERTEX
  5
2AE
  8
0
  6
BYLAYER
 62
  256
 10
26.66066216962652
 20
219.9358245945525
 30
0
  0
VERTEX
  5
2AF
  8
0
  6
BYLAYER
 62
  256
 10
13.34640741704377
 20
220.7337958213401
 30
0
  0
VERTEX
  5
2B0
  8
0
  6
BYLAYER
 62
  256
 10
-1.388600742407245e-11
 20
220.999999999997
 30
0
  0
VERTEX
  5
2B1
  8
0
  6
BYLAYER
 62
  256
 10
-13.34640741707155
 20
220.7337958213402
 30
0
  0
VERTEX
  5
2B2
  8
0
  6
BYLAYER
 62
  256
 10
-26.6606621696543
 20
219.9358245945526
 30
0
  0
VERTEX
  5
2B3
  8
0
  6
BYLAYER
 62
  256
 10
-39.91068905187242
 20
218.6080087022137
 30
0
  0
VERTEX
  5
2B4
  8
0
  6
BYLAYER
 62
  256
 10
-53.06456758840088
 20
216.7535469691111
 30
0
  0
VERTEX
  5
2B5
  8
0
  6
BYLAYER
 62
  256
 10
-66.09060893370174
 20
214.3769069559914
 30
0
  0
VERTEX
  5
2B6
  8
0
  6
BYLAYER
 62
  256
 10
-78.95743221322769
 20
211.4838141968154
 30
0
  0
VERTEX
  5
2B7
  8
0
  6
BYLAYER
 62
  256
 10
-91.63404012269775
 20
208.0812384054449
 30
0
  0
VERTEX
  5
2B8
  8
0
  6
BYLAYER
 62
  256
 10
-104.0898936033185
 20
204.1773766849916
 30
0
  0
VERTEX
  5
2B9
  8
0
  6
BYLAYER
 62
  256
 10
-116.2949854130508
 20
199.7816337802782
 30
0
  0
VERTEX
  5
2BA
  8
0
  6
BYLAYER
 62
  256
 10
-128.2199124166854
 20
194.9045994209838
 30
0
  0
VERTEX
  5
2BB
  8
0
  6
BYLAYER
 62
  256
 10
-139.8359464205704
 20
189.5580228100575
 30
0
  0
VERTEX
  5
2BC
  8
0
  6
BYLAYER
 62
  256
 10
-151.1151033813458
 20
183.7547843188599
 30
0
  0
VERTEX
  5
2BD
  8
0
  6
BYLAYER
 62
  256
 10
-162.0302108219559
 20
177.5088644572199
 30
0
  0
VERTEX
  5
2BE
  8
0
  6
BYLAYER
 62
  256
 10
-172.5549732925258
 20
170.8353101931622
 30
0
  0
VERTEX
  5
2BF
  8
0
  6
BYLAYER
 62
  256
 10
-182.6640357184032
 20
163.7501987034433
 30
0
  0
VERTEX
  5
2C0
  8
0
  6
BYLAYER
 62
  256
 10
-192.3330444827551
 20
156.2705986422244
 30
0
  0
VERTEX
  5
2C1
  8
0
  6
BYLAYER
 62
  256
 10
-201.5387060965631
 20
148.4145290211885
 30
0
  0
VERTEX
  5
2C2
  8
0
  6
BYLAYER
 62
  256
 10
-210.2588433146787
 20
140.2009158001631
 30
0
  0
VERTEX
  5
2C3
  8
0
  6
BYLAYER
 62
  256
 10
-218.4724485627498
 20
131.6495462928251
 30
0
  0
VERTEX
  5
2C4
  8
0
  6
BYLAYER
 62
  256
 10
-226.1597345463067
 20
122.7810214973294
 30
0
  0
VERTEX
  5
2C5
  8
0
  6
BYLAYER
 62
  256
 10
-233.3021819200884
 20
113.6167064666994
 30
0
  0
VERTEX
  5
2C6
  8
0
  6
BYLAYER
 62
  256
 10
-239.8825839027669
 20
104.1786788385429
 30
0
  0
VERTEX
  5
2C7
  8
0
  6
BYLAYER
 62
  256
 10
-245.885087729591
 20
94.48967564808976
 30
0
  0
VERTEX
  5
2C8
  8
0
  6
BYLAYER
 62
  256
 10
-251.2952328430844
 20
84.57303855268229
 30
0
  0
VERTEX
  5
2C9
  8
0
  6
BYLAYER
 62
  256
 10
-256.0999857297961
 20
74.45265759967791
 30
0
  0
VERTEX
  5
2CA
  8
0
  6
BYLAYER
 62
  256
 10
-260.2877713191754
 20
64.15291367323348
 30
0
  0
VERTEX
  5
2CB
  8
0
  6
BYLAYER
 62
  256
 10
-260.6869229736605
 20
63.0739107676922
 30
0
  0
SEQEND
  5
2CC
  8
0
  6
BYLAYER
 62
  256
  0
POLYLINE
  5
2CD
  8
0
  6
BYLAYER
 62
  256
 66
    1
 10
0
 20
0
 30
0
 70
    0
210
0
220
0
230
-1
  0
VERTEX
  5
2CE
  8
0
  6
BYLAYER
 62
  256
 10
190.7281642699525
 20
-129.139153999101
 30
0
  0
VERTEX
  5
2CF
  8
0
  6
BYLAYER
 62
  256
 10
192.7698075553469
 20
-127.1047586417557
 30
0
  0
VERTEX
  5
2D0
  8
0
  6
BYLAYER
 62
  256
 10
199.552706952603
 20
-119.8815257766461
 30
0
  0
VERTEX
  5
2D1
  8
0
  6
BYLAYER
 62
  256
 10
205.8548664000575
 20
-112.4173777878977
 30
0
  0
VERTEX
  5
2D2
  8
0
  6
BYLAYER
 62
  256
 10
211.6611034435974
 20
-104.7302964617974
 30
0
  0
VERTEX
  5
2D3
  8
0
  6
BYLAYER
 62
  256
 10
216.9574303496186
 20
-96.83880065056867
 30
0
  0
VERTEX
  5
2D4
  8
0
  6
BYLAYER
 62
  256
 10
221.7310878027011
 20
-88.76190165883411
 30
0
  0
VERTEX
  5
2D5
  8
0
  6
BYLAYER
 62
  256
 10
225.9705756439174
 20
-80.51905744371746
 30
0
  0
VERTEX
  5
2D6
  8
0
  6
BYLAYER
 62
  256
 10
229.6656805757225
 20
-72.13012573892114
 30
0
  0
VERTEX
  5
2D7
  8
0
  6
BYLAYER
 62
  256
 10
232.807500766683
 20
-63.61531621570546
 30
0
  0
VERTEX
  5
2D8
  8
0
  6
BYLAYER
 62
  256
 10
235.3884672967678
 20
-54.99514179602109
 30
0
  0
VERTEX
  5
2D9
  8
0
  6
BYLAYER
 62
  256
 10
237.40236239154
 20
-46.29036923508316
 30
0
  0
VERTEX
  5
2DA
  8
0
  6
BYLAYER
 62
  256
 10
238.8443344013199
 20
-37.52196909243884
 30
0
  0
VERTEX
  5
2DB
  8
0
  6
BYLAYER
 62
  256
 10
239.710909489234
 20
-28.7110652120532
 30
0
  0
SEQEND
  5
2DC
  8
0
  6
BYLAYER
 62
  256
  0
POLYLINE
  5
2DD
  8
0
  6
BYLAYER
 62
  256
 66
    1
 10
0
 20
0
 30
0
 70
    0
  0
VERTEX
  5
2DE
  8
0
  6
BYLAYER
 62
  256
 10
-190.7281642699678
 20
89.38138633286673
 30
0
  0
VERTEX
  5
2DF
  8
0
  6
BYLAYER
 62
  256
 10
-192.7698075553621
 20
87.34699097552132
 30
0
  0
VERTEX
  5
2E0
  8
0
  6
BYLAYER
 62
  256
 10
-199.5527069526182
 20
80.12375811041171
 30
0
  0
VERTEX
  5
2E1
  8
0
  6
BYLAYER
 62
  256
 10
-205.8548664000726
 20
72.65961012166326
 30
0
  0
VERTEX
  5
2E2
  8
0
  6
BYLAYER
 62
  256
 10
-211.6611034436125
 20
64.97252879556295
 30
0
  0
VERTEX
  5
2E3
  8
0
  6
BYLAYER
 62
  256
 10
-216.9574303496337
 20
57.08103298433418
 30
0
  0
VERTEX
  5
2E4
  8
0
  6
BYLAYER
 62
  256
 10
-221.7310878027161
 20
49.00413399259958
 30
0
  0
VERTEX
  5
2E5
  8
0
  6
BYLAYER
 62
  256
 10
-225.9705756439323
 20
40.76128977748292
 30
0
  0
VERTEX
  5
2E6
  8
0
  6
BYLAYER
 62
  256
 10
-229.6656805757374
 20
32.37235807268656
 30
0
  0
VERTEX
  5
2E7
  8
0
  6
BYLAYER
 62
  256
 10
-232.8075007666979
 20
23.85754854947086
 30
0
  0
VERTEX
  5
2E8
  8
0
  6
BYLAYER
 62
  256
 10
-235.3884672967826
 20
15.23737412978648
 30
0
  0
VERTEX
  5
2E9
  8
0
  6
BYLAYER
 62
  256
 10
-237.4023623915547
 20
6.532601568848538
 30
0
  0
VERTEX
  5
2EA
  8
0
  6
BYLAYER
 62
  256
 10
-238.8443344013345
 20
-2.235798573795801
 30
0
  0
VERTEX
  5
2EB
  8
0
  6
BYLAYER
 62
  256
 10
-239.7109094892486
 20
-11.04670245418144
 30
0
  0
SEQEND
  5
2EC
  8
0
  6
BYLAYER
 62
  256
  0
POLYLINE
  5
2ED
  8
0
  6
BYLAYER
 62
  256
 66
    1
 10
0
 20
0
 30
0
 70
    0
  0
VERTEX
  5
2EE
  8
0
  6
BYLAYER
 62
  256
 10
-12.50000000000728
 20
-178.8702036306931
 30
0
  0
VERTEX
  5
2EF
  8
0
  6
BYLAYER
 62
  256
 10
-12.48494320257193
 20
-179.2806504519331
 30
0
  0
VERTEX
  5
2F0
  8
0
  6
BYLAYER
 62
  256
 10
-12.43980908340974
 20
-179.6901084708298
 30
0
  0
VERTEX
  5
2F1
  8
0
  6
BYLAYER
 62
  256
 10
-12.36470637456704
 20
-180.0975912671514
 30
0
  0
VERTEX
  5
2F2
  8
0
  6
BYLAYER
 62
  256
 10
-12.25981600504766
 20
-180.5021171791504
 30
0
  0
VERTEX
  5
2F3
  8
0
  6
BYLAYER
 62
  256
 10
-12.12539066493908
 20
-180.9027116684724
 30
0
  0
VERTEX
  5
2F4
  8
0
  6
BYLAYER
 62
  256
 10
-11.96175419665989
 20
-181.2984096679047
 30
0
  0
VERTEX
  5
2F5
  8
0
  6
BYLAYER
 62
  256
 10
-11.76930081479504
 20
-181.6882579063076
 30
0
  0
VERTEX
  5
2F6
  8
0
  6
BYLAYER
 62
  256
 10
-11.54849415639836
 20
-182.0713172051282
 30
0
  0
VERTEX
  5
2F7
  8
0
  6
BYLAYER
 62
  256
 10
-11.29986616405032
 20
-182.4466647409635
 30
0
  0
VERTEX
  5
2F8
  8
0
  6
BYLAYER
 62
  256
 10
-11.02401580436171
 20
-182.8133962687232
 30
0
  0
VERTEX
  5
2F9
  8
0
  6
BYLAYER
 62
  256
 10
-10.72160762501068
 20
-183.1706283000349
 30
0
  0
VERTEX
  5
2FA
  8
0
  6
BYLAYER
 62
  256
 10
-10.39337015378909
 20
-183.5175002316456
 30
0
  0
VERTEX
  5
2FB
  8
0
  6
BYLAYER
 62
  256
 10
-10.04009414351534
 20
-183.8531764186894
 30
0
  0
VERTEX
  5
2FC
  8
0
  6
BYLAYER
 62
  256
 10
-9.662630667041489
 20
-184.17684818783
 30
0
  0
VERTEX
  5
2FD
  8
0
  6
BYLAYER
 62
  256
 10
-9.261889066944265
 20
-184.4877357854254
 30
0
  0
VERTEX
  5
2FE
  8
0
  6
BYLAYER
 62
  256
 10
-8.83883476483912
 20
-184.7850902560223
 30
0
  0
VERTEX
  5
2FF
  8
0
  6
BYLAYER
 62
  256
 10
-8.394486935595005
 20
-185.0681952466559
 30
0
  0
VERTEX
  5
300
  8
0
  6
BYLAYER
 62
  256
 10
-7.929916052052845
 20
-185.3363687326067
 30
0
  0
VERTEX
  5
301
  8
0
  6
BYLAYER
 62
  256
 10
-7.446241306162695
 20
-185.5889646604578
 30
0
  0
VERTEX
  5
302
  8
0
  6
BYLAYER
 62
  256
 10
-6.944627912752305
 20
-185.8253745044943
 30
0
  0
VERTEX
  5
303
  8
0
  6
BYLAYER
 62
  256
 10
-6.426284302422547
 20
-186.0450287326948
 30
0
  0
VERTEX
  5
304
  8
0
  6
BYLAYER
 62
  256
 10
-5.892459210332249
 20
-186.247398178784
 30
0
  0
VERTEX
  5
305
  8
0
  6
BYLAYER
 62
  256
 10
-5.344438667885805
 20
-186.431995317041
 30
0
  0
VERTEX
  5
306
  8
0
  6
BYLAYER
 62
  256
 10
-4.7835429045709
 20
-186.5983754367909
 30
0
  0
VERTEX
  5
307
  8
0
  6
BYLAYER
 62
  256
 10
-4.211123167410028
 20
-186.7461377137519
 30
0
  0
VERTEX
  5
308
  8
0
  6
BYLAYER
 62
  256
 10
-3.628558465688056
 20
-186.8749261756566
 30
0
  0
VERTEX
  5
309
  8
0
  6
BYLAYER
 62
  256
 10
-3.037252248798076
 20
-186.9844305598195
 30
0
  0
VERTEX
  5
30A
  8
0
  6
BYLAYER
 62
  256
 10
-2.438629025208881
 20
-187.0743870605878
 30
0
  0
VERTEX
  5
30B
  8
0
  6
BYLAYER
 62
  256
 10
-1.834130930699299
 20
-187.1445789648719
 30
0
  0
VERTEX
  5
30C
  8
0
  6
BYLAYER
 62
  256
 10
-1.225214254126787
 20
-187.1948371742263
 30
0
  0
VERTEX
  5
30D
  8
0
  6
BYLAYER
 62
  256
 10
-0.6133459291000035
 20
-187.2250406122225
 30
0
  0
VERTEX
  5
30E
  8
0
  6
BYLAYER
 62
  256
 10
-7.277789810628497e-12
 20
-187.2351165161329
 30
0
  0
VERTEX
  5
30F
  8
0
  6
BYLAYER
 62
  256
 10
0.6133459290854482
 20
-187.2250406122225
 30
0
  0
VERTEX
  5
310
  8
0
  6
BYLAYER
 62
  256
 10
1.225214254112231
 20
-187.1948371742263
 30
0
  0
VERTEX
  5
311
  8
0
  6
BYLAYER
 62
  256
 10
1.834130930684743
 20
-187.1445789648719
 30
0
  0
VERTEX
  5
312
  8
0
  6
BYLAYER
 62
  256
 10
2.438629025194325
 20
-187.0743870605878
 30
0
  0
VERTEX
  5
313
  8
0
  6
BYLAYER
 62
  256
 10
3.037252248783521
 20
-186.9844305598195
 30
0
  0
VERTEX
  5
314
  8
0
  6
BYLAYER
 62
  256
 10
3.6285584656735
 20
-186.8749261756566
 30
0
  0
VERTEX
  5
315
  8
0
  6
BYLAYER
 62
  256
 10
4.211123167395472
 20
-186.7461377137519
 30
0
  0
VERTEX
  5
316
  8
0
  6
BYLAYER
 62
  256
 10
4.783542904556345
 20
-186.5983754367909
 30
0
  0
VERTEX
  5
317
  8
0
  6
BYLAYER
 62
  256
 10
5.344438667871247
 20
-186.431995317041
 30
0
  0
VERTEX
  5
318
  8
0
  6
BYLAYER
 62
  256
 10
5.892459210317694
 20
-186.247398178784
 30
0
  0
VERTEX
  5
319
  8
0
  6
BYLAYER
 62
  256
 10
6.426284302407994
 20
-186.0450287326948
 30
0
  0
VERTEX
  5
31A
  8
0
  6
BYLAYER
 62
  256
 10
6.944627912737747
 20
-185.8253745044943
 30
0
  0
VERTEX
  5
31B
  8
0
  6
BYLAYER
 62
  256
 10
7.44624130614814
 20
-185.5889646604578
 30
0
  0
VERTEX
  5
31C
  8
0
  6
BYLAYER
 62
  256
 10
7.929916052038291
 20
-185.3363687326067
 30
0
  0
VERTEX
  5
31D
  8
0
  6
BYLAYER
 62
  256
 10
8.394486935580455
 20
-185.0681952466559
 30
0
  0
VERTEX
  5
31E
  8
0
  6
BYLAYER
 62
  256
 10
8.838834764824567
 20
-184.7850902560223
 30
0
  0
VERTEX
  5
31F
  8
0
  6
BYLAYER
 62
  256
 10
9.26188906692971
 20
-184.4877357854254
 30
0
  0
VERTEX
  5
320
  8
0
  6
BYLAYER
 62
  256
 10
9.662630667026937
 20
-184.17684818783
 30
0
  0
VERTEX
  5
321
  8
0
  6
BYLAYER
 62
  256
 10
10.04009414350078
 20
-183.8531764186894
 30
0
  0
VERTEX
  5
322
  8
0
  6
BYLAYER
 62
  256
 10
10.39337015377454
 20
-183.5175002316456
 30
0
  0
VERTEX
  5
323
  8
0
  6
BYLAYER
 62
  256
 10
10.72160762499612
 20
-183.1706283000349
 30
0
  0
VERTEX
  5
324
  8
0
  6
BYLAYER
 62
  256
 10
11.02401580434716
 20
-182.8133962687232
 30
0
  0
VERTEX
  5
325
  8
0
  6
BYLAYER
 62
  256
 10
11.29986616403577
 20
-182.4466647409635
 30
0
  0
VERTEX
  5
326
  8
0
  6
BYLAYER
 62
  256
 10
11.54849415638381
 20
-182.0713172051282
 30
0
  0
VERTEX
  5
327
  8
0
  6
BYLAYER
 62
  256
 10
11.76930081478048
 20
-181.6882579063076
 30
0
  0
VERTEX
  5
328
  8
0
  6
BYLAYER
 62
  256
 10
11.96175419664533
 20
-181.2984096679047
 30
0
  0
VERTEX
  5
329
  8
0
  6
BYLAYER
 62
  256
 10
12.12539066492452
 20
-180.9027116684724
 30
0
  0
VERTEX
  5
32A
  8
0
  6
BYLAYER
 62
  256
 10
12.25981600503311
 20
-180.5021171791504
 30
0
  0
VERTEX
  5
32B
  8
0
  6
BYLAYER
 62
  256
 10
12.36470637455249
 20
-180.0975912671514
 30
0
  0
VERTEX
  5
32C
  8
0
  6
BYLAYER
 62
  256
 10
12.43980908339518
 20
-179.6901084708298
 30
0
  0
VERTEX
  5
32D
  8
0
  6
BYLAYER
 62
  256
 10
12.48494320255738
 20
-179.2806504519331
 30
0
  0
VERTEX
  5
32E
  8
0
  6
BYLAYER
 62
  256
 10
12.49999999999272
 20
-178.8702036306931
 30
0
  0
SEQEND
  5
32F
  8
0
  6
BYLAYER
 62
  256
  0
POLYLINE
  5
330
  8
0
  6
BYLAYER
 62
  256
 66
    1
 10
0
 20
0
 30
0
 70
    0
  0
VERTEX
  5
331
  8
0
  6
BYLAYER
 62
  256
 10
12.49999999999272
 20
-178.8702036306931
 30
0
  0
VERTEX
  5
332
  8
0
  6
BYLAYER
 62
  256
 10
12.49999999999272
 20
-178.8702036306931
 30
0
  0
VERTEX
  5
333
  8
0
  6
BYLAYER
 62
  256
 10
12.48494320255738
 20
-178.4087375967871
 30
0
  0
VERTEX
  5
334
  8
0
  6
BYLAYER
 62
  256
 10
12.43980908339519
 20
-177.9483832749764
 30
0
  0
VERTEX
  5
335
  8
0
  6
BYLAYER
 62
  256
 10
12.36470637455249
 20
-177.4902496991446
 30
0
  0
VERTEX
  5
336
  8
0
  6
BYLAYER
 62
  256
 10
12.25981600503311
 20
-177.0354405532036
 30
0
  0
VERTEX
  5
337
  8
0
  6
BYLAYER
 62
  256
 10
12.12539066492452
 20
-176.5850515122225
 30
0
  0
VERTEX
  5
338
  8
0
  6
BYLAYER
 62
  256
 10
11.96175419664534
 20
-176.1401676028505
 30
0
  0
VERTEX
  5
339
  8
0
  6
BYLAYER
 62
  256
 10
11.76930081478048
 20
-175.7018605893925
 30
0
  0
VERTEX
  5
33A
  8
0
  6
BYLAYER
 62
  256
 10
11.54849415638381
 20
-175.271186391835
 30
0
  0
VERTEX
  5
33B
  8
0
  6
BYLAYER
 62
  256
 10
11.29986616403577
 20
-174.8491825420427
 30
0
  0
VERTEX
  5
33C
  8
0
  6
BYLAYER
 62
  256
 10
11.02401580434716
 20
-174.4368656842527
 30
0
  0
VERTEX
  5
33D
  8
0
  6
BYLAYER
 62
  256
 10
10.72160762499612
 20
-174.0352291258903
 30
0
  0
VERTEX
  5
33E
  8
0
  6
BYLAYER
 62
  256
 10
10.39337015377454
 20
-173.6452404446037
 30
0
  0
VERTEX
  5
33F
  8
0
  6
BYLAYER
 62
  256
 10
10.04009414350079
 20
-173.2678391572851
 30
0
  0
VERTEX
  5
340
  8
0
  6
BYLAYER
 62
  256
 10
9.662630667026939
 20
-172.9039344566921
 30
0
  0
VERTEX
  5
341
  8
0
  6
BYLAYER
 62
  256
 10
9.261889066929713
 20
-172.5544030211227
 30
0
  0
VERTEX
  5
342
  8
0
  6
BYLAYER
 62
  256
 10
8.83883476482457
 20
-172.2200869024206
 30
0
  0
VERTEX
  5
343
  8
0
  6
BYLAYER
 62
  256
 10
8.394486935580458
 20
-171.9017914973983
 30
0
  0
VERTEX
  5
344
  8
0
  6
BYLAYER
 62
  256
 10
7.929916052038299
 20
-171.600283607566
 30
0
  0
VERTEX
  5
345
  8
0
  6
BYLAYER
 62
  256
 10
7.446241306148139
 20
-171.3162895918391
 30
0
  0
VERTEX
  5
346
  8
0
  6
BYLAYER
 62
  256
 10
6.944627912737752
 20
-171.0504936166766
 30
0
  0
VERTEX
  5
347
  8
0
  6
BYLAYER
 62
  256
 10
6.426284302407997
 20
-170.8035360078636
 30
0
  0
VERTEX
  5
348
  8
0
  6
BYLAYER
 62
  256
 10
5.892459210317698
 20
-170.5760117079106
 30
0
  0
VERTEX
  5
349
  8
0
  6
BYLAYER
 62
  256
 10
5.344438667871255
 20
-170.3684688427849
 30
0
  0
VERTEX
  5
34A
  8
0
  6
BYLAYER
 62
  256
 10
4.783542904556354
 20
-170.1814074014274
 30
0
  0
VERTEX
  5
34B
  8
0
  6
BYLAYER
 62
  256
 10
4.211123167395474
 20
-170.0152780312349
 30
0
  0
VERTEX
  5
34C
  8
0
  6
BYLAYER
 62
  256
 10
3.628558465673505
 20
-169.8704809524112
 30
0
  0
VERTEX
  5
34D
  8
0
  6
BYLAYER
 62
  256
 10
3.037252248783527
 20
-169.7473649938023
 30
0
  0
VERTEX
  5
34E
  8
0
  6
BYLAYER
 62
  256
 10
2.438629025194334
 20
-169.6462267525358
 30
0
  0
VERTEX
  5
34F
  8
0
  6
BYLAYER
 62
  256
 10
1.834130930684754
 20
-169.5673098794938
 30
0
  0
VERTEX
  5
350
  8
0
  6
BYLAYER
 62
  256
 10
1.225214254112231
 20
-169.5108044923357
 30
0
  0
VERTEX
  5
351
  8
0
  6
BYLAYER
 62
  256
 10
0.6133459290854505
 20
-169.4768467174884
 30
0
  0
VERTEX
  5
352
  8
0
  6
BYLAYER
 62
  256
 10
-7.272552045480496e-12
 20
-169.465518362206
 30
0
  0
VERTEX
  5
353
  8
0
  6
BYLAYER
 62
  256
 10
-0.6133459290999956
 20
-169.4768467174884
 30
0
  0
VERTEX
  5
354
  8
0
  6
BYLAYER
 62
  256
 10
-1.225214254126776
 20
-169.5108044923357
 30
0
  0
VERTEX
  5
355
  8
0
  6
BYLAYER
 62
  256
 10
-1.834130930699299
 20
-169.5673098794938
 30
0
  0
VERTEX
  5
356
  8
0
  6
BYLAYER
 62
  256
 10
-2.438629025208878
 20
-169.6462267525358
 30
0
  0
VERTEX
  5
357
  8
0
  6
BYLAYER
 62
  256
 10
-3.037252248798072
 20
-169.7473649938023
 30
0
  0
VERTEX
  5
358
  8
0
  6
BYLAYER
 62
  256
 10
-3.628558465688051
 20
-169.8704809524112
 30
0
  0
VERTEX
  5
359
  8
0
  6
BYLAYER
 62
  256
 10
-4.21112316741002
 20
-170.0152780312349
 30
0
  0
VERTEX
  5
35A
  8
0
  6
BYLAYER
 62
  256
 10
-4.7835429045709
 20
-170.1814074014274
 30
0
  0
VERTEX
  5
35B
  8
0
  6
BYLAYER
 62
  256
 10
-5.344438667885802
 20
-170.3684688427849
 30
0
  0
VERTEX
  5
35C
  8
0
  6
BYLAYER
 62
  256
 10
-5.892459210332245
 20
-170.5760117079106
 30
0
  0
VERTEX
  5
35D
  8
0
  6
BYLAYER
 62
  256
 10
-6.426284302422545
 20
-170.8035360078636
 30
0
  0
VERTEX
  5
35E
  8
0
  6
BYLAYER
 62
  256
 10
-6.944627912752298
 20
-171.0504936166766
 30
0
  0
VERTEX
  5
35F
  8
0
  6
BYLAYER
 62
  256
 10
-7.446241306162687
 20
-171.3162895918391
 30
0
  0
VERTEX
  5
360
  8
0
  6
BYLAYER
 62
  256
 10
-7.929916052052845
 20
-171.600283607566
 30
0
  0
VERTEX
  5
361
  8
0
  6
BYLAYER
 62
  256
 10
-8.394486935595005
 20
-171.9017914973983
 30
0
  0
VERTEX
  5
362
  8
0
  6
BYLAYER
 62
  256
 10
-8.838834764839119
 20
-172.2200869024206
 30
0
  0
VERTEX
  5
363
  8
0
  6
BYLAYER
 62
  256
 10
-9.261889066944262
 20
-172.5544030211227
 30
0
  0
VERTEX
  5
364
  8
0
  6
BYLAYER
 62
  256
 10
-9.662630667041483
 20
-172.9039344566921
 30
0
  0
VERTEX
  5
365
  8
0
  6
BYLAYER
 62
  256
 10
-10.04009414351534
 20
-173.2678391572851
 30
0
  0
VERTEX
  5
366
  8
0
  6
BYLAYER
 62
  256
 10
-10.39337015378909
 20
-173.6452404446037
 30
0
  0
VERTEX
  5
367
  8
0
  6
BYLAYER
 62
  256
 10
-10.72160762501068
 20
-174.0352291258903
 30
0
  0
VERTEX
  5
368
  8
0
  6
BYLAYER
 62
  256
 10
-11.02401580436171
 20
-174.4368656842527
 30
0
  0
VERTEX
  5
369
  8
0
  6
BYLAYER
 62
  256
 10
-11.29986616405031
 20
-174.8491825420427
 30
0
  0
VERTEX
  5
36A
  8
0
  6
BYLAYER
 62
  256
 10
-11.54849415639836
 20
-175.271186391835
 30
0
  0
VERTEX
  5
36B
  8
0
  6
BYLAYER
 62
  256
 10
-11.76930081479504
 20
-175.7018605893925
 30
0
  0
VERTEX
  5
36C
  8
0
  6
BYLAYER
 62
  256
 10
-11.96175419665989
 20
-176.1401676028505
 30
0
  0
VERTEX
  5
36D
  8
0
  6
BYLAYER
 62
  256
 10
-12.12539066493908
 20
-176.5850515122225
 30
0
  0
VERTEX
  5
36E
  8
0
  6
BYLAYER
 62
  256
 10
-12.25981600504766
 20
-177.0354405532036
 30
0
  0
VERTEX
  5
36F
  8
0
  6
BYLAYER
 62
  256
 10
-12.36470637456704
 20
-177.4902496991446
 30
0
  0
VERTEX
  5
370
  8
0
  6
BYLAYER
 62
  256
 10
-12.43980908340974
 20
-177.9483832749764
 30
0
  0
VERTEX
  5
371
  8
0
  6
BYLAYER
 62
  256
 10
-12.48494320257193
 20
-178.4087375967871
 30
0
  0
SEQEND
  5
372
  8
0
  6
BYLAYER
 62
  256
  0
POLYLINE
  5
373
  8
0
  6
BYLAYER
 62
  256
 66
    1
 10
0
 20
0
 30
0
 70
    0
  0
VERTEX
  5
374
  8
0
  6
BYLAYER
 62
  256
 10
-8.162322880082311e-12
 20
-260.0000000000009
 30
0
  0
VERTEX
  5
375
  8
0
  6
BYLAYER
 62
  256
 10
-8.020214332930291e-12
 20
-260.0000000000009
 30
0
  0
VERTEX
  5
376
  8
0
  6
BYLAYER
 62
  256
 10
15.70165578476578
 20
-259.6868186133458
 30
0
  0
VERTEX
  5
377
  8
0
  6
BYLAYER
 62
  256
 10
31.36548490545144
 20
-258.7480289347722
 30
0
  0
VERTEX
  5
378
  8
0
  6
BYLAYER
 62
  256
 10
46.95375182570777
 20
-257.1858925908441
 30
0
  0
VERTEX
  5
379
  8
0
  6
BYLAYER
 62
  256
 10
62.42890304515309
 20
-255.004172904841
 30
0
  0
VERTEX
  5
37A
  8
0
  6
BYLAYER
 62
  256
 10
77.75365756903653
 20
-252.2081258305825
 30
0
  0
VERTEX
  5
37B
  8
0
  6
BYLAYER
 62
  256
 10
92.89109672142
 20
-248.8044872903754
 30
0
  0
VERTEX
  5
37C
  8
0
  6
BYLAYER
 62
  256
 10
107.8047530855025
 20
-244.8014569475866
 30
0
  0
VERTEX
  5
37D
  8
0
  6
BYLAYER
 62
  256
 10
122.4586983568209
 20
-240.2086784529357
 30
0
  0
VERTEX
  5
37E
  8
0
  6
BYLAYER
 62
  256
 10
136.8176298976824
 20
-235.0372162120965
 30
0
  0
VERTEX
  5
37F
  8
0
  6
BYLAYER
 62
  256
 10
150.8469557843115
 20
-229.2995287305735
 30
0
  0
VERTEX
  5
380
  8
0
  6
BYLAYER
 62
  256
 10
164.5128781418232
 20
-223.009438600072
 30
0
  0
VERTEX
  5
381
  8
0
  6
BYLAYER
 62
  256
 10
177.7824745662649
 20
-216.1820991986631
 30
0
  0
VERTEX
  5
382
  8
0
  6
BYLAYER
 62
  256
 10
190.623777437571
 20
-208.833958184969
 30
0
  0
VERTEX
  5
383
  8
0
  6
BYLAYER
 62
  256
 10
203.0058509323589
 20
-200.9827178743129
 30
0
  0
VERTEX
  5
384
  8
0
  6
BYLAYER
 62
  256
 10
214.8988655510383
 20
-192.6472925922906
 30
0
  0
VERTEX
  5
385
  8
0
  6
BYLAYER
 62
  256
 10
226.2741699796876
 20
-183.8477631085036
 30
0
  0
VERTEX
  5
386
  8
0
  6
BYLAYER
 62
  256
 10
237.1043601135793
 20
-174.6053282602261
 30
0
  0
VERTEX
  5
387
  8
0
  6
BYLAYER
 62
  256
 10
247.3633450760683
 20
-164.9422538825491
 30
0
  0
VERTEX
  5
388
  8
0
  6
BYLAYER
 62
  256
 10
257.0264100737988
 20
-154.881819168034
 30
0
  0
VERTEX
  5
389
  8
0
  6
BYLAYER
 62
  256
 10
266.0702759368071
 20
-144.4482605850978
 30
0
  0
VERTEX
  5
38A
  8
0
  6
BYLAYER
 62
  256
 10
274.4731552000796
 20
-133.6667134902389
 30
0
  0
VERTEX
  5
38B
  8
0
  6
BYLAYER
 62
  256
 10
282.2148045914662
 20
-122.5631515747607
 30
0
  0
VERTEX
  5
38C
  8
0
  6
BYLAYER
 62
  256
 10
289.2765737994945
 20
-111.1643242918745
 30
0
  0
VERTEX
  5
38D
  8
0
  6
BYLAYER
 62
  256
 10
295.6414504036044
 20
-99.49769241492454
 30
0
  0
VERTEX
  5
38E
  8
0
  6
BYLAYER
 62
  256
 10
301.2941008585594
 20
-87.59136188197843
 30
0
  0
VERTEX
  5
38F
  8
0
  6
BYLAYER
 62
  256
 10
306.2209074342996
 20
-75.47401608616134
 30
0
  0
VERTEX
  5
390
  8
0
  6
BYLAYER
 62
  256
 10
310.4100010222469
 20
-63.17484677484975
 30
0
  0
VERTEX
  5
391
  8
0
  6
BYLAYER
 62
  256
 10
313.8512897290266
 20
-50.72348372419449
 30
0
  0
VERTEX
  5
392
  8
0
  6
BYLAYER
 62
  256
 10
316.5364831887228
 20
-38.14992335839509
 30
0
  0
VERTEX
  5
393
  8
0
  6
BYLAYER
 62
  256
 10
318.4591125350959
 20
-25.48445648568679
 30
0
  0
VERTEX
  5
394
  8
0
  6
BYLAYER
 62
  256
 10
319.6145459856481
 20
-12.75759532512961
 30
0
  0
VERTEX
  5
395
  8
0
  6
BYLAYER
 62
  256
 10
319.999999999993
 20
-9.236807972626675e-13
 30
0
  0
VERTEX
  5
396
  8
0
  6
BYLAYER
 62
  256
 10
319.6145459856482
 20
12.75759532512776
 30
0
  0
VERTEX
  5
397
  8
0
  6
BYLAYER
 62
  256
 10
318.4591125350961
 20
25.48445648568496
 30
0
  0
VERTEX
  5
398
  8
0
  6
BYLAYER
 62
  256
 10
316.536483188723
 20
38.14992335839327
 30
0
  0
VERTEX
  5
399
  8
0
  6
BYLAYER
 62
  256
 10
313.8512897290269
 20
50.72348372419268
 30
0
  0
VERTEX
  5
39A
  8
0
  6
BYLAYER
 62
  256
 10
310.4100010222472
 20
63.17484677484794
 30
0
  0
VERTEX
  5
39B
  8
0
  6
BYLAYER
 62
  256
 10
306.2209074343001
 20
75.47401608615957
 30
0
  0
VERTEX
  5
39C
  8
0
  6
BYLAYER
 62
  256
 10
301.2941008585599
 20
87.5913618819767
 30
0
  0
VERTEX
  5
39D
  8
0
  6
BYLAYER
 62
  256
 10
295.6414504036051
 20
99.49769241492284
 30
0
  0
VERTEX
  5
39E
  8
0
  6
BYLAYER
 62
  256
 10
289.2765737994952
 20
111.1643242918728
 30
0
  0
VERTEX
  5
39F
  8
0
  6
BYLAYER
 62
  256
 10
282.2148045914669
 20
122.563151574759
 30
0
  0
VERTEX
  5
3A0
  8
0
  6
BYLAYER
 62
  256
 10
274.4731552000804
 20
133.6667134902373
 30
0
  0
VERTEX
  5
3A1
  8
0
  6
BYLAYER
 62
  256
 10
266.0702759368079
 20
144.4482605850963
 30
0
  0
VERTEX
  5
3A2
  8
0
  6
BYLAYER
 62
  256
 10
257.0264100737998
 20
154.8818191680325
 30
0
  0
VERTEX
  5
3A3
  8
0
  6
BYLAYER
 62
  256
 10
247.3633450760693
 20
164.9422538825477
 30
0
  0
VERTEX
  5
3A4
  8
0
  6
BYLAYER
 62
  256
 10
237.1043601135803
 20
174.6053282602248
 30
0
  0
VERTEX
  5
3A5
  8
0
  6
BYLAYER
 62
  256
 10
226.2741699796887
 20
183.8477631085024
 30
0
  0
VERTEX
  5
3A6
  8
0
  6
BYLAYER
 62
  256
 10
214.8988655510394
 20
192.6472925922894
 30
0
  0
VERTEX
  5
3A7
  8
0
  6
BYLAYER
 62
  256
 10
203.0058509323602
 20
200.9827178743117
 30
0
  0
VERTEX
  5
3A8
  8
0
  6
BYLAYER
 62
  256
 10
190.6237774375721
 20
208.8339581849679
 30
0
  0
VERTEX
  5
3A9
  8
0
  6
BYLAYER
 62
  256
 10
177.7824745662662
 20
216.182099198662
 30
0
  0
VERTEX
  5
3AA
  8
0
  6
BYLAYER
 62
  256
 10
164.5128781418245
 20
223.009438600071
 30
0
  0
VERTEX
  5
3AB
  8
0
  6
BYLAYER
 62
  256
 10
150.8469557843128
 20
229.2995287305727
 30
0
  0
VERTEX
  5
3AC
  8
0
  6
BYLAYER
 62
  256
 10
136.8176298976839
 20
235.0372162120957
 30
0
  0
VERTEX
  5
3AD
  8
0
  6
BYLAYER
 62
  256
 10
122.4586983568224
 20
240.208678452935
 30
0
  0
VERTEX
  5
3AE
  8
0
  6
BYLAYER
 62
  256
 10
107.8047530855039
 20
244.801456947586
 30
0
  0
VERTEX
  5
3AF
  8
0
  6
BYLAYER
 62
  256
 10
92.89109672142149
 20
248.8044872903749
 30
0
  0
VERTEX
  5
3B0
  8
0
  6
BYLAYER
 62
  256
 10
77.75365756903801
 20
252.2081258305821
 30
0
  0
VERTEX
  5
3B1
  8
0
  6
BYLAYER
 62
  256
 10
62.42890304515466
 20
255.0041729048406
 30
0
  0
VERTEX
  5
3B2
  8
0
  6
BYLAYER
 62
  256
 10
46.95375182570942
 20
257.1858925908438
 30
0
  0
VERTEX
  5
3B3
  8
0
  6
BYLAYER
 62
  256
 10
31.36548490545282
 20
258.748028934772
 30
0
  0
VERTEX
  5
3B4
  8
0
  6
BYLAYER
 62
  256
 10
15.70165578476723
 20
259.6868186133457
 30
0
  0
VERTEX
  5
3B5
  8
0
  6
BYLAYER
 62
  256
 10
-6.208379875192957e-12
 20
260.0000000000009
 30
0
  0
SEQEND
  5
3B6
  8
0
  6
BYLAYER
 62
  256
  0
POLYLINE
  5
3B7
  8
0
  6
BYLAYER
 62
  256
 66
    1
 10
0
 20
0
 30
0
 70
    0
  0
VERTEX
  5
3B8
  8
0
  6
BYLAYER
 62
  256
 10
-6.208379875192957e-12
 20
260.0000000000009
 30
0
  0
VERTEX
  5
3B9
  8
0
  6
BYLAYER
 62
  256
 10
-6.492596969496997e-12
 20
260.0000000000009
 30
0
  0
VERTEX
  5
3BA
  8
0
  6
BYLAYER
 62
  256
 10
-15.70165578478022
 20
259.6868186133458
 30
0
  0
VERTEX
  5
3BB
  8
0
  6
BYLAYER
 62
  256
 10
-31.36548490546581
 20
258.7480289347722
 30
0
  0
VERTEX
  5
3BC
  8
0
  6
BYLAYER
 62
  256
 10
-46.95375182572242
 20
257.185892590844
 30
0
  0
VERTEX
  5
3BD
  8
0
  6
BYLAYER
 62
  256
 10
-62.42890304516768
 20
255.004172904841
 30
0
  0
VERTEX
  5
3BE
  8
0
  6
BYLAYER
 62
  256
 10
-77.75365756905106
 20
252.2081258305825
 30
0
  0
VERTEX
  5
3BF
  8
0
  6
BYLAYER
 62
  256
 10
-92.89109672143452
 20
248.8044872903754
 30
0
  0
VERTEX
  5
3C0
  8
0
  6
BYLAYER
 62
  256
 10
-107.804753085517
 20
244.8014569475866
 30
0
  0
VERTEX
  5
3C1
  8
0
  6
BYLAYER
 62
  256
 10
-122.4586983568355
 20
240.2086784529357
 30
0
  0
VERTEX
  5
3C2
  8
0
  6
BYLAYER
 62
  256
 10
-136.817629897697
 20
235.0372162120965
 30
0
  0
VERTEX
  5
3C3
  8
0
  6
BYLAYER
 62
  256
 10
-150.846955784326
 20
229.2995287305735
 30
0
  0
VERTEX
  5
3C4
  8
0
  6
BYLAYER
 62
  256
 10
-164.5128781418377
 20
223.009438600072
 30
0
  0
VERTEX
  5
3C5
  8
0
  6
BYLAYER
 62
  256
 10
-177.7824745662794
 20
216.1820991986631
 30
0
  0
VERTEX
  5
3C6
  8
0
  6
BYLAYER
 62
  256
 10
-190.6237774375854
 20
208.833958184969
 30
0
  0
VERTEX
  5
3C7
  8
0
  6
BYLAYER
 62
  256
 10
-203.0058509323735
 20
200.9827178743129
 30
0
  0
VERTEX
  5
3C8
  8
0
  6
BYLAYER
 62
  256
 10
-214.8988655510528
 20
192.6472925922906
 30
0
  0
VERTEX
  5
3C9
  8
0
  6
BYLAYER
 62
  256
 10
-226.2741699797021
 20
183.8477631085037
 30
0
  0
VERTEX
  5
3CA
  8
0
  6
BYLAYER
 62
  256
 10
-237.1043601135939
 20
174.6053282602261
 30
0
  0
VERTEX
  5
3CB
  8
0
  6
BYLAYER
 62
  256
 10
-247.3633450760828
 20
164.9422538825492
 30
0
  0
VERTEX
  5
3CC
  8
0
  6
BYLAYER
 62
  256
 10
-257.0264100738135
 20
154.8818191680339
 30
0
  0
VERTEX
  5
3CD
  8
0
  6
BYLAYER
 62
  256
 10
-266.0702759368216
 20
144.4482605850978
 30
0
  0
VERTEX
  5
3CE
  8
0
  6
BYLAYER
 62
  256
 10
-274.4731552000941
 20
133.6667134902389
 30
0
  0
VERTEX
  5
3CF
  8
0
  6
BYLAYER
 62
  256
 10
-282.2148045914807
 20
122.5631515747607
 30
0
  0
VERTEX
  5
3D0
  8
0
  6
BYLAYER
 62
  256
 10
-289.276573799509
 20
111.1643242918746
 30
0
  0
VERTEX
  5
3D1
  8
0
  6
BYLAYER
 62
  256
 10
-295.6414504036189
 20
99.49769241492467
 30
0
  0
VERTEX
  5
3D2
  8
0
  6
BYLAYER
 62
  256
 10
-301.294100858574
 20
87.59136188197834
 30
0
  0
VERTEX
  5
3D3
  8
0
  6
BYLAYER
 62
  256
 10
-306.2209074343141
 20
75.47401608616137
 30
0
  0
VERTEX
  5
3D4
  8
0
  6
BYLAYER
 62
  256
 10
-310.4100010222614
 20
63.17484677484978
 30
0
  0
VERTEX
  5
3D5
  8
0
  6
BYLAYER
 62
  256
 10
-313.8512897290411
 20
50.72348372419452
 30
0
  0
VERTEX
  5
3D6
  8
0
  6
BYLAYER
 62
  256
 10
-316.5364831887373
 20
38.14992335839523
 30
0
  0
VERTEX
  5
3D7
  8
0
  6
BYLAYER
 62
  256
 10
-318.4591125351105
 20
25.48445648568671
 30
0
  0
VERTEX
  5
3D8
  8
0
  6
BYLAYER
 62
  256
 10
-319.6145459856627
 20
12.75759532512964
 30
0
  0
SEQEND
  5
3D9
  8
0
  6
BYLAYER
 62
  256
  0
LINE
  5
3DA
  8
0
  6
BYLAYER
 62
  256
 10
-25.02446558373049
 20
170
 11
-25.02446558373049
 21
141.0125646744855
  0
ARC
  5
3DB
  8
0
  6
BYLAYER
 62
  256
 10
-0.024465583730489
 20
170
 40
25
 50
0
 51
180
  0
LINE
  5
3DC
  8
0
  6
BYLAYER
 62
  256
 10
24.97553441626951
 20
170
 11
24.97553441626951
 21
141.0125646744855
  0
LINE
  5
3DD
  8
0
  6
BYLAYER
 62
  256
 10
-25.02446558373049
 20
141.0125646744855
 11
-13.70497443159547
 21
60.0858662675164
  0
ARC
  5
3DE
  8
0
  6
BYLAYER
 62
  256
 10
-3.801384862345003
 20
61.47111485309142
 40
10
 50
187.9624951574042
 51
270
  0
LINE
  5
3DF
  8
0
  6
BYLAYER
 62
  256
 10
-3.801384862330451
 20
51.47111485309142
 11
3.801384862345003
 21
51.4711148530987
  0
ARC
  5
3E0
  8
0
  6
BYLAYER
 62
  256
 10
3.801384862330451
 20
61.4711148530987
 40
10
 50
270
 51
352.0375048425959
  0
LINE
  5
3E1
  8
0
  6
BYLAYER
 62
  256
 10
25.02446558371594
 20
141.0125646744855
 11
13.70497443158092
 21
60.08586626752367
  0
ARC
  5
3E2
  8
0
  6
BYLAYER
 62
  256
 10
-0.024465583730489
 20
150
 40
25
 50
0
 51
180
  0
CIRCLE
  5
3E3
  8
0
  6
BYLAYER
 62
  256
 10
-7.276000000000001e-12
 20
0
 40
35
  0
CIRCLE
  5
3E4
  8
0
  6
BYLAYER
 62
  256
 10
-7.276000000000001e-12
 20
0
 40
22.5
  0
LINE
  5
3E5
  8
0
  6
BYLAYER
 62
  256
 10
-22.5
 20
0
 11
22.5
 21
0
  0
ENDBLK
  8
0
  0
BLOCK
  8
0
  2
*D11
 70
   65
 10
0
 20
0
  3
*D11
  1

  0
LINE
  5
3E6
  8
HATCH
  6
BYLAYER
 62
  256
 10
36771.31314333927
 20
-709.7869782690104
 11
36771.31314333927
 21
-709.6579644240555
  0
LINE
  5
3E7
  8
HATCH
  6
BYLAYER
 62
  256
 10
36671.31314333927
 20
-704.9395204819266
 11
36671.31314333927
 21
-709.6579644240555
  0
LINE
  5
3E8
  8
HATCH
  6
BYLAYER
 62
  256
 10
36768.31314333927
 20
-706.6579644240555
 11
36729.8363756625
 21
-706.6579644240555
  0
LINE
  5
3E9
  8
HATCH
  6
BYLAYER
 62
  256
 10
36674.31314333927
 20
-706.6579644240555
 11
36712.78991101604
 21
-706.6579644240555
  0
SOLID
  5
3EA
  8
HATCH
  6
BYLAYER
 62
  256
 10
36768.31314333927
 20
-706.1579644240555
 30
0
 11
36768.31314333927
 21
-707.1579644240555
 31
0
 12
36771.31314333927
 22
-706.6579644240555
 32
0
 13
36771.31314333927
 23
-706.6579644240555
 33
0
  0
SOLID
  5
3EB
  8
HATCH
  6
BYLAYER
 62
  256
 10
36674.31314333927
 20
-706.1579644240555
 30
0
 11
36674.31314333927
 21
-707.1579644240555
 31
0
 12
36671.31314333927
 22
-706.6579644240555
 32
0
 13
36671.31314333927
 23
-706.6579644240555
 33
0
  0
POINT
  5
3EC
  8
DEFPOINTS
  6
BYLAYER
 62
    0
 10
36771.31314333927
 20
-705.7869782690104
  0
POINT
  5
3ED
  8
DEFPOINTS
  6
BYLAYER
 62
    0
 10
36671.31314333927
 20
-700.9395204819266
  0
POINT
  5
3EE
  8
DEFPOINTS
  6
BYLAYER
 62
    0
 10
36671.31314333927
 20
-706.6579644240555
  0
ENDBLK
  8
0
  0
BLOCK
  8
0
  2
WC_PLAN_COTTO SYDNEY C1303
 70
   64
 10
0
 20
0
  3
WC_PLAN_COTTO SYDNEY C1303
  1

  0
LINE
  5
3EF
  8
0
  6
BYLAYER
 62
  256
 10
115
 20
0
 11
135
 21
-20
  0
LINE
  5
3F0
  8
0
  6
BYLAYER
 62
  256
 10
185
 20
-400
 11
185
 21
-500
  0
LINE
  5
3F1
  8
0
  6
BYLAYER
 62
  256
 10
65
 20
-270
 11
-65
 21
-270
  0
LINE
  5
3F2
  8
0
  6
BYLAYER
 62
  256
 10
100.3784837502535
 20
-290
 11
-100.3784837502535
 21
-290
  0
LINE
  5
3F3
  8
0
  6
BYLAYER
 62
  256
 10
115
 20
0
 11
-115
 21
0
  0
LINE
  5
3F4
  8
0
  6
BYLAYER
 62
  256
 10
170
 20
-20
 11
-170
 21
-20
  0
ARC
  5
3F5
  8
0
  6
BYLAYER
 62
  256
 10
170
 20
-45
 40
25
 50
0
 51
90
  0
POLYLINE
  5
3F6
  8
0
  6
BYLAYER
 62
  256
 66
    1
 10
0
 20
0
 30
0
 70
    0
  0
VERTEX
  5
3F7
  8
0
  6
BYLAYER
 62
  256
 10
-100.3784837502537
 20
-289.9999999999998
 30
0
  0
VERTEX
  5
3F8
  8
0
  6
BYLAYER
 62
  256
 10
-102.7804931086264
 20
-292.1325969243637
 30
0
  0
VERTEX
  5
3F9
  8
0
  6
BYLAYER
 62
  256
 10
-110.2043713311002
 20
-299.1981171298388
 30
0
  0
VERTEX
  5
3FA
  8
0
  6
BYLAYER
 62
  256
 10
-117.3627575702744
 20
-306.7473866593158
 30
0
  0
VERTEX
  5
3FB
  8
0
  6
BYLAYER
 62
  256
 10
-124.2384066466984
 20
-314.7622186612602
 30
0
  0
VERTEX
  5
3FC
  8
0
  6
BYLAYER
 62
  256
 10
-130.8147545195113
 20
-323.2233047033631
 30
0
  0
VERTEX
  5
3FD
  8
0
  6
BYLAYER
 62
  256
 10
-137.0759581906674
 20
-332.1102612882454
 30
0
  0
VERTEX
  5
3FE
  8
0
  6
BYLAYER
 62
  256
 10
-143.0069338721064
 20
-341.4016789590886
 30
0
  0
VERTEX
  5
3FF
  8
0
  6
BYLAYER
 62
  256
 10
-148.5933933239193
 20
-351.0751738768917
 30
0
  0
VERTEX
  5
400
  8
0
  6
BYLAYER
 62
  256
 10
-153.8218782759709
 20
-361.1074417450994
 30
0
  0
VERTEX
  5
401
  8
0
  6
BYLAYER
 62
  256
 10
-158.6797928500504
 20
-371.4743139516946
 30
0
  0
VERTEX
  5
402
  8
0
  6
BYLAYER
 62
  256
 10
-163.1554339044457
 20
-382.1508157935006
 30
0
  0
VERTEX
  5
403
  8
0
  6
BYLAYER
 62
  256
 10
-167.238019227837
 20
-393.1112266424295
 30
0
  0
VERTEX
  5
404
  8
0
  6
BYLAYER
 62
  256
 10
-170.9177135145881
 20
-404.3291419087275
 30
0
  0
VERTEX
  5
405
  8
0
  6
BYLAYER
 62
  256
 10
-174.1856520588589
 20
-415.777536651945
 30
0
  0
VERTEX
  5
406
  8
0
  6
BYLAYER
 62
  256
 10
-177.0339621104587
 20
-427.4288306863844
 30
0
  0
VERTEX
  5
407
  8
0
  6
BYLAYER
 62
  256
 10
-179.4557818409907
 20
-439.254955024184
 30
0
  0
VERTEX
  5
408
  8
0
  6
BYLAYER
 62
  256
 10
-181.4452768745977
 20
-451.2274194959679
 30
0
  0
VERTEX
  5
409
  8
0
  6
BYLAYER
 62
  256
 10
-182.9976543434845
 20
-463.3173813861596
 30
0
  0
VERTEX
  5
40A
  8
0
  6
BYLAYER
 62
  256
 10
-184.1091744343564
 20
-475.4957149176098
 30
0
  0
VERTEX
  5
40B
  8
0
  6
BYLAYER
 62
  256
 10
-184.7771593979569
 20
-487.7330814181454
 30
0
  0
VERTEX
  5
40C
  8
0
  6
BYLAYER
 62
  256
 10
-185
 20
-500
 30
0
  0
VERTEX
  5
40D
  8
0
  6
BYLAYER
 62
  256
 10
-184.7771593979569
 20
-512.2669185818545
 30
0
  0
VERTEX
  5
40E
  8
0
  6
BYLAYER
 62
  256
 10
-184.1091744343564
 20
-524.5042850823902
 30
0
  0
VERTEX
  5
40F
  8
0
  6
BYLAYER
 62
  256
 10
-182.9976543434845
 20
-536.6826186138404
 30
0
  0
VERTEX
  5
410
  8
0
  6
BYLAYER
 62
  256
 10
-181.4452768745977
 20
-548.772580504032
 30
0
  0
VERTEX
  5
411
  8
0
  6
BYLAYER
 62
  256
 10
-179.4557818409907
 20
-560.745044975816
 30
0
  0
VERTEX
  5
412
  8
0
  6
BYLAYER
 62
  256
 10
-177.0339621104587
 20
-572.5711693136155
 30
0
  0
VERTEX
  5
413
  8
0
  6
BYLAYER
 62
  256
 10
-174.1856520588589
 20
-584.222463348055
 30
0
  0
VERTEX
  5
414
  8
0
  6
BYLAYER
 62
  256
 10
-170.9177135145881
 20
-595.6708580912724
 30
0
  0
VERTEX
  5
415
  8
0
  6
BYLAYER
 62
  256
 10
-167.2380192278371
 20
-606.8887733575705
 30
0
  0
VERTEX
  5
416
  8
0
  6
BYLAYER
 62
  256
 10
-163.1554339044457
 20
-617.8491842064994
 30
0
  0
VERTEX
  5
417
  8
0
  6
BYLAYER
 62
  256
 10
-158.6797928500504
 20
-628.5256860483054
 30
0
  0
VERTEX
  5
418
  8
0
  6
BYLAYER
 62
  256
 10
-153.8218782759709
 20
-638.8925582549005
 30
0
  0
VERTEX
  5
419
  8
0
  6
BYLAYER
 62
  256
 10
-148.5933933239193
 20
-648.9248261231083
 30
0
  0
VERTEX
  5
41A
  8
0
  6
BYLAYER
 62
  256
 10
-143.0069338721064
 20
-658.5983210409113
 30
0
  0
VERTEX
  5
41B
  8
0
  6
BYLAYER
 62
  256
 10
-137.0759581906674
 20
-667.8897387117546
 30
0
  0
VERTEX
  5
41C
  8
0
  6
BYLAYER
 62
  256
 10
-130.8147545195113
 20
-676.7766952966368
 30
0
  0
VERTEX
  5
41D
  8
0
  6
BYLAYER
 62
  256
 10
-124.2384066466985
 20
-685.2377813387398
 30
0
  0
VERTEX
  5
41E
  8
0
  6
BYLAYER
 62
  256
 10
-117.3627575702745
 20
-693.2526133406842
 30
0
  0
VERTEX
  5
41F
  8
0
  6
BYLAYER
 62
  256
 10
-110.2043713311002
 20
-700.8018828701612
 30
0
  0
VERTEX
  5
420
  8
0
  6
BYLAYER
 62
  256
 10
-102.7804931086264
 20
-707.8674030756363
 30
0
  0
VERTEX
  5
421
  8
0
  6
BYLAYER
 62
  256
 10
-95.10900767574606
 20
-714.432152500068
 30
0
  0
VERTEX
  5
422
  8
0
  6
BYLAYER
 62
  256
 10
-87.20839631280963
 20
-720.4803160870888
 30
0
  0
VERTEX
  5
423
  8
0
  6
BYLAYER
 62
  256
 10
-79.0976922846022
 20
-725.9973232808609
 30
0
  0
VERTEX
  5
424
  8
0
  6
BYLAYER
 62
  256
 10
-70.79643498754166
 20
-730.9698831278217
 30
0
  0
VERTEX
  5
425
  8
0
  6
BYLAYER
 62
  256
 10
-62.32462287756078
 20
-735.3860162957552
 30
0
  0
VERTEX
  5
426
  8
0
  6
BYLAYER
 62
  256
 10
-53.70266529207557
 20
-739.2350839330522
 30
0
  0
VERTEX
  5
427
  8
0
  6
BYLAYER
 62
  256
 10
-44.95133328210387
 20
-742.5078132986359
 30
0
  0
VERTEX
  5
428
  8
0
  6
BYLAYER
 62
  256
 10
-36.09170957298381
 20
-745.1963201008076
 30
0
  0
VERTEX
  5
429
  8
0
  6
BYLAYER
 62
  256
 10
-27.14513777424195
 20
-747.2941274911952
 30
0
  0
VERTEX
  5
42A
  8
0
  6
BYLAYER
 62
  256
 10
-18.13317096096877
 20
-748.7961816680493
 30
0
  0
VERTEX
  5
42B
  8
0
  6
BYLAYER
 62
  256
 10
-9.077519750572341
 20
-749.6988640512931
 30
0
  0
VERTEX
  5
42C
  8
0
  6
BYLAYER
 62
  256
 10
-3.796405077356795e-14
 20
-750
 30
0
  0
VERTEX
  5
42D
  8
0
  6
BYLAYER
 62
  256
 10
9.077519750572264
 20
-749.6988640512931
 30
0
  0
VERTEX
  5
42E
  8
0
  6
BYLAYER
 62
  256
 10
18.1331709609687
 20
-748.7961816680493
 30
0
  0
VERTEX
  5
42F
  8
0
  6
BYLAYER
 62
  256
 10
27.14513777424188
 20
-747.2941274911952
 30
0
  0
VERTEX
  5
430
  8
0
  6
BYLAYER
 62
  256
 10
36.09170957298374
 20
-745.1963201008076
 30
0
  0
VERTEX
  5
431
  8
0
  6
BYLAYER
 62
  256
 10
44.9513332821038
 20
-742.5078132986359
 30
0
  0
VERTEX
  5
432
  8
0
  6
BYLAYER
 62
  256
 10
53.70266529207549
 20
-739.2350839330522
 30
0
  0
VERTEX
  5
433
  8
0
  6
BYLAYER
 62
  256
 10
62.32462287756071
 20
-735.3860162957552
 30
0
  0
VERTEX
  5
434
  8
0
  6
BYLAYER
 62
  256
 10
70.79643498754159
 20
-730.9698831278217
 30
0
  0
VERTEX
  5
435
  8
0
  6
BYLAYER
 62
  256
 10
79.09769228460213
 20
-725.9973232808609
 30
0
  0
VERTEX
  5
436
  8
0
  6
BYLAYER
 62
  256
 10
87.20839631280957
 20
-720.4803160870888
 30
0
  0
VERTEX
  5
437
  8
0
  6
BYLAYER
 62
  256
 10
95.10900767574599
 20
-714.432152500068
 30
0
  0
VERTEX
  5
438
  8
0
  6
BYLAYER
 62
  256
 10
102.7804931086264
 20
-707.8674030756364
 30
0
  0
VERTEX
  5
439
  8
0
  6
BYLAYER
 62
  256
 10
110.2043713311001
 20
-700.8018828701612
 30
0
  0
VERTEX
  5
43A
  8
0
  6
BYLAYER
 62
  256
 10
117.3627575702744
 20
-693.2526133406843
 30
0
  0
VERTEX
  5
43B
  8
0
  6
BYLAYER
 62
  256
 10
124.2384066466984
 20
-685.2377813387398
 30
0
  0
VERTEX
  5
43C
  8
0
  6
BYLAYER
 62
  256
 10
130.8147545195113
 20
-676.7766952966369
 30
0
  0
VERTEX
  5
43D
  8
0
  6
BYLAYER
 62
  256
 10
137.0759581906674
 20
-667.8897387117547
 30
0
  0
VERTEX
  5
43E
  8
0
  6
BYLAYER
 62
  256
 10
143.0069338721063
 20
-658.5983210409115
 30
0
  0
VERTEX
  5
43F
  8
0
  6
BYLAYER
 62
  256
 10
148.5933933239193
 20
-648.9248261231082
 30
0
  0
VERTEX
  5
440
  8
0
  6
BYLAYER
 62
  256
 10
153.8218782759709
 20
-638.8925582549006
 30
0
  0
VERTEX
  5
441
  8
0
  6
BYLAYER
 62
  256
 10
158.6797928500503
 20
-628.5256860483055
 30
0
  0
VERTEX
  5
442
  8
0
  6
BYLAYER
 62
  256
 10
163.1554339044457
 20
-617.8491842064994
 30
0
  0
VERTEX
  5
443
  8
0
  6
BYLAYER
 62
  256
 10
167.238019227837
 20
-606.8887733575706
 30
0
  0
VERTEX
  5
444
  8
0
  6
BYLAYER
 62
  256
 10
170.917713514588
 20
-595.6708580912725
 30
0
  0
VERTEX
  5
445
  8
0
  6
BYLAYER
 62
  256
 10
174.1856520588589
 20
-584.222463348055
 30
0
  0
VERTEX
  5
446
  8
0
  6
BYLAYER
 62
  256
 10
177.0339621104586
 20
-572.5711693136157
 30
0
  0
VERTEX
  5
447
  8
0
  6
BYLAYER
 62
  256
 10
179.4557818409907
 20
-560.745044975816
 30
0
  0
VERTEX
  5
448
  8
0
  6
BYLAYER
 62
  256
 10
181.4452768745976
 20
-548.7725805040321
 30
0
  0
VERTEX
  5
449
  8
0
  6
BYLAYER
 62
  256
 10
182.9976543434845
 20
-536.6826186138405
 30
0
  0
VERTEX
  5
44A
  8
0
  6
BYLAYER
 62
  256
 10
184.1091744343564
 20
-524.5042850823901
 30
0
  0
VERTEX
  5
44B
  8
0
  6
BYLAYER
 62
  256
 10
184.7771593979569
 20
-512.2669185818545
 30
0
  0
VERTEX
  5
44C
  8
0
  6
BYLAYER
 62
  256
 10
185
 20
-500.0000000000001
 30
0
  0
VERTEX
  5
44D
  8
0
  6
BYLAYER
 62
  256
 10
184.7771593979569
 20
-487.7330814181456
 30
0
  0
VERTEX
  5
44E
  8
0
  6
BYLAYER
 62
  256
 10
184.1091744343564
 20
-475.49571491761
 30
0
  0
VERTEX
  5
44F
  8
0
  6
BYLAYER
 62
  256
 10
182.9976543434845
 20
-463.3173813861595
 30
0
  0
VERTEX
  5
450
  8
0
  6
BYLAYER
 62
  256
 10
181.4452768745977
 20
-451.2274194959679
 30
0
  0
VERTEX
  5
451
  8
0
  6
BYLAYER
 62
  256
 10
179.4557818409907
 20
-439.2549550241841
 30
0
  0
VERTEX
  5
452
  8
0
  6
BYLAYER
 62
  256
 10
177.0339621104587
 20
-427.4288306863845
 30
0
  0
VERTEX
  5
453
  8
0
  6
BYLAYER
 62
  256
 10
174.1856520588589
 20
-415.7775366519451
 30
0
  0
VERTEX
  5
454
  8
0
  6
BYLAYER
 62
  256
 10
170.9177135145881
 20
-404.3291419087275
 30
0
  0
VERTEX
  5
455
  8
0
  6
BYLAYER
 62
  256
 10
167.238019227837
 20
-393.1112266424295
 30
0
  0
VERTEX
  5
456
  8
0
  6
BYLAYER
 62
  256
 10
163.1554339044457
 20
-382.1508157935006
 30
0
  0
VERTEX
  5
457
  8
0
  6
BYLAYER
 62
  256
 10
158.6797928500504
 20
-371.4743139516946
 30
0
  0
VERTEX
  5
458
  8
0
  6
BYLAYER
 62
  256
 10
153.8218782759709
 20
-361.1074417450995
 30
0
  0
VERTEX
  5
459
  8
0
  6
BYLAYER
 62
  256
 10
148.5933933239194
 20
-351.0751738768918
 30
0
  0
VERTEX
  5
45A
  8
0
  6
BYLAYER
 62
  256
 10
143.0069338721063
 20
-341.4016789590886
 30
0
  0
VERTEX
  5
45B
  8
0
  6
BYLAYER
 62
  256
 10
137.0759581906674
 20
-332.1102612882454
 30
0
  0
VERTEX
  5
45C
  8
0
  6
BYLAYER
 62
  256
 10
130.8147545195114
 20
-323.2233047033632
 30
0
  0
VERTEX
  5
45D
  8
0
  6
BYLAYER
 62
  256
 10
124.2384066466985
 20
-314.7622186612602
 30
0
  0
VERTEX
  5
45E
  8
0
  6
BYLAYER
 62
  256
 10
117.3627575702745
 20
-306.7473866593158
 30
0
  0
VERTEX
  5
45F
  8
0
  6
BYLAYER
 62
  256
 10
110.2043713311002
 20
-299.1981171298387
 30
0
  0
VERTEX
  5
460
  8
0
  6
BYLAYER
 62
  256
 10
102.7804931086264
 20
-292.1325969243637
 30
0
  0
VERTEX
  5
461
  8
0
  6
BYLAYER
 62
  256
 10
100.3784837502538
 20
-289.9999999999998
 30
0
  0
SEQEND
  5
462
  8
0
  6
BYLAYER
 62
  256
  0
LINE
  5
463
  8
0
  6
BYLAYER
 62
  256
 10
195
 20
-140.2241801652599
 11
195
 21
-45
  0
ARC
  5
464
  8
0
  6
BYLAYER
 62
  256
 10
145
 20
-140.2241801652599
 40
50
 50
277.5946433684812
 51
0
  0
LINE
  5
465
  8
0
  6
BYLAYER
 62
  256
 10
-195
 20
-140.2241801652599
 11
-195
 21
-45
  0
ARC
  5
466
  8
0
  6
BYLAYER
 62
  256
 10
-145
 20
-140.2241801652599
 40
50
 50
180
 51
262.4053566315188
  0
ARC
  5
467
  8
0
  6
BYLAYER
 62
  256
 10
-170
 20
-45
 40
25
 50
90
 51
180
  0
LINE
  5
468
  8
0
  6
BYLAYER
 62
  256
 10
-115
 20
0
 11
-135
 21
-20
  0
LINE
  5
469
  8
0
  6
BYLAYER
 62
  256
 10
0
 20
-210
 11
151.6081860045451
 21
-189.785575199392
  0
LINE
  5
46A
  8
0
  6
BYLAYER
 62
  256
 10
0
 20
-210
 11
-151.6081860045524
 21
-189.785575199392
  0
LINE
  5
46B
  8
0
  6
BYLAYER
 62
  256
 10
185
 20
-400
 11
151.6081860045451
 21
-189.785575199392
  0
LINE
  5
46C
  8
0
  6
BYLAYER
 62
  256
 10
-185
 20
-400
 11
-185
 21
-500
  0
LINE
  5
46D
  8
0
  6
BYLAYER
 62
  256
 10
-185
 20
-400
 11
-151.6081860045524
 21
-189.785575199392
  0
LINE
  5
46E
  8
0
  6
BYLAYER
 62
  256
 10
65
 20
-270
 11
75
 21
-290
  0
LINE
  5
46F
  8
0
  6
BYLAYER
 62
  256
 10
-65
 20
-270
 11
-75
 21
-290
  0
CIRCLE
  5
470
  8
0
  6
BYLAYER
 62
  256
 10
0
 20
-110
 40
25
  0
LINE
  5
471
  8
0
  6
BYLAYER
 62
  256
 10
-25
 20
-110
 11
25
 21
-110
  0
ENDBLK
  8
0
  0
BLOCK
  8
0
  2
*D13
 70
   65
 10
0
 20
0
  3
*D13
  1

  0
LINE
  5
472
  8
HATCH
  6
BYLAYER
 62
  256
 10
36780.3131433393
 20
-548.9395204819273
 11
36785.0914828293
 21
-548.9395204819273
  0
LINE
  5
473
  8
HATCH
  6
BYLAYER
 62
  256
 10
36780.3131433393
 20
-428.9395204819277
 11
36785.0914828293
 21
-428.9395204819277
  0
LINE
  5
474
  8
HATCH
  6
BYLAYER
 62
  256
 10
36782.0914828293
 20
-545.9395204819273
 11
36782.0914828293
 21
-499.4082073506144
  0
LINE
  5
475
  8
HATCH
  6
BYLAYER
 62
  256
 10
36782.0914828293
 20
-431.9395204819277
 11
36782.0914828293
 21
-478.4708336132406
  0
SOLID
  5
476
  8
HATCH
  6
BYLAYER
 62
  256
 10
36781.5914828293
 20
-545.9395204819273
 30
0
 11
36782.5914828293
 21
-545.9395204819273
 31
0
 12
36782.0914828293
 22
-548.9395204819273
 32
0
 13
36782.0914828293
 23
-548.9395204819273
 33
0
  0
SOLID
  5
477
  8
HATCH
  6
BYLAYER
 62
  256
 10
36781.5914828293
 20
-431.9395204819277
 30
0
 11
36782.5914828293
 21
-431.9395204819277
 31
0
 12
36782.0914828293
 22
-428.9395204819277
 32
0
 13
36782.0914828293
 23
-428.9395204819277
 33
0
  0
POINT
  5
478
  8
DEFPOINTS
  6
BYLAYER
 62
    0
 10
36776.3131433393
 20
-548.9395204819273
  0
POINT
  5
479
  8
DEFPOINTS
  6
BYLAYER
 62
    0
 10
36776.3131433393
 20
-428.9395204819277
  0
POINT
  5
47A
  8
DEFPOINTS
  6
BYLAYER
 62
    0
 10
36782.0914828293
 20
-428.9395204819277
  0
ENDBLK
  8
0
  0
BLOCK
  8
0
  2
A$C05CD1A33
 70
   64
 10
0
 20
0
  3
A$C05CD1A33
  1

  0
INSERT
  5
47B
  8
FURN
  6
ACAD_ISO14W100
 62
  256
  2
A$C64AA05FE
 10
47.0249463634409
 20
55.13607747456342
 30
0
 41
0.9065734764729022
 42
0.9065734764729022
 43
0.9065734764729022
 50
0
 70
    1
 71
    1
 44
0
 45
0
  0
INSERT
  5
47C
  8
FURN
  6
ACAD_ISO14W100
 62
  256
  2
A$C64AA05FE
 10
47.0249463634409
 20
25.52426675551453
 30
0
 41
0.9065734764729022
 42
0.9065734764729022
 43
0.9065734764729022
 50
0
 70
    1
 71
    1
 44
0
 45
0
  0
INSERT
  5
47D
  8
FURN
  6
ACAD_ISO14W100
 62
  256
  2
A$C64AA05FE
 10
22.20547729860664
 20
55.13607747456342
 30
0
 41
-0.9065734764729022
 42
0.9065734764729022
 43
0.9065734764729022
 50
0
 70
    1
 71
    1
 44
0
 45
0
  0
INSERT
  5
47E
  8
FURN
  6
ACAD_ISO14W100
 62
  256
  2
A$C64AA05FE
 10
22.20547729860664
 20
25.52426675551453
 30
0
 41
-0.9065734764729022
 42
0.9065734764729022
 43
0.9065734764729022
 50
0
 70
    1
 71
    1
 44
0
 45
0
  0
INSERT
  5
47F
  8
FURN
  6
ACAD_ISO14W100
 62
  256
  2
A$C64AA05FE
 10
25.44159933420137
 20
75.61261049949165
 30
0
 41
-0.9065734764729022
 42
0.9065734764729022
 43
0.9065734764729022
 50
270
 70
    1
 71
    1
 44
0
 45
0
  0
INSERT
  5
480
  8
FURN
  6
ACAD_ISO14W100
 62
  256
  2
A$C64AA05FE
 10
25.44159933420137
 20
22.29646230802906
 30
0
 41
0.9065734764729022
 42
0.9065734764729022
 43
0.9065734764729022
 50
270
 70
    1
 71
    1
 44
0
 45
0
  0
ENDBLK
  8
0
  0
BLOCK
  8
0
  2
*D8
 70
   65
 10
0
 20
0
  3
*D8
  1

  0
LINE
  5
481
  8
HATCH
  6
BYLAYER
 62
  256
 10
36517.31314333927
 20
-449.5753248443623
 11
36517.31314333927
 21
-397.2845081454798
  0
LINE
  5
482
  8
HATCH
  6
BYLAYER
 62
  256
 10
36925.31314333927
 20
-449.5753248443623
 11
36925.31314333927
 21
-397.2845081454798
  0
LINE
  5
483
  8
HATCH
  6
BYLAYER
 62
  256
 10
36520.31314333927
 20
-400.2845081454798
 11
36710.66061808675
 21
-400.2845081454798
  0
LINE
  5
484
  8
HATCH
  6
BYLAYER
 62
  256
 10
36922.31314333927
 20
-400.2845081454798
 11
36731.96566859179
 21
-400.2845081454798
  0
SOLID
  5
485
  8
HATCH
  6
BYLAYER
 62
  256
 10
36520.31314333927
 20
-399.7845081454798
 30
0
 11
36520.31314333927
 21
-400.7845081454798
 31
0
 12
36517.31314333927
 22
-400.2845081454798
 32
0
 13
36517.31314333927
 23
-400.2845081454798
 33
0
  0
SOLID
  5
486
  8
HATCH
  6
BYLAYER
 62
  256
 10
36922.31314333927
 20
-399.7845081454798
 30
0
 11
36922.31314333927
 21
-400.7845081454798
 31
0
 12
36925.31314333927
 22
-400.2845081454798
 32
0
 13
36925.31314333927
 23
-400.2845081454798
 33
0
  0
POINT
  5
487
  8
DEFPOINTS
  6
BYLAYER
 62
    0
 10
36517.31314333927
 20
-453.5753248443623
  0
POINT
  5
488
  8
DEFPOINTS
  6
BYLAYER
 62
    0
 10
36925.31314333927
 20
-453.5753248443623
  0
POINT
  5
489
  8
DEFPOINTS
  6
BYLAYER
 62
    0
 10
36925.31314333927
 20
-400.2845081454798
  0
ENDBLK
  8
0
  0
BLOCK
  8
0
  2
*D12
 70
   65
 10
0
 20
0
  3
*D12
  1

  0
LINE
  5
48A
  8
HATCH
  6
BYLAYER
 62
  256
 10
36666.31314333927
 20
-699.9395204819268
 11
36666.31314333927
 21
-710.2286382051534
  0
LINE
  5
48B
  8
HATCH
  6
BYLAYER
 62
  256
 10
36522.31314333928
 20
-699.9395204819273
 11
36522.31314333928
 21
-710.2286382051534
  0
LINE
  5
48C
  8
HATCH
  6
BYLAYER
 62
  256
 10
36663.31314333927
 20
-707.2286382051534
 11
36604.78183020796
 21
-707.2286382051534
  0
LINE
  5
48D
  8
HATCH
  6
BYLAYER
 62
  256
 10
36525.31314333928
 20
-707.2286382051534
 11
36583.84445647059
 21
-707.2286382051534
  0
SOLID
  5
48E
  8
HATCH
  6
BYLAYER
 62
  256
 10
36663.31314333927
 20
-706.7286382051534
 30
0
 11
36663.31314333927
 21
-707.7286382051534
 31
0
 12
36666.31314333927
 22
-707.2286382051534
 32
0
 13
36666.31314333927
 23
-707.2286382051534
 33
0
  0
SOLID
  5
48F
  8
HATCH
  6
BYLAYER
 62
  256
 10
36525.31314333928
 20
-706.7286382051534
 30
0
 11
36525.31314333928
 21
-707.7286382051534
 31
0
 12
36522.31314333928
 22
-707.2286382051534
 32
0
 13
36522.31314333928
 23
-707.2286382051534
 33
0
  0
POINT
  5
490
  8
DEFPOINTS
  6
BYLAYER
 62
    0
 10
36666.31314333927
 20
-695.9395204819268
  0
POINT
  5
491
  8
DEFPOINTS
  6
BYLAYER
 62
    0
 10
36522.31314333928
 20
-695.9395204819273
  0
POINT
  5
492
  8
DEFPOINTS
  6
BYLAYER
 62
    0
 10
36522.31314333928
 20
-707.2286382051534
  0
ENDBLK
  8
0
  0
BLOCK
  8
0
  2
*D9
 70
   65
 10
0
 20
0
  3
*D9
  1

  0
LINE
  5
493
  8
HATCH
  6
BYLAYER
 62
  256
 10
36531.06845964176
 20
-423.9395204819275
 11
36490.79485159284
 21
-423.9395204819275
  0
LINE
  5
494
  8
HATCH
  6
BYLAYER
 62
  256
 10
36665.06845964176
 20
-883.9395204819277
 11
36490.79485159284
 21
-883.9395204819278
  0
LINE
  5
495
  8
HATCH
  6
BYLAYER
 62
  256
 10
36493.79485159284
 20
-426.9395204819275
 11
36493.79485159284
 21
-643.2869952294024
  0
LINE
  5
496
  8
HATCH
  6
BYLAYER
 62
  256
 10
36493.79485159284
 20
-880.9395204819278
 11
36493.79485159284
 21
-664.5920457344529
  0
SOLID
  5
497
  8
HATCH
  6
BYLAYER
 62
  256
 10
36493.29485159284
 20
-426.9395204819275
 30
0
 11
36494.29485159284
 21
-426.9395204819275
 31
0
 12
36493.79485159284
 22
-423.9395204819275
 32
0
 13
36493.79485159284
 23
-423.9395204819275
 33
0
  0
SOLID
  5
498
  8
HATCH
  6
BYLAYER
 62
  256
 10
36493.29485159284
 20
-880.9395204819278
 30
0
 11
36494.29485159284
 21
-880.9395204819278
 31
0
 12
36493.79485159284
 22
-883.9395204819278
 32
0
 13
36493.79485159284
 23
-883.9395204819278
 33
0
  0
POINT
  5
499
  8
DEFPOINTS
  6
BYLAYER
 62
    0
 10
36535.06845964176
 20
-423.9395204819275
  0
POINT
  5
49A
  8
DEFPOINTS
  6
BYLAYER
 62
    0
 10
36669.06845964176
 20
-883.9395204819277
  0
POINT
  5
49B
  8
DEFPOINTS
  6
BYLAYER
 62
    0
 10
36493.79485159284
 20
-883.9395204819278
  0
ENDBLK
  8
0
  0
ENDSEC
  0
SECTION
  2
ENTITIES
  0
INSERT
  5
49C
  8
FIXTURE
  6
BYLAYER
 62
  256
  2
WC_PLAN_COTTO SYDNEY C1303
 10
36919.63427860675
 20
-667.7287362950995
 30
0
 41
0.03913894
 42
0.03913894
 43
0.03913894
 50
270
 70
    1
 71
    1
 44
0
 45
0
  0
INSERT
  5
49D
  8
FIXTURE
  6
BYLAYER
 62
  256
  2
BASIN CABINET_PLAN_COTTO SERENA C02607
 10
36864.38839872288
 20
-653.2865337689582
 30
0
 41
0.03913894
 42
0.03913894
 43
0.03913894
 50
0
 70
    1
 71
    1
 44
0
 45
0
  0
INSERT
  5
49E
  8
FIXTURE
  6
BYLAYER
 62
  256
  2
WC_PLAN_COTTO SYDNEY C1303
 10
36522.55154333556
 20
-667.7287362950995
 30
0
 41
-0.03913894
 42
0.03913894
 43
0.03913894
 50
90
 70
    1
 71
    1
 44
0
 45
0
  0
INSERT
  5
49F
  8
FIXTURE
  6
BYLAYER
 62
  256
  2
BASIN CABINET_PLAN_COTTO SERENA C02607
 10
36581.74272215041
 20
-653.2865337689582
 30
0
 41
-0.03913894
 42
0.03913894
 43
0.03913894
 50
0
 70
    1
 71
    1
 44
0
 45
0
  0
INSERT
  5
4A0
  8
FURN
  6
BYLAYER
 62
  256
  2
A$C625A09C8
 10
36615.38646038649
 20
-538.9464651304752
 30
0
 41
-5.844683936724634
 42
5.844683936724634
 43
5.844683936724634
 50
0
 70
    1
 71
    1
 44
0
 45
0
  0
LINE
  5
4A1
  8
WALL
  6
BYLAYER
 62
  256
 10
36653.31314333927
 20
-637.9395204819309
 11
36653.31314333927
 21
-642.9395204819275
  0
INSERT
  5
4A2
  8
FUR
  6
BYLAYER
 62
  256
  2
A$C05CD1A33
 10
36783.15794042316
 20
-658.7196267352633
 30
0
 41
1
 42
1
 43
1
 50
90
 70
    1
 71
    1
 44
0
 45
0
  0
LINE
  5
4A3
  8
WINDOW
  6
HIDDEN
 62
  256
 10
36925.31314333927
 20
-726.9395204819241
 11
36933.31314333928
 21
-726.9395204819205
  0
LINE
  5
4A4
  8
WINDOW
  6
HIDDEN
 62
  256
 10
36925.31314333927
 20
-796.9395204819277
 11
36933.31314333927
 21
-796.9395204819277
  0
LINE
  5
4A5
  8
WINDOW
  6
HIDDEN
 62
  256
 10
36933.31314333927
 20
-796.9395204819277
 11
36933.31314333928
 21
-726.9395204819205
  0
LINE
  5
4A6
  8
WALL_SYN
  6
BYLAYER
 62
  256
 10
36920.31314333928
 20
-791.9395204819277
 11
36925.31314333927
 21
-791.9395204819277
  0
LINE
  5
4A7
  8
WALL_SYN
  6
BYLAYER
 62
  256
 10
36920.31314333928
 20
-731.9395204819277
 11
36925.31314333927
 21
-731.9395204819277
  0
LINE
  5
4A8
  8
WINDOW
  6
HIDDEN
 62
  256
 10
36925.31314333927
 20
-560.9395204819234
 11
36933.31314333928
 21
-560.9395204819198
  0
LINE
  5
4A9
  8
WINDOW
  6
HIDDEN
 62
  256
 10
36925.31314333927
 20
-630.939520481927
 11
36933.31314333927
 21
-630.939520481927
  0
LINE
  5
4AA
  8
WINDOW
  6
HIDDEN
 62
  256
 10
36933.31314333927
 20
-630.939520481927
 11
36933.31314333928
 21
-560.9395204819198
  0
LINE
  5
4AB
  8
WALL_SYN
  6
BYLAYER
 62
  256
 10
36920.31314333928
 20
-625.939520481927
 11
36925.31314333927
 21
-625.939520481927
  0
LINE
  5
4AC
  8
WALL_SYN
  6
BYLAYER
 62
  256
 10
36920.31314333928
 20
-565.939520481927
 11
36925.31314333927
 21
-565.939520481927
  0
LINE
  5
4AD
  8
WINDOW
  6
HIDDEN
 62
  256
 10
36517.31314333928
 20
-796.9395204819309
 11
36509.31314333927
 21
-796.9395204819346
  0
LINE
  5
4AE
  8
WINDOW
  6
HIDDEN
 62
  256
 10
36517.31314333928
 20
-726.9395204819273
 11
36509.31314333928
 21
-726.9395204819273
  0
LINE
  5
4AF
  8
WINDOW
  6
HIDDEN
 62
  256
 10
36509.31314333928
 20
-726.9395204819273
 11
36509.31314333927
 21
-796.9395204819346
  0
LINE
  5
4B0
  8
WALL_SYN
  6
BYLAYER
 62
  256
 10
36522.31314333927
 20
-731.9395204819273
 11
36517.31314333928
 21
-731.9395204819273
  0
LINE
  5
4B1
  8
WALL_SYN
  6
BYLAYER
 62
  256
 10
36522.31314333927
 20
-791.9395204819273
 11
36517.31314333928
 21
-791.9395204819273
  0
LINE
  5
4B2
  8
WINDOW
  6
HIDDEN
 62
  256
 10
36517.31314333928
 20
-630.9395204819307
 11
36509.31314333927
 21
-630.9395204819343
  0
LINE
  5
4B3
  8
WINDOW
  6
HIDDEN
 62
  256
 10
36517.31314333928
 20
-560.939520481927
 11
36509.31314333928
 21
-560.939520481927
  0
LINE
  5
4B4
  8
WINDOW
  6
HIDDEN
 62
  256
 10
36509.31314333928
 20
-560.939520481927
 11
36509.31314333927
 21
-630.9395204819343
  0
LINE
  5
4B5
  8
WALL_SYN
  6
BYLAYER
 62
  256
 10
36522.31314333927
 20
-565.939520481927
 11
36517.31314333928
 21
-565.939520481927
  0
LINE
  5
4B6
  8
WALL_SYN
  6
BYLAYER
 62
  256
 10
36522.31314333927
 20
-625.939520481927
 11
36517.31314333928
 21
-625.939520481927
  0
LINE
  5
4B7
  8
WINDOW
  6
HIDDEN
 62
  256
 10
36559.31314333927
 20
-832.9395204819205
 11
36559.31314333927
 21
-840.9395204819277
  0
LINE
  5
4B8
  8
WINDOW
  6
HIDDEN
 62
  256
 10
36629.31314333927
 20
-832.9395204819205
 11
36629.31314333927
 21
-840.9395204819205
  0
LINE
  5
4B9
  8
WINDOW
  6
HIDDEN
 62
  256
 10
36629.31314333927
 20
-840.9395204819205
 11
36559.31314333927
 21
-840.9395204819277
  0
LINE
  5
4BA
  8
WALL_SYN
  6
BYLAYER
 62
  256
 10
36624.31314333927
 20
-827.9395204819277
 11
36624.31314333927
 21
-832.9395204819232
  0
LINE
  5
4BB
  8
WALL_SYN
  6
BYLAYER
 62
  256
 10
36564.31314333927
 20
-827.9395204819277
 11
36564.31314333927
 21
-832.9395204819227
  0
LINE
  5
4BC
  8
WINDOW
  6
HIDDEN
 62
  256
 10
36813.31314333927
 20
-832.9395204819209
 11
36813.31314333927
 21
-840.9395204819282
  0
LINE
  5
4BD
  8
WINDOW
  6
HIDDEN
 62
  256
 10
36883.31314333927
 20
-832.9395204819209
 11
36883.31314333927
 21
-840.9395204819209
  0
LINE
  5
4BE
  8
WINDOW
  6
HIDDEN
 62
  256
 10
36883.31314333927
 20
-840.9395204819209
 11
36813.31314333927
 21
-840.9395204819282
  0
LINE
  5
4BF
  8
WALL_SYN
  6
BYLAYER
 62
  256
 10
36878.31314333927
 20
-827.9395204819282
 11
36878.31314333927
 21
-832.9395204819236
  0
LINE
  5
4C0
  8
WALL_SYN
  6
BYLAYER
 62
  256
 10
36818.31314333927
 20
-827.9395204819282
 11
36818.31314333927
 21
-832.9395204819232
  0
LINE
  5
4C1
  8
WINDOW
  6
HIDDEN
 62
  256
 10
36517.31314333928
 20
-523.9395204819309
 11
36509.31314333927
 21
-523.9395204819346
  0
LINE
  5
4C2
  8
WINDOW
  6
HIDDEN
 62
  256
 10
36517.31314333928
 20
-453.9395204819273
 11
36509.31314333928
 21
-453.9395204819273
  0
LINE
  5
4C3
  8
WINDOW
  6
HIDDEN
 62
  256
 10
36509.31314333928
 20
-453.9395204819273
 11
36509.31314333927
 21
-523.9395204819346
  0
LINE
  5
4C4
  8
WALL_SYN
  6
BYLAYER
 62
  256
 10
36522.31314333927
 20
-458.9395204819273
 11
36517.31314333928
 21
-458.9395204819273
  0
LINE
  5
4C5
  8
WALL_SYN
  6
BYLAYER
 62
  256
 10
36522.31314333927
 20
-518.9395204819273
 11
36517.31314333928
 21
-518.9395204819273
  0
LINE
  5
4C6
  8
WINDOW
  6
HIDDEN
 62
  256
 10
36925.31314333927
 20
-453.9395204819234
 11
36933.31314333928
 21
-453.9395204819198
  0
LINE
  5
4C7
  8
WINDOW
  6
HIDDEN
 62
  256
 10
36925.31314333927
 20
-523.939520481927
 11
36933.31314333927
 21
-523.939520481927
  0
LINE
  5
4C8
  8
WINDOW
  6
HIDDEN
 62
  256
 10
36933.31314333927
 20
-523.939520481927
 11
36933.31314333928
 21
-453.9395204819198
  0
LINE
  5
4C9
  8
WALL_SYN
  6
BYLAYER
 62
  256
 10
36920.31314333928
 20
-518.939520481927
 11
36925.31314333927
 21
-518.939520481927
  0
LINE
  5
4CA
  8
WALL_SYN
  6
BYLAYER
 62
  256
 10
36920.31314333928
 20
-458.939520481927
 11
36925.31314333927
 21
-458.939520481927
  0
LINE
  5
4CB
  8
WINDOW
  6
HIDDEN
 62
  256
 10
36813.31314333927
 20
-423.9395204819311
 11
36813.31314333927
 21
-415.9395204819239
  0
LINE
  5
4CC
  8
WINDOW
  6
HIDDEN
 62
  256
 10
36883.31314333927
 20
-423.9395204819311
 11
36883.31314333927
 21
-415.9395204819311
  0
LINE
  5
4CD
  8
WINDOW
  6
HIDDEN
 62
  256
 10
36883.31314333927
 20
-415.9395204819311
 11
36813.31314333927
 21
-415.9395204819239
  0
LINE
  5
4CE
  8
WALL_SYN
  6
BYLAYER
 62
  256
 10
36878.31314333927
 20
-428.9395204819239
 11
36878.31314333927
 21
-423.9395204819284
  0
LINE
  5
4CF
  8
WALL_SYN
  6
BYLAYER
 62
  256
 10
36818.31314333927
 20
-428.9395204819239
 11
36818.31314333927
 21
-423.9395204819289
  0
LINE
  5
4D0
  8
WINDOW
  6
HIDDEN
 62
  256
 10
36686.31314333927
 20
-423.9395204819311
 11
36686.31314333927
 21
-415.9395204819239
  0
LINE
  5
4D1
  8
WINDOW
  6
HIDDEN
 62
  256
 10
36756.31314333927
 20
-423.9395204819311
 11
36756.31314333927
 21
-415.9395204819311
  0
LINE
  5
4D2
  8
WINDOW
  6
HIDDEN
 62
  256
 10
36756.31314333927
 20
-415.9395204819311
 11
36686.31314333927
 21
-415.9395204819239
  0
LINE
  5
4D3
  8
WALL_SYN
  6
BYLAYER
 62
  256
 10
36751.31314333927
 20
-428.9395204819239
 11
36751.31314333927
 21
-423.9395204819284
  0
LINE
  5
4D4
  8
WALL_SYN
  6
BYLAYER
 62
  256
 10
36691.31314333927
 20
-428.9395204819239
 11
36691.31314333927
 21
-423.9395204819289
  0
LINE
  5
4D5
  8
WINDOW
  6
HIDDEN
 62
  256
 10
36559.31314333927
 20
-423.9395204819311
 11
36559.31314333927
 21
-415.9395204819239
  0
LINE
  5
4D6
  8
WINDOW
  6
HIDDEN
 62
  256
 10
36629.31314333927
 20
-423.9395204819311
 11
36629.31314333927
 21
-415.9395204819311
  0
LINE
  5
4D7
  8
WINDOW
  6
HIDDEN
 62
  256
 10
36629.31314333927
 20
-415.9395204819311
 11
36559.31314333927
 21
-415.9395204819239
  0
LINE
  5
4D8
  8
WALL_SYN
  6
BYLAYER
 62
  256
 10
36624.31314333927
 20
-428.9395204819239
 11
36624.31314333927
 21
-423.9395204819284
  0
LINE
  5
4D9
  8
WALL_SYN
  6
BYLAYER
 62
  256
 10
36564.31314333927
 20
-428.9395204819239
 11
36564.31314333927
 21
-423.9395204819289
  0
LINE
  5
4DA
  8
WALL
  6
BYLAYER
 62
  256
 10
36725.17028619641
 20
-767.9395204819273
 11
36725.17028619641
 21
-762.9395204819273
  0
LINE
  5
4DB
  8
WALL
  6
BYLAYER
 62
  256
 10
36766.31314333927
 20
-767.9395204819273
 11
36766.31314333927
 21
-762.9395204819273
  0
INSERT
  5
4DC
  8
DOOR
  6
BYLAYER
 62
  256
  2
DOOR40
 10
36766.31314333927
 20
-767.9395204819273
 30
0
 41
-1.028571428571428
 42
1.028571428571428
 43
1.028571428571428
 50
0
 70
    1
 71
    1
 44
0
 45
0
  0
LINE
  5
4DD
  8
STAIR
  6
BYLAYER
 62
  256
 10
36633.31314333927
 20
-637.9395204819309
 11
36653.31314333927
 21
-637.9395204819309
  0
LINE
  5
4DE
  8
RAIL
  6
HIDDEN
 62
  256
 10
36603.31314333928
 20
-565.5812053509187
 11
36613.31314333928
 21
-574.4395204819273
  0
LINE
  5
4DF
  8
RAIL
  6
HIDDEN
 62
  256
 10
36603.31314333928
 20
-583.2978356129358
 11
36613.31314333928
 21
-574.4395204819273
  0
LINE
  5
4E0
  8
RAIL
  6
HIDDEN
 62
  256
 10
36540.28523564393
 20
-574.4395204819273
 11
36613.31314333928
 21
-574.4395204819273
  0
LINE
  5
4E1
  8
RAIL
  6
BYLAYER
 62
  256
 10
36540.28523564393
 20
-617.4395204819346
 11
36540.28523564393
 21
-574.4395204819273
  0
LINE
  5
4E2
  8
RAIL
  6
BYLAYER
 62
  256
 10
36653.31314333927
 20
-617.4395204819346
 11
36540.28523564393
 21
-617.4395204819346
  0
LINE
  5
4E3
  8
STAIR
  6
BYLAYER
 62
  256
 10
36643.31314333927
 20
-596.9395204819309
 11
36643.31314333927
 21
-637.9395204819309
  0
LINE
  5
4E4
  8
STAIR
  6
BYLAYER
 62
  256
 10
36633.31314333927
 20
-596.9395204819309
 11
36633.31314333927
 21
-637.9395204819309
  0
LINE
  5
4E5
  8
STAIR
  6
BYLAYER
 62
  256
 10
36623.31314333927
 20
-596.9395204819309
 11
36623.31314333927
 21
-637.9395204819309
  0
LINE
  5
4E6
  8
STAIR
  6
BYLAYER
 62
  256
 10
36613.31314333927
 20
-596.9395204819309
 11
36613.31314333927
 21
-637.9395204819309
  0
LINE
  5
4E7
  8
STAIR
  6
BYLAYER
 62
  256
 10
36603.31314333927
 20
-596.9395204819309
 11
36603.31314333927
 21
-637.9395204819309
  0
LINE
  5
4E8
  8
STAIR
  6
BYLAYER
 62
  256
 10
36593.31314333927
 20
-596.9395204819309
 11
36593.31314333927
 21
-637.9395204819309
  0
LINE
  5
4E9
  8
WALL
  6
BYLAYER
 62
  256
 10
36666.31314333927
 20
-742.0823776247853
 11
36666.31314333927
 21
-827.939520481927
  0
LINE
  5
4EA
  8
WALL
  6
BYLAYER
 62
  256
 10
36666.31314333927
 20
-695.9395204819268
 11
36666.31314333927
 21
-700.939520481923
  0
LINE
  5
4EB
  8
WALL
  6
BYLAYER
 62
  256
 10
36522.31314333928
 20
-695.9395204819273
 11
36522.31314333927
 21
-827.9395204819273
  0
LINE
  5
4EC
  8
WALL
  6
BYLAYER
 62
  256
 10
36522.31314333928
 20
-642.9395204819273
 11
36522.31314333928
 21
-690.939520481927
  0
LINE
  5
4ED
  8
WALL
  6
BYLAYER
 62
  256
 10
36522.31314333927
 20
-553.939520481927
 11
36522.31314333927
 21
-637.939520481927
  0
LINE
  5
4EE
  8
WALL
  6
BYLAYER
 62
  256
 10
36522.31314333927
 20
-428.9395204819273
 11
36522.31314333927
 21
-548.9395204819273
  0
LINE
  5
4EF
  8
WALL
  6
BYLAYER
 62
  256
 10
36671.31314333927
 20
-690.9395204819268
 11
36671.31314333927
 21
-700.9395204819266
  0
LINE
  5
4F0
  8
RAIL
  6
BYLAYER
 62
  256
 10
36653.31314333927
 20
-594.9395204819309
 11
36653.31314333927
 21
-596.9395204819309
  0
LINE
  5
4F1
  8
WALL
  6
BYLAYER
 62
  256
 10
36671.31314333927
 20
-742.0823776247853
 11
36671.31314333927
 21
-762.939520481928
  0
LINE
  5
4F2
  8
RAIL
  6
BYLAYER
 62
  256
 10
36563.31314333927
 20
-594.9395204819273
 11
36563.31314333927
 21
-596.9395204819309
  0
LINE
  5
4F3
  8
WALL
  6
BYLAYER
 62
  256
 10
36671.31314333927
 20
-767.939520481928
 11
36671.31314333927
 21
-832.9395204819273
  0
LINE
  5
4F4
  8
STAIR
  6
BYLAYER
 62
  256
 10
36573.31314333927
 20
-596.9395204819309
 11
36573.31314333927
 21
-637.9395204819309
  0
LINE
  5
4F5
  8
WALL
  6
BYLAYER
 62
  256
 10
36618.31314333927
 20
-690.939520481927
 11
36618.31314333927
 21
-685.939520481927
  0
LINE
  5
4F6
  8
STAIR
  6
BYLAYER
 62
  256
 10
36583.31314333927
 20
-596.9395204819309
 11
36583.31314333927
 21
-637.9395204819309
  0
LINE
  5
4F7
  8
WALL
  6
BYLAYER
 62
  256
 10
36618.31314333927
 20
-655.0823776247887
 11
36618.31314333927
 21
-642.9395204819273
  0
LINE
  5
4F8
  8
WALL
  6
BYLAYER
 62
  256
 10
36623.31314333927
 20
-690.9395204819268
 11
36623.31314333927
 21
-685.939520481927
  0
LINE
  5
4F9
  8
WALL
  6
BYLAYER
 62
  256
 10
36623.31314333927
 20
-655.0823776247887
 11
36623.31314333927
 21
-642.9395204819273
  0
LINE
  5
4FA
  8
WALL
  6
BYLAYER
 62
  256
 10
36666.31314333927
 20
-548.9395204819273
 11
36666.31314333927
 21
-428.9395204819273
  0
LINE
  5
4FB
  8
WALL
  6
BYLAYER
 62
  256
 10
36671.31314333927
 20
-548.9395204819273
 11
36671.31314333927
 21
-428.9395204819273
  0
LINE
  5
4FC
  8
WALL
  6
BYLAYER
 62
  256
 10
36771.31314333928
 20
-548.9395204819273
 11
36771.31314333927
 21
-428.9395204819277
  0
LINE
  5
4FD
  8
WALL
  6
BYLAYER
 62
  256
 10
36776.31314333928
 20
-548.9395204819273
 11
36776.31314333927
 21
-428.9395204819277
  0
LINE
  5
4FE
  8
WALL
  6
BYLAYER
 62
  256
 10
36920.31314333927
 20
-428.9395204819273
 11
36920.31314333927
 21
-548.939520481927
  0
LINE
  5
4FF
  8
WALL
  6
BYLAYER
 62
  256
 10
36920.31314333927
 20
-553.9395204819268
 11
36920.31314333927
 21
-637.939520481927
  0
LINE
  5
500
  8
FURN
  6
BYLAYER
 62
  256
 10
36896.31314333927
 20
-577.939520481927
 11
36896.31314333927
 21
-637.939520481927
  0
LINE
  5
501
  8
WALL
  6
BYLAYER
 62
  256
 10
36920.31314333927
 20
-642.939520481927
 11
36920.31314333928
 21
-690.9395204819275
  0
LINE
  5
502
  8
WALL
  6
BYLAYER
 62
  256
 10
36920.31314333927
 20
-695.9395204819277
 11
36920.31314333928
 21
-827.9395204819277
  0
LINE
  5
503
  8
WALL
  6
BYLAYER
 62
  256
 10
36836.31314333927
 20
-553.939520481927
 11
36836.31314333927
 21
-602.0823776247889
  0
LINE
  5
504
  8
WALL
  6
BYLAYER
 62
  256
 10
36836.31314333927
 20
-632.939520481927
 11
36836.31314333927
 21
-637.9395204819273
  0
LINE
  5
505
  8
WALL
  6
BYLAYER
 62
  256
 10
36836.31314333927
 20
-642.9395204819273
 11
36836.31314333927
 21
-655.0823776247887
  0
LINE
  5
506
  8
WALL
  6
BYLAYER
 62
  256
 10
36836.31314333927
 20
-685.9395204819273
 11
36836.31314333927
 21
-690.9395204819273
  0
LINE
  5
507
  8
WALL
  6
BYLAYER
 62
  256
 10
36831.31314333927
 20
-553.939520481927
 11
36831.31314333928
 21
-602.0823776247889
  0
LINE
  5
508
  8
WALL
  6
BYLAYER
 62
  256
 10
36831.31314333927
 20
-632.939520481927
 11
36831.31314333927
 21
-655.0823776247887
  0
LINE
  5
509
  8
WALL
  6
BYLAYER
 62
  256
 10
36831.31314333927
 20
-685.9395204819273
 11
36831.31314333927
 21
-690.9395204819273
  0
LINE
  5
50A
  8
WALL
  6
BYLAYER
 62
  256
 10
36776.31314333927
 20
-695.9395204819273
 11
36776.31314333927
 21
-827.9395204819273
  0
LINE
  5
50B
  8
WALL
  6
BYLAYER
 62
  256
 10
36781.31314333927
 20
-690.9395204819273
 11
36781.31314333927
 21
-695.9395204819273
  0
LINE
  5
50C
  8
WALL
  6
BYLAYER
 62
  256
 10
36771.31314333927
 20
-690.9395204819273
 11
36771.31314333927
 21
-762.9395204819275
  0
LINE
  5
50D
  8
WALL
  6
BYLAYER
 62
  256
 10
36771.31314333927
 20
-767.9395204819275
 11
36771.31314333927
 21
-832.9395204819273
  0
LINE
  5
50E
  8
WALL
  6
BYLAYER
 62
  256
 10
36925.31314333927
 20
-423.9395204819273
 11
36925.31314333927
 21
-832.9395204819273
  0
LINE
  5
50F
  8
WALL
  6
BYLAYER
 62
  256
 10
36517.31314333927
 20
-423.9395204819273
 11
36517.31314333927
 21
-832.9395204819273
  0
LINE
  5
510
  8
WALL
  6
BYLAYER
 62
  256
 10
36522.31314333927
 20
-827.939520481927
 11
36666.31314333927
 21
-827.939520481927
  0
LINE
  5
511
  8
WALL
  6
BYLAYER
 62
  256
 10
36776.31314333927
 20
-827.9395204819273
 11
36920.31314333927
 21
-827.9395204819275
  0
LINE
  5
512
  8
WALL
  6
BYLAYER
 62
  256
 10
36671.31314333927
 20
-767.9395204819277
 11
36725.17028619641
 21
-767.9395204819275
  0
LINE
  5
513
  8
WALL
  6
BYLAYER
 62
  256
 10
36766.31314333927
 20
-767.9395204819273
 11
36771.31314333927
 21
-767.9395204819273
  0
LINE
  5
514
  8
WALL
  6
BYLAYER
 62
  256
 10
36671.31314333927
 20
-762.9395204819277
 11
36725.17028619641
 21
-762.9395204819275
  0
LINE
  5
515
  8
WALL
  6
BYLAYER
 62
  256
 10
36766.31314333927
 20
-762.9395204819273
 11
36771.31314333927
 21
-762.9395204819273
  0
LINE
  5
516
  8
WALL
  6
BYLAYER
 62
  256
 10
36776.31314333927
 20
-695.9395204819273
 11
36781.31314333927
 21
-695.9395204819273
  0
LINE
  5
517
  8
WALL
  6
BYLAYER
 62
  256
 10
36822.45600048214
 20
-695.9395204819273
 11
36920.31314333928
 21
-695.9395204819275
  0
LINE
  5
518
  8
WALL
  6
BYLAYER
 62
  256
 10
36771.31314333927
 20
-690.9395204819273
 11
36781.31314333927
 21
-690.9395204819273
  0
LINE
  5
519
  8
WALL
  6
BYLAYER
 62
  256
 10
36822.45600048214
 20
-690.9395204819273
 11
36831.31314333927
 21
-690.9395204819273
  0
LINE
  5
51A
  8
WALL
  6
BYLAYER
 62
  256
 10
36836.31314333927
 20
-690.9395204819273
 11
36920.31314333927
 21
-690.9395204819273
  0
LINE
  5
51B
  8
WALL
  6
BYLAYER
 62
  256
 10
36836.31314333927
 20
-642.9395204819273
 11
36920.31314333927
 21
-642.939520481927
  0
LINE
  5
51C
  8
WALL
  6
BYLAYER
 62
  256
 10
36836.31314333927
 20
-637.9395204819273
 11
36920.31314333927
 21
-637.939520481927
  0
LINE
  5
51D
  8
WALL
  6
BYLAYER
 62
  256
 10
36522.31314333928
 20
-695.939520481927
 11
36666.31314333927
 21
-695.9395204819268
  0
LINE
  5
51E
  8
WALL
  6
BYLAYER
 62
  256
 10
36522.31314333928
 20
-690.939520481927
 11
36618.31314333927
 21
-690.939520481927
  0
LINE
  5
51F
  8
WALL
  6
BYLAYER
 62
  256
 10
36623.31314333927
 20
-690.9395204819266
 11
36671.31314333927
 21
-690.9395204819268
  0
LINE
  5
520
  8
WALL
  6
BYLAYER
 62
  256
 10
36618.31314333927
 20
-685.939520481927
 11
36623.31314333927
 21
-685.939520481927
  0
LINE
  5
521
  8
WALL
  6
BYLAYER
 62
  256
 10
36522.31314333927
 20
-642.9395204819273
 11
36618.31314333927
 21
-642.9395204819275
  0
LINE
  5
522
  8
WALL
  6
BYLAYER
 62
  256
 10
36623.31314333927
 20
-642.9395204819275
 11
36653.31314333928
 21
-642.9395204819275
  0
LINE
  5
523
  8
WALL
  6
BYLAYER
 62
  256
 10
36522.31314333927
 20
-637.9395204819273
 11
36653.31314333927
 21
-637.9395204819273
  0
LINE
  5
524
  8
WALL
  6
BYLAYER
 62
  256
 10
36522.31314333927
 20
-553.939520481927
 11
36620.17028619641
 21
-553.9395204819275
  0
LINE
  5
525
  8
WALL
  6
BYLAYER
 62
  256
 10
36661.31314333927
 20
-553.9395204819275
 11
36683.31314333927
 21
-553.9395204819273
  0
LINE
  5
526
  8
WALL
  6
BYLAYER
 62
  256
 10
36759.31314333928
 20
-553.9395204819268
 11
36781.31314333927
 21
-553.9395204819273
  0
LINE
  5
527
  8
WALL
  6
BYLAYER
 62
  256
 10
36822.45600048214
 20
-553.9395204819273
 11
36831.31314333927
 21
-553.939520481927
  0
LINE
  5
528
  8
WALL
  6
BYLAYER
 62
  256
 10
36836.31314333927
 20
-553.939520481927
 11
36920.31314333927
 21
-553.939520481927
  0
LINE
  5
529
  8
FURN
  6
BYLAYER
 62
  256
 10
36836.31314333927
 20
-577.939520481927
 11
36896.31314333927
 21
-577.939520481927
  0
LINE
  5
52A
  8
WALL
  6
BYLAYER
 62
  256
 10
36522.31314333927
 20
-548.939520481927
 11
36620.17028619641
 21
-548.9395204819273
  0
LINE
  5
52B
  8
WALL
  6
BYLAYER
 62
  256
 10
36661.31314333928
 20
-548.9395204819273
 11
36666.31314333927
 21
-548.939520481927
  0
LINE
  5
52C
  8
WALL
  6
BYLAYER
 62
  256
 10
36671.31314333927
 20
-548.939520481927
 11
36683.31314333927
 21
-548.9395204819273
  0
LINE
  5
52D
  8
WALL
  6
BYLAYER
 62
  256
 10
36759.31314333928
 20
-548.9395204819268
 11
36771.31314333928
 21
-548.939520481927
  0
LINE
  5
52E
  8
WALL
  6
BYLAYER
 62
  256
 10
36776.31314333928
 20
-548.939520481927
 11
36781.31314333927
 21
-548.9395204819273
  0
LINE
  5
52F
  8
WALL
  6
BYLAYER
 62
  256
 10
36822.45600048214
 20
-548.9395204819273
 11
36920.31314333927
 21
-548.939520481927
  0
LINE
  5
530
  8
WALL
  6
BYLAYER
 62
  256
 10
36522.31314333927
 20
-428.9395204819273
 11
36666.31314333927
 21
-428.9395204819275
  0
LINE
  5
531
  8
WALL
  6
BYLAYER
 62
  256
 10
36671.31314333927
 20
-428.9395204819275
 11
36771.31314333927
 21
-428.9395204819275
  0
LINE
  5
532
  8
WALL
  6
BYLAYER
 62
  256
 10
36776.31314333927
 20
-428.9395204819275
 11
36920.31314333927
 21
-428.9395204819273
  0
LINE
  5
533
  8
WALL
  6
BYLAYER
 62
  256
 10
36517.31314333927
 20
-423.9395204819273
 11
36925.31314333927
 21
-423.9395204819273
  0
LINE
  5
534
  8
WALL
  6
BYLAYER
 62
  256
 10
36517.31314333927
 20
-832.9395204819273
 11
36671.31314333927
 21
-832.9395204819273
  0
LINE
  5
535
  8
WALL
  6
BYLAYER
 62
  256
 10
36771.31314333927
 20
-832.9395204819273
 11
36925.31314333927
 21
-832.9395204819273
  0
LINE
  5
536
  8
STAIR
  6
BYLAYER
 62
  256
 10
36671.31314333927
 20
-863.9395204819273
 11
36771.31314333927
 21
-863.9395204819273
  0
LINE
  5
537
  8
STAIR
  6
BYLAYER
 62
  256
 10
36661.31314333927
 20
-873.9395204819273
 11
36781.31314333927
 21
-873.9395204819273
  0
LINE
  5
538
  8
STAIR
  6
BYLAYER
 62
  256
 10
36651.31314333927
 20
-883.9395204819273
 11
36791.31314333927
 21
-883.9395204819273
  0
LINE
  5
539
  8
STAIR
  6
BYLAYER
 62
  256
 10
36671.31314333927
 20
-832.9395204819273
 11
36671.31314333927
 21
-863.9395204819273
  0
LINE
  5
53A
  8
STAIR
  6
BYLAYER
 62
  256
 10
36661.31314333927
 20
-832.9395204819273
 11
36661.31314333927
 21
-873.9395204819273
  0
LINE
  5
53B
  8
STAIR
  6
BYLAYER
 62
  256
 10
36651.31314333927
 20
-832.9395204819273
 11
36651.31314333927
 21
-883.9395204819273
  0
LINE
  5
53C
  8
STAIR
  6
BYLAYER
 62
  256
 10
36781.31314333927
 20
-832.9395204819273
 11
36781.31314333927
 21
-873.9395204819273
  0
LINE
  5
53D
  8
STAIR
  6
BYLAYER
 62
  256
 10
36771.31314333927
 20
-832.9395204819273
 11
36771.31314333927
 21
-863.9395204819273
  0
LINE
  5
53E
  8
STAIR
  6
BYLAYER
 62
  256
 10
36791.31314333927
 20
-832.9395204819273
 11
36791.31314333927
 21
-883.9395204819273
  0
CIRCLE
  5
53F
  8
DOOR
  6
BYLAYER
 62
  256
 10
36674.31314333927
 20
-860.9395204819273
 40
3
  0
CIRCLE
  5
540
  8
DOOR
  6
BYLAYER
 62
  256
 10
36768.31314333927
 20
-860.9395204819273
 40
3
  0
INSERT
  5
541
  8
DOOR
  6
BYLAYER
 62
  256
  2
DOOR40
 10
36781.31314333927
 20
-690.9395204819273
 30
0
 41
-1.028571428571428
 42
1.028571428571428
 43
1.028571428571428
 50
180
 70
    1
 71
    1
 44
0
 45
0
  0
LINE
  5
542
  8
WALL
  6
BYLAYER
 62
  256
 10
36822.45600048214
 20
-690.9395204819273
 11
36822.45600048214
 21
-695.9395204819273
  0
LINE
  5
543
  8
WALL
  6
BYLAYER
 62
  256
 10
36671.31314333927
 20
-700.9395204819268
 11
36666.31314333927
 21
-700.9395204819232
  0
INSERT
  5
544
  8
DOOR
  6
BYLAYER
 62
  256
  2
DOOR40
 10
36671.31314333927
 20
-700.9395204819268
 30
0
 41
-1.028571428571428
 42
1.028571428571428
 43
1.028571428571428
 50
90
 70
    1
 71
    1
 44
0
 45
0
  0
LINE
  5
545
  8
WALL
  6
BYLAYER
 62
  256
 10
36671.31314333927
 20
-742.0823776247855
 11
36666.31314333927
 21
-742.0823776247855
  0
LINE
  5
546
  8
WALL
  6
BYLAYER
 62
  256
 10
36781.31314333927
 20
-553.9395204819273
 11
36781.31314333927
 21
-548.9395204819273
  0
INSERT
  5
547
  8
DOOR
  6
BYLAYER
 62
  256
  2
DOOR40
 10
36781.31314333927
 20
-553.9395204819273
 30
0
 41
1.028571428571428
 42
1.028571428571428
 43
1.028571428571428
 50
0
 70
    1
 71
    1
 44
0
 45
0
  0
LINE
  5
548
  8
WALL
  6
BYLAYER
 62
  256
 10
36822.45600048214
 20
-553.9395204819273
 11
36822.45600048214
 21
-548.9395204819273
  0
LINE
  5
549
  8
WALL
  6
BYLAYER
 62
  256
 10
36661.31314333927
 20
-553.9395204819273
 11
36661.31314333928
 21
-548.9395204819273
  0
INSERT
  5
54A
  8
DOOR
  6
BYLAYER
 62
  256
  2
DOOR40
 10
36661.31314333927
 20
-553.9395204819273
 30
0
 41
-1.028571428571428
 42
1.028571428571428
 43
1.028571428571428
 50
0
 70
    1
 71
    1
 44
0
 45
0
  0
LINE
  5
54B
  8
WALL
  6
BYLAYER
 62
  256
 10
36620.17028619641
 20
-553.9395204819273
 11
36620.17028619641
 21
-548.9395204819273
  0
LINE
  5
54C
  8
WALL
  6
BYLAYER
 62
  256
 10
36683.31314333927
 20
-548.9395204819273
 11
36683.31314333927
 21
-553.9395204819275
  0
LINE
  5
54D
  8
WALL
  6
BYLAYER
 62
  256
 10
36759.31314333928
 20
-548.9395204819268
 11
36759.31314333928
 21
-553.939520481927
  0
INSERT
  5
54E
  8
DOOR
  6
BYLAYER
 62
  256
  2
DOOR40
 10
36623.31314333927
 20
-685.939520481927
 30
0
 41
0.7714285714284634
 42
0.7714285714284634
 43
0.7714285714284634
 50
90
 70
    1
 71
    1
 44
0
 45
0
  0
LINE
  5
54F
  8
WALL
  6
BYLAYER
 62
  256
 10
36623.31314333927
 20
-655.0823776247885
 11
36618.31314333928
 21
-655.0823776247885
  0
LINE
  5
550
  8
WALL
  6
BYLAYER
 62
  256
 10
36836.31314333928
 20
-685.9395204819273
 11
36831.31314333927
 21
-685.9395204819273
  0
INSERT
  5
551
  8
DOOR
  6
BYLAYER
 62
  256
  2
DOOR40
 10
36831.31314333927
 20
-685.9395204819273
 30
0
 41
-0.7714285714284634
 42
0.7714285714284634
 43
0.7714285714284634
 50
270
 70
    1
 71
    1
 44
0
 45
0
  0
LINE
  5
552
  8
WALL
  6
BYLAYER
 62
  256
 10
36831.31314333927
 20
-655.0823776247887
 11
36836.31314333927
 21
-655.0823776247887
  0
LINE
  5
553
  8
WALL
  6
BYLAYER
 62
  256
 10
36836.31314333928
 20
-632.9395204819273
 11
36831.31314333927
 21
-632.9395204819273
  0
INSERT
  5
554
  8
DOOR
  6
BYLAYER
 62
  256
  2
DOOR40
 10
36831.31314333927
 20
-632.9395204819273
 30
0
 41
-0.7714285714284634
 42
0.7714285714284634
 43
0.7714285714284634
 50
270
 70
    1
 71
    1
 44
0
 45
0
  0
LINE
  5
555
  8
WALL
  6
BYLAYER
 62
  256
 10
36831.31314333927
 20
-602.0823776247887
 11
36836.31314333927
 21
-602.0823776247887
  0
LINE
  5
556
  8
STAIR
  6
BYLAYER
 62
  256
 10
36563.31314333927
 20
-637.9395204819309
 11
36563.31314333927
 21
-596.9395204819309
  0
LINE
  5
557
  8
STAIR
  6
BYLAYER
 62
  256
 10
36563.31314333927
 20
-594.9395204819273
 11
36563.31314333927
 21
-553.9395204819273
  0
LINE
  5
558
  8
STAIR
  6
BYLAYER
 62
  256
 10
36573.31314333927
 20
-594.9395204819273
 11
36573.31314333927
 21
-553.9395204819273
  0
LINE
  5
559
  8
STAIR
  6
BYLAYER
 62
  256
 10
36583.31314333927
 20
-594.9395204819273
 11
36583.31314333927
 21
-553.9395204819273
  0
LINE
  5
55A
  8
STAIR
  6
HIDDEN
 62
  256
 10
36593.31314333927
 20
-594.9395204819273
 11
36593.31314333927
 21
-553.9395204819273
  0
LINE
  5
55B
  8
STAIR
  6
HIDDEN
 62
  256
 10
36603.31314333927
 20
-594.9395204819273
 11
36603.31314333927
 21
-553.9395204819273
  0
LINE
  5
55C
  8
STAIR
  6
HIDDEN
 62
  256
 10
36613.31314333927
 20
-594.9395204819273
 11
36613.31314333927
 21
-553.9395204819273
  0
LINE
  5
55D
  8
STAIR
  6
BYLAYER
 62
  256
 10
36653.31314333927
 20
-637.9395204819309
 11
36653.31314333927
 21
-596.9395204819309
  0
LINE
  5
55E
  8
RAIL
  6
BYLAYER
 62
  256
 10
36653.31314333927
 20
-596.9395204819309
 11
36563.31314333927
 21
-596.9395204819309
  0
LINE
  5
55F
  8
RAIL
  6
BYLAYER
 62
  256
 10
36653.31314333927
 20
-594.9395204819309
 11
36563.31314333927
 21
-594.9395204819309
  0
INSERT
  5
560
  8
FURN
  6
BYLAYER
 62
  256
  2
A$C625A09C8
 10
36615.38646038651
 20
-717.6785253300914
 30
0
 41
5.844683936724634
 42
5.844683936724634
 43
5.844683936724634
 50
180
 70
    1
 71
    1
 44
0
 45
0
  0
INSERT
  5
561
  8
FURN
  6
BYLAYER
 62
  256
  2
A$C625A09C8
 10
36824.61260855725
 20
-717.6785253300914
 30
0
 41
-5.844683936724634
 42
5.844683936724634
 43
5.844683936724634
 50
180
 70
    1
 71
    1
 44
0
 45
0
  0
INSERT
  5
562
  8
FURN
  6
BYLAYER
 62
  256
  2
A$C625A09C8
 10
36826.46722948943
 20
-538.9464651304752
 30
0
 41
5.844683936724634
 42
5.844683936724634
 43
5.844683936724634
 50
0
 70
    1
 71
    1
 44
0
 45
0
  0
ENDSEC
  0
EOF
