999
dxfrw 0.6.3
  0
SECTION
  2
HEADER
  9
$ACADVER
  1
AC1021
  9
$DWGCODEPAGE
  3
ANSI_1252
  9
$INSBASE
 10
0
 20
0
 30
0
  9
$EXTMIN
 10
36509.31314333927
 20
-863.9395204819273
 30
0
  9
$EXTMAX
 10
36933.31314333928
 20
-415.9395204819239
 30
0
  9
$LIMMIN
 10
0
 20
0
  9
$LIMMAX
 10
12
 20
9
  9
$ORTHOMODE
 70
    0
  9
$REGENMODE
 70
    1
  9
$FILLMODE
 70
    1
  9
$QTEXTMODE
 70
    0
  9
$MIRRTEXT
 70
    0
  9
$LTSCALE
 40
1
  9
$ATTMODE
 70
    2
  9
$TEXTSIZE
 40
8
  9
$TRACEWID
 40
0.05
  9
$TEXTSTYLE
  7
plan
  9
$CLAYER
  8
WINDOW
  9
$CELTYPE
  6
ByLayer
  9
$CECOLOR
 62
  256
  9
$CELTSCALE
 40
1
  9
$DISPSILH
 70
    0
  9
$DIMSCALE
 40
1
  9
$DIMASZ
 40
3
  9
$DIMEXO
 40
4
  9
$DIMDLI
 40
2
  9
$DIMRND
 40
0
  9
$DIMDLE
 40
0
  9
$DIMEXE
 40
3
  9
$DIMTP
 40
0
  9
$DIMTM
 40
0
  9
$DIMTXT
 40
6
  9
$DIMCEN
 40
0.09
  9
$DIMTSZ
 40
0
  9
$DIMTOL
 70
    0
  9
$DIMLIM
 70
    0
  9
$DIMTIH
 70
    0
  9
$DIMTOH
 70
    0
  9
$DIMSE1
 70
    0
  9
$DIMSE2
 70
    0
  9
$DIMTAD
 70
    0
  9
$DIMZIN
 70
    3
  9
$DIMBLK
  1

  9
$DIMASO
 70
    1
  9
$DIMSHO
 70
    1
  9
$DIMPOST
  1

  9
$DIMAPOST
  1

  9
$DIMALT
 70
    0
  9
$DIMALTD
 70
    2
  9
$DIMALTF
 40
25.4
  9
$DIMLFAC
 40
1
  9
$DIMTOFL
 70
    1
  9
$DIMTVP
 40
0
  9
$DIMTIX
 70
    0
  9
$DIMSOXD
 70
    0
  9
$DIMSAH
 70
    0
  9
$DIMBLK1
  1

  9
$DIMBLK2
  1

  9
$DIMSTYLE
  2
WORKING
  9
$DIMCLRD
 70
  256
  9
$DIMCLRE
 70
  256
  9
$DIMCLRT
 70
    7
  9
$DIMTFAC
 40
1
  9
$DIMGAP
 40
1
  9
$DIMJUST
 70
    0
  9
$DIMSD1
 70
    0
  9
$DIMSD2
 70
    0
  9
$DIMTOLJ
 70
    1
  9
$DIMTZIN
 70
    0
  9
$DIMALTZ
 70
    0
  9
$DIMALTTZ
 70
    0
  9
$DIMUPT
 70
    0
  9
$DIMDEC
 70
    3
  9
$DIMTDEC
 70
    3
  9
$DIMALTU
 70
    2
  9
$DIMALTTD
 70
    2
  9
$DIMTXSTY
  7
plan
  9
$DIMAUNIT
 70
    0
  9
$DIMADEC
 70
    0
  9
$DIMALTRND
 40
0
  9
$DIMAZIN
 70
    0
  9
$DIMDSEP
 70
   46
  9
$DIMATFIT
 70
    3
  9
$DIMFRAC
 70
    0
  9
$DIMLDRBLK
  1

  9
$DIMLUNIT
 70
    4
  9
$DIMLWD
 70
   -1
  9
$DIMLWE
 70
   -1
  9
$DIMTMOVE
 70
    1
  9
$DIMFXL
 40
1
  9
$DIMFXLON
 70
    0
  9
$DIMJOGANG
 40
0.7854
  9
$DIMTFILL
 70
    0
  9
$DIMTFILLCLR
 70
    0
  9
$DIMARCSYM
 70
    0
  9
$DIMLTYPE
  6

  9
$DIMLTEX1
  6

  9
$DIMLTEX2
  6

  9
$LUNITS
 70
    4
  9
$LUPREC
 70
    4
  9
$SKETCHINC
 40
0.1
  9
$FILLETRAD
 40
0
  9
$AUNITS
 70
    0
  9
$AUPREC
 70
    2
  9
$MENU
  1
.
  9
$ELEVATION
 40
0
  9
$PELEVATION
 40
0
  9
$THICKNESS
 40
0
  9
$LIMCHECK
 70
    0
  9
$CHAMFERA
 40
25
  9
$CHAMFERB
 40
25
  9
$CHAMFERC
 40
0
  9
$CHAMFERD
 40
0
  9
$SKPOLY
 70
    0
  9
$USRTIMER
 70
    1
  9
$ANGBASE
 50
0
  9
$ANGDIR
 70
    0
  9
$PDMODE
 70
   35
  9
$PDSIZE
 40
0
  9
$PLINEWID
 40
0
  9
$SPLFRAME
 70
    0
  9
$SPLINETYPE
 70
    6
  9
$SPLINESEGS
 70
    8
  9
$HANDSEED
  5
20000
  9
$SURFTAB1
 70
    6
  9
$SURFTAB2
 70
    6
  9
$SURFTYPE
 70
    6
  9
$SURFU
 70
    6
  9
$SURFV
 70
    6
  9
$UCSBASE
  2

  9
$UCSNAME
  2

  9
$UCSORG
 10
0
 20
0
 30
0
  9
$UCSXDIR
 10
1
 20
0
 30
0
  9
$UCSYDIR
 10
0
 20
1
 30
0
  9
$UCSORTHOREF
  2

  9
$UCSORTHOVIEW
 70
    0
  9
$UCSORGTOP
 10
0
 20
0
 30
0
  9
$UCSORGBOTTOM
 10
0
 20
0
 30
0
  9
$UCSORGLEFT
 10
0
 20
0
 30
0
  9
$UCSORGRIGHT
 10
0
 20
0
 30
0
  9
$UCSORGFRONT
 10
0
 20
0
 30
0
  9
$UCSORGBACK
 10
0
 20
0
 30
0
  9
$PUCSBASE
  2

  9
$PUCSNAME
  2

  9
$PUCSORG
 10
0
 20
0
 30
0
  9
$PUCSXDIR
 10
1
 20
0
 30
0
  9
$PUCSYDIR
 10
0
 20
1
 30
0
  9
$PUCSORTHOREF
  2

  9
$PUCSORTHOVIEW
 70
    0
  9
$PUCSORGTOP
 10
0
 20
0
 30
0
  9
$PUCSORGBOTTOM
 10
0
 20
0
 30
0
  9
$PUCSORGLEFT
 10
0
 20
0
 30
0
  9
$PUCSORGRIGHT
 10
0
 20
0
 30
0
  9
$PUCSORGFRONT
 10
0
 20
0
 30
0
  9
$PUCSORGBACK
 10
0
 20
0
 30
0
  9
$USERI1
 70
    0
  9
$USERI2
 70
    0
  9
$USERI3
 70
    0
  9
$USERI4
 70
    0
  9
$USERI5
 70
    0
  9
$USERR1
 40
0
  9
$USERR2
 40
0
  9
$USERR3
 40
0
  9
$USERR4
 40
0
  9
$USERR5
 40
0
  9
$WORLDVIEW
 70
    1
  9
$SHADEDGE
 70
    3
  9
$SHADEDIF
 70
   70
  9
$TILEMODE
 70
    1
  9
$MAXACTVP
 70
   64
  9
$PINSBASE
 10
0
 20
0
 30
0
  9
$PLIMCHECK
 70
    0
  9
$PEXTMIN
 10
0.0181534759400108
 20
0.0255371257697306
 30
-3.49181948e-08
  9
$PEXTMAX
 10
11.28254994842526
 20
7.861942348863657
 30
8.14935746e-08
  9
$GRIDMODE
 70
    0
  9
$SNAPSTYLE
 70
    0
  9
$PLIMMIN
 10
-0.1999994713490404
 20
-0.1999999969963014
  9
$PLIMMAX
 10
11.49000032680241
 20
8.066666445394201
  9
$UNITMODE
 70
    0
  9
$VISRETAIN
 70
    1
  9
$PLINEGEN
 70
    0
  9
$PSLTSCALE
 70
    1
  9
$TREEDEPTH
 70
 3020
  9
$CMLSTYLE
  2
WIN
  9
$CMLJUST
 70
    0
  9
$CMLSCALE
 40
1
  9
$PROXYGRAPHICS
 70
    1
  9
$MEASUREMENT
 70
    0
  9
$CELWEIGHT
370
   -1
  9
$ENDCAPS
280
    0
  9
$JOINSTYLE
280
    0
  9
$LWDISPLAY
290
    0
  9
$INSUNITS
 70
    2
  9
$HYPERLINKBASE
  1

  9
$STYLESHEET
  1
COLOR.ctb
  9
$XEDIT
290
    1
  9
$CEPSNTYPE
380
    0
  9
$PSTYLEMODE
290
    1
  9
$EXTNAMES
290
    1
  9
$PSVPSCALE
 40
0
  9
$OLESTARTUP
290
    0
  9
$SORTENTS
280
  127
  9
$INDEXCTL
280
    0
  9
$HIDETEXT
280
    1
  9
$XCLIPFRAME
290
    1
  9
$HALOGAP
280
    0
  9
$OBSCOLOR
 70
  257
  9
$OBSLTYPE
280
    0
  9
$INTERSECTIONDISPLAY
280
    0
  9
$INTERSECTIONCOLOR
 70
  257
  9
$DIMASSOC
280
    2
  9
$PROJECTNAME
  1

  9
$CAMERADISPLAY
290
    0
  9
$LENSLENGTH
 40
50
  9
$CAMERAHEIGHT
 40
0
  9
$STEPSPERSEC
 40
2
  9
$STEPSIZE
 40
50
  9
$3DDWFPREC
 40
2
  9
$PSOLWIDTH
 40
5
  9
$PSOLHEIGHT
 40
80
  9
$LOFTANG1
 40
1.570796326794897
  9
$LOFTANG2
 40
1.570796326794897
  9
$LOFTMAG1
 40
0
  9
$LOFTMAG2
 40
0
  9
$LOFTPARAM
 70
    7
  9
$LOFTNORMALS
280
    1
  9
$LATITUDE
 40
1
  9
$LONGITUDE
 40
1
  9
$NORTHDIRECTION
 40
0
  9
$TIMEZONE
 70
-8000
  9
$LIGHTGLYPHDISPLAY
280
    1
  9
$TILEMODELIGHTSYNCH
280
    1
  9
$SOLIDHIST
280
    1
  9
$SHOWHIST
280
    1
  9
$DWFFRAME
280
    2
  9
$DGNFRAME
280
    0
  9
$REALWORLDSCALE
290
    1
  9
$INTERFERECOLOR
 62
    1
  9
$CSHADOW
280
    0
  9
$SHADOWPLANELOCATION
 40
0
  0
ENDSEC
  0
SECTION
  2
CLASSES
  0
ENDSEC
  0
SECTION
  2
TABLES
  0
TABLE
  2
VPORT
  5
8
330
0
100
AcDbSymbolTable
 70
    1
  0
VPORT
  5
31
330
2
100
AcDbSymbolTableRecord
100
AcDbViewportTableRecord
  2
*ACTIVE
 70
    0
 10
0
 20
0
 11
1
 21
1
 12
18631.82346180324
 22
-163.002924712209
 13
0
 23
0
 14
10
 24
10
 15
10
 25
10
 16
0
 26
0
 36
1
 17
0
 27
0
 37
0
 40
628.4450109386371
 41
1.64625
 42
50
 43
0
 44
0
 50
0
 51
0
 71
    0
 72
  100
 73
    1
 74
    3
 75
    0
 76
    0
 77
    0
 78
    0
281
    0
 65
    1
110
0
120
0
130
0
111
1
121
0
131
0
112
0
122
1
132
0
 79
    0
146
0
348
10020
 60
    7
 61
    5
292
1
282
    1
141
0
142
0
 63
  250
421
3358443
  0
ENDTAB
  0
TABLE
  2
LTYPE
  5
5
330
0
100
AcDbSymbolTable
 70
    4
  0
LTYPE
  5
14
330
5
100
AcDbSymbolTableRecord
100
AcDbLinetypeTableRecord
  2
ByBlock
 70
    0
  3

 72
   65
 73
    0
 40
0
  0
LTYPE
  5
15
330
5
100
AcDbSymbolTableRecord
100
AcDbLinetypeTableRecord
  2
ByLayer
 70
    0
  3

 72
   65
 73
    0
 40
0
  0
LTYPE
  5
16
330
5
100
AcDbSymbolTableRecord
100
AcDbLinetypeTableRecord
  2
Continuous
 70
    0
  3
Solid line
 72
   65
 73
    0
 40
0
  0
LTYPE
  5
32
330
5
100
AcDbSymbolTableRecord
100
AcDbLinetypeTableRecord
  2
DOT
 70
    0
  3
Dot . . . . . . . . . . . . . . . . . . . . . .
 72
   65
 73
    2
 40
6.35
 49
0
 74
    0
 49
-6.35
 74
    0
  0
LTYPE
  5
33
330
5
100
AcDbSymbolTableRecord
100
AcDbLinetypeTableRecord
  2
DOTTINY
 70
    0
  3
Dot (.15x) .....................................
 72
   65
 73
    2
 40
0.9525
 49
0
 74
    0
 49
-0.9525
 74
    0
  0
LTYPE
  5
34
330
5
100
AcDbSymbolTableRecord
100
AcDbLinetypeTableRecord
  2
DOT2
 70
    0
  3
Dot (.5x) .....................................
 72
   65
 73
    2
 40
3.175
 49
0
 74
    0
 49
-3.175
 74
    0
  0
LTYPE
  5
35
330
5
100
AcDbSymbolTableRecord
100
AcDbLinetypeTableRecord
  2
DOTX2
 70
    0
  3
Dot (2x) .  .  .  .  .  .  .  .  .  .  .  .  .
 72
   65
 73
    2
 40
12.7
 49
0
 74
    0
 49
-12.7
 74
    0
  0
LTYPE
  5
36
330
5
100
AcDbSymbolTableRecord
100
AcDbLinetypeTableRecord
  2
DASHED
 70
    0
  3
Dashed _ _ _ _ _ _ _ _ _ _ _ _ _ _ _ _ _
 72
   65
 73
    2
 40
19.05
 49
12.7
 74
    0
 49
-6.35
 74
    0
  0
LTYPE
  5
37
330
5
100
AcDbSymbolTableRecord
100
AcDbLinetypeTableRecord
  2
DASHEDTINY
 70
    0
  3
Dashed (.15x) _ _ _ _ _ _ _ _ _ _ _ _ _ _ _ _ _
 72
   65
 73
    2
 40
2.8575
 49
1.905
 74
    0
 49
-0.9525
 74
    0
  0
LTYPE
  5
38
330
5
100
AcDbSymbolTableRecord
100
AcDbLinetypeTableRecord
  2
DASHED2
 70
    0
  3
Dashed (.5x) _ _ _ _ _ _ _ _ _ _ _ _ _ _ _ _ _
 72
   65
 73
    2
 40
9.524999999999999
 49
6.35
 74
    0
 49
-3.175
 74
    0
  0
LTYPE
  5
39
330
5
100
AcDbSymbolTableRecord
100
AcDbLinetypeTableRecord
  2
DASHEDX2
 70
    0
  3
Dashed (2x) ____  ____  ____  ____  ____  ___
 72
   65
 73
    2
 40
38.09999999999999
 49
25.4
 74
    0
 49
-12.7
 74
    0
  0
LTYPE
  5
3A
330
5
100
AcDbSymbolTableRecord
100
AcDbLinetypeTableRecord
  2
DASHDOT
 70
    0
  3
Dash dot __ . __ . __ . __ . __ . __ . __ . __
 72
   65
 73
    4
 40
25.4
 49
12.7
 74
    0
 49
-6.35
 74
    0
 49
0
 74
    0
 49
-6.35
 74
    0
  0
LTYPE
  5
3B
330
5
100
AcDbSymbolTableRecord
100
AcDbLinetypeTableRecord
  2
DASHDOTTINY
 70
    0
  3
Dash dot (.15x) _._._._._._._._._._._._._._._.
 72
   65
 73
    4
 40
3.81
 49
1.905
 74
    0
 49
-0.9525
 74
    0
 49
0
 74
    0
 49
-0.9525
 74
    0
  0
LTYPE
  5
3C
330
5
100
AcDbSymbolTableRecord
100
AcDbLinetypeTableRecord
  2
DASHDOT2
 70
    0
  3
Dash dot (.5x) _._._._._._._._._._._._._._._.
 72
   65
 73
    4
 40
12.7
 49
6.35
 74
    0
 49
-3.175
 74
    0
 49
0
 74
    0
 49
-3.175
 74
    0
  0
LTYPE
  5
3D
330
5
100
AcDbSymbolTableRecord
100
AcDbLinetypeTableRecord
  2
DASHDOTX2
 70
    0
  3
Dash dot (2x) ____  .  ____  .  ____  .  ___
 72
   65
 73
    4
 40
50.8
 49
25.4
 74
    0
 49
-12.7
 74
    0
 49
0
 74
    0
 49
-12.7
 74
    0
  0
LTYPE
  5
3E
330
5
100
AcDbSymbolTableRecord
100
AcDbLinetypeTableRecord
  2
DIVIDE
 70
    0
  3
Divide ____ . . ____ . . ____ . . ____ . . ____
 72
   65
 73
    6
 40
31.75
 49
12.7
 74
    0
 49
-6.35
 74
    0
 49
0
 74
    0
 49
-6.35
 74
    0
 49
0
 74
    0
 49
-6.35
 74
    0
  0
LTYPE
  5
3F
330
5
100
AcDbSymbolTableRecord
100
AcDbLinetypeTableRecord
  2
DIVIDETINY
 70
    0
  3
Divide (.15x) __..__..__..__..__..__..__..__.._
 72
   65
 73
    6
 40
4.7625
 49
1.905
 74
    0
 49
-0.9525
 74
    0
 49
0
 74
    0
 49
-0.9525
 74
    0
 49
0
 74
    0
 49
-0.9525
 74
    0
  0
LTYPE
  5
40
330
5
100
AcDbSymbolTableRecord
100
AcDbLinetypeTableRecord
  2
DIVIDE2
 70
    0
  3
Divide (.5x) __..__..__..__..__..__..__..__.._
 72
   65
 73
    6
 40
15.875
 49
6.35
 74
    0
 49
-3.175
 74
    0
 49
0
 74
    0
 49
-3.175
 74
    0
 49
0
 74
    0
 49
-3.175
 74
    0
  0
LTYPE
  5
41
330
5
100
AcDbSymbolTableRecord
100
AcDbLinetypeTableRecord
  2
DIVIDEX2
 70
    0
  3
Divide (2x) ________  .  .  ________  .  .  _
 72
   65
 73
    6
 40
63.5
 49
25.4
 74
    0
 49
-12.7
 74
    0
 49
0
 74
    0
 49
-12.7
 74
    0
 49
0
 74
    0
 49
-12.7
 74
    0
  0
LTYPE
  5
42
330
5
100
AcDbSymbolTableRecord
100
AcDbLinetypeTableRecord
  2
BORDER
 70
    0
  3
Border __ __ . __ __ . __ __ . __ __ . __ __ .
 72
   65
 73
    6
 40
44.45
 49
12.7
 74
    0
 49
-6.35
 74
    0
 49
12.7
 74
    0
 49
-6.35
 74
    0
 49
0
 74
    0
 49
-6.35
 74
    0
  0
LTYPE
  5
43
330
5
100
AcDbSymbolTableRecord
100
AcDbLinetypeTableRecord
  2
BORDERTINY
 70
    0
  3
Border (.15x) __.__.__.__.__.__.__.__.__.__.__.
 72
   65
 73
    6
 40
6.6675
 49
1.905
 74
    0
 49
-0.9525
 74
    0
 49
1.905
 74
    0
 49
-0.9525
 74
    0
 49
0
 74
    0
 49
-0.9525
 74
    0
  0
LTYPE
  5
44
330
5
100
AcDbSymbolTableRecord
100
AcDbLinetypeTableRecord
  2
BORDER2
 70
    0
  3
Border (.5x) __.__.__.__.__.__.__.__.__.__.__.
 72
   65
 73
    6
 40
22.225
 49
6.35
 74
    0
 49
-3.175
 74
    0
 49
6.35
 74
    0
 49
-3.175
 74
    0
 49
0
 74
    0
 49
-3.175
 74
    0
  0
LTYPE
  5
45
330
5
100
AcDbSymbolTableRecord
100
AcDbLinetypeTableRecord
  2
BORDERX2
 70
    0
  3
Border (2x) ____  ____  .  ____  ____  .  ___
 72
   65
 73
    6
 40
88.89999999999999
 49
25.4
 74
    0
 49
-12.7
 74
    0
 49
25.4
 74
    0
 49
-12.7
 74
    0
 49
0
 74
    0
 49
-12.7
 74
    0
  0
LTYPE
  5
46
330
5
100
AcDbSymbolTableRecord
100
AcDbLinetypeTableRecord
  2
CENTER
 70
    0
  3
Center ____ _ ____ _ ____ _ ____ _ ____ _ ____
 72
   65
 73
    4
 40
50.8
 49
31.75
 74
    0
 49
-6.35
 74
    0
 49
6.35
 74
    0
 49
-6.35
 74
    0
  0
LTYPE
  5
47
330
5
100
AcDbSymbolTableRecord
100
AcDbLinetypeTableRecord
  2
CENTERTINY
 70
    0
  3
Center (.15x) ___ _ ___ _ ___ _ ___ _ ___ _ ___
 72
   65
 73
    4
 40
7.619999999999999
 49
4.7625
 74
    0
 49
-0.9525
 74
    0
 49
0.9525
 74
    0
 49
-0.9525
 74
    0
  0
LTYPE
  5
48
330
5
100
AcDbSymbolTableRecord
100
AcDbLinetypeTableRecord
  2
CENTER2
 70
    0
  3
Center (.5x) ___ _ ___ _ ___ _ ___ _ ___ _ ___
 72
   65
 73
    4
 40
28.575
 49
19.05
 74
    0
 49
-3.175
 74
    0
 49
3.175
 74
    0
 49
-3.175
 74
    0
  0
LTYPE
  5
49
330
5
100
AcDbSymbolTableRecord
100
AcDbLinetypeTableRecord
  2
CENTERX2
 70
    0
  3
Center (2x) ________  __  ________  __  _____
 72
   65
 73
    4
 40
101.6
 49
63.5
 74
    0
 49
-12.7
 74
    0
 49
12.7
 74
    0
 49
-12.7
 74
    0
  0
ENDTAB
  0
TABLE
  2
LAYER
  5
2
330
0
100
AcDbSymbolTable
 70
    1
  0
LAYER
  5
10
330
2
100
AcDbSymbolTableRecord
100
AcDbLayerTableRecord
  2
0
 70
    1
 62
    7
  6
CONTINUOUS
370
   -3
390
F
  0
LAYER
  5
4A
330
2
100
AcDbSymbolTableRecord
100
AcDbLayerTableRecord
  2
0 @ 1
 70
    1
 62
    7
  6
CONTINUOUS
370
   -3
390
F
  0
LAYER
  5
4B
330
2
100
AcDbSymbolTableRecord
100
AcDbLayerTableRecord
  2
DOOR
 70
    0
 62
    1
  6
CONTINUOUS
370
   15
390
F
  0
LAYER
  5
4C
330
2
100
AcDbSymbolTableRecord
100
AcDbLayerTableRecord
  2
Defpoints
 70
    1
 62
    7
  6
CONTINUOUS
290
0
370
   -3
390
F
  0
LAYER
  5
4D
330
2
100
AcDbSymbolTableRecord
100
AcDbLayerTableRecord
  2
FUR
 70
    1
 62
  183
  6
CONTINUOUS
370
   -3
390
F
  0
LAYER
  5
4E
330
2
100
AcDbSymbolTableRecord
100
AcDbLayerTableRecord
  2
FURN
 70
    1
 62
  171
  6
CONTINUOUS
370
   -3
390
F
  0
LAYER
  5
4F
330
2
100
AcDbSymbolTableRecord
100
AcDbLayerTableRecord
  2
Fixture
 70
    1
 62
  200
  6
CONTINUOUS
370
   20
390
F
  0
LAYER
  5
50
330
2
100
AcDbSymbolTableRecord
100
AcDbLayerTableRecord
  2
PinCAD.com
 70
    1
 62
    7
  6
CONTINUOUS
370
   -3
390
F
  0
LAYER
  5
51
330
2
100
AcDbSymbolTableRecord
100
AcDbLayerTableRecord
  2
SLAB LINE
 70
    1
 62
    2
  6
CONTINUOUS
370
   30
390
F
  0
LAYER
  5
52
330
2
100
AcDbSymbolTableRecord
100
AcDbLayerTableRecord
  2
Wall_SYN
 70
    1
 62
    7
  6
CONTINUOUS
370
   35
390
F
  0
LAYER
  5
53
330
2
100
AcDbSymbolTableRecord
100
AcDbLayerTableRecord
  2
dwgmodels.com
 70
    1
 62
  250
  6
CONTINUOUS
370
   -3
390
F
  0
LAYER
  5
54
330
2
100
AcDbSymbolTableRecord
100
AcDbLayerTableRecord
  2
hatch
 70
    1
 62
  252
  6
CONTINUOUS
370
   -3
390
F
  0
LAYER
  5
55
330
2
100
AcDbSymbolTableRecord
100
AcDbLayerTableRecord
  2
rail
 70
    1
 62
    3
  6
CONTINUOUS
370
   20
390
F
  0
LAYER
  5
56
330
2
100
AcDbSymbolTableRecord
100
AcDbLayerTableRecord
  2
stair
 70
    1
 62
  252
  6
CONTINUOUS
370
   20
390
F
  0
LAYER
  5
57
330
2
100
AcDbSymbolTableRecord
100
AcDbLayerTableRecord
  2
text
 70
    1
 62
    6
  6
CONTINUOUS
370
   25
390
F
  0
LAYER
  5
58
330
2
100
AcDbSymbolTableRecord
100
AcDbLayerTableRecord
  2
WALL
 70
    0
 62
    7
  6
CONTINUOUS
370
   40
390
F
  0
LAYER
  5
59
330
2
100
AcDbSymbolTableRecord
100
AcDbLayerTableRecord
  2
WINDOW
 70
    0
 62
  116
  6
CONTINUOUS
370
   20
390
F
  0
ENDTAB
  0
TABLE
  2
STYLE
  5
3
330
0
100
AcDbSymbolTable
 70
    3
  0
STYLE
  5
5A
330
2
100
AcDbSymbolTableRecord
100
AcDbTextStyleTableRecord
  2
iso
 70
    0
 40
0
 41
1
 50
0
 71
    0
 42
1
  3
iso
  4

  0
STYLE
  5
5B
330
2
100
AcDbSymbolTableRecord
100
AcDbTextStyleTableRecord
  2
STANDARD
 70
    0
 40
0
 41
1
 50
0
 71
    0
 42
1
  3
STANDARD
  4

  0
STYLE
  5
5C
330
2
100
AcDbSymbolTableRecord
100
AcDbTextStyleTableRecord
  2
Notes
 70
    0
 40
0
 41
1
 50
0
 71
    0
 42
1
  3
Notes
  4

  0
ENDTAB
  0
TABLE
  2
VIEW
  5
6
330
0
100
AcDbSymbolTable
 70
    0
  0
ENDTAB
  0
TABLE
  2
UCS
  5
7
330
0
100
AcDbSymbolTable
 70
    0
  0
ENDTAB
  0
TABLE
  2
APPID
  5
9
330
0
100
AcDbSymbolTable
 70
    1
  0
APPID
  5
12
330
9
100
AcDbSymbolTableRecord
100
AcDbRegAppTableRecord
  2
ACAD
 70
    0
  0
APPID
  5
5D
330
9
100
AcDbSymbolTableRecord
100
AcDbRegAppTableRecord
  2
LibreCad
 70
    0
  0
ENDTAB
  0
TABLE
  2
DIMSTYLE
  5
A
330
0
100
AcDbSymbolTable
 70
    1
100
AcDbDimStyleTable
 71
    1
  0
DIMSTYLE
105
5E
330
A
100
AcDbSymbolTableRecord
100
AcDbDimStyleTableRecord
  2
Standard
 70
    0
 40
1
 41
3
 42
4
 43
0.38
 44
3
 45
0
 46
0
 47
0
 48
0
 49
1
140
6
141
0.09
142
0
143
25.4
144
1
145
0
146
1
147
1
148
0
 71
    0
 72
    0
 73
    0
 74
    1
 75
    0
 76
    0
 77
    0
 78
    3
 79
    0
170
    0
171
    2
172
    0
173
    0
174
    0
175
    0
176
  256
177
  256
178
    7
179
    0
271
    3
272
    4
273
    2
274
    2
275
    0
276
    0
277
    4
278
   46
279
    0
280
    0
281
    0
282
    0
283
    1
284
    0
285
    0
286
    0
288
    0
289
    3
  0
ENDTAB
  0
TABLE
  2
BLOCK_RECORD
  5
1
330
0
100
AcDbSymbolTable
 70
    2
  0
BLOCK_RECORD
  5
1F
330
1
100
AcDbSymbolTableRecord
100
AcDbBlockTableRecord
  2
*Model_Space
 70
    0
280
    1
281
    0
  0
BLOCK_RECORD
  5
1E
330
1
100
AcDbSymbolTableRecord
100
AcDbBlockTableRecord
  2
*Paper_Space
 70
    0
280
    1
281
    0
  0
BLOCK_RECORD
  5
5F
330
1
100
AcDbSymbolTableRecord
100
AcDbBlockTableRecord
  2
*D6
 70
    0
280
    1
281
    0
  0
BLOCK_RECORD
  5
62
330
1
100
AcDbSymbolTableRecord
100
AcDbBlockTableRecord
  2
*D7
 70
    0
280
    1
281
    0
  0
BLOCK_RECORD
  5
65
330
1
100
AcDbSymbolTableRecord
100
AcDbBlockTableRecord
  2
*D1
 70
    0
280
    1
281
    0
  0
BLOCK_RECORD
  5
68
330
1
100
AcDbSymbolTableRecord
100
AcDbBlockTableRecord
  2
*D8
 70
    0
280
    1
281
    0
  0
BLOCK_RECORD
  5
6B
330
1
100
AcDbSymbolTableRecord
100
AcDbBlockTableRecord
  2
*D10
 70
    0
280
    1
281
    0
  0
BLOCK_RECORD
  5
6E
330
1
100
AcDbSymbolTableRecord
100
AcDbBlockTableRecord
  2
*D2
 70
    0
280
    1
281
    0
  0
BLOCK_RECORD
  5
71
330
1
100
AcDbSymbolTableRecord
100
AcDbBlockTableRecord
  2
*D9
 70
    0
280
    1
281
    0
  0
BLOCK_RECORD
  5
74
330
1
100
AcDbSymbolTableRecord
100
AcDbBlockTableRecord
  2
*D4
 70
    0
280
    1
281
    0
  0
BLOCK_RECORD
  5
77
330
1
100
AcDbSymbolTableRecord
100
AcDbBlockTableRecord
  2
*D3
 70
    0
280
    1
281
    0
  0
BLOCK_RECORD
  5
7A
330
1
100
AcDbSymbolTableRecord
100
AcDbBlockTableRecord
  2
*D5
 70
    0
280
    1
281
    0
  0
BLOCK_RECORD
  5
7D
330
1
100
AcDbSymbolTableRecord
100
AcDbBlockTableRecord
  2
_Dot
 70
    0
280
    1
281
    0
  0
BLOCK_RECORD
  5
80
330
1
100
AcDbSymbolTableRecord
100
AcDbBlockTableRecord
  2
DOOR40
 70
    0
280
    1
281
    0
  0
BLOCK_RECORD
  5
83
330
1
100
AcDbSymbolTableRecord
100
AcDbBlockTableRecord
  2
A$C64AA05FE
 70
    0
280
    1
281
    0
  0
BLOCK_RECORD
  5
86
330
1
100
AcDbSymbolTableRecord
100
AcDbBlockTableRecord
  2
_ArchTick
 70
    0
280
    1
281
    0
  0
BLOCK_RECORD
  5
89
330
1
100
AcDbSymbolTableRecord
100
AcDbBlockTableRecord
  2
A$C625a09c8
 70
    0
280
    1
281
    0
  0
BLOCK_RECORD
  5
8C
330
1
100
AcDbSymbolTableRecord
100
AcDbBlockTableRecord
  2
BASIN CABINET_PLAN_COTTO SERENA C02607
 70
    0
280
    1
281
    0
  0
BLOCK_RECORD
  5
8F
330
1
100
AcDbSymbolTableRecord
100
AcDbBlockTableRecord
  2
WC_PLAN_COTTO SYDNEY C1303
 70
    0
280
    1
281
    0
  0
BLOCK_RECORD
  5
92
330
1
100
AcDbSymbolTableRecord
100
AcDbBlockTableRecord
  2
A$C05cd1a33
 70
    0
280
    1
281
    0
  0
ENDTAB
  0
ENDSEC
  0
SECTION
  2
BLOCKS
  0
BLOCK
  5
20
330
1F
100
AcDbEntity
  8
0
100
AcDbBlockBegin
  2
*Model_Space
 70
    0
 10
0
 20
0
 30
0
  3
*Model_Space
  1

  0
ENDBLK
  5
21
330
1F
100
AcDbEntity
  8
0
100
AcDbBlockEnd
  0
BLOCK
  5
1C
330
1B
100
AcDbEntity
  8
0
100
AcDbBlockBegin
  2
*Paper_Space
 70
    0
 10
0
 20
0
 30
0
  3
*Paper_Space
  1

  0
ENDBLK
  5
1D
330
1F
100
AcDbEntity
  8
0
100
AcDbBlockEnd
  0
BLOCK
  5
60
330
5F
100
AcDbEntity
  8
0
100
AcDbBlockBegin
  2
*D6
 70
    1
 10
0
 20
0
  3
*D6
  1

  0
LINE
  5
95
100
AcDbEntity
  8
hatch
  6
ByBlock
 62
  256
370
   -1
100
AcDbLine
 10
36782.0914828293
 20
-548.939520481927
 11
36782.0914828293
 21
-428.9395204819275
  0
MTEXT
  5
96
100
AcDbEntity
  8
hatch
  6
CONTINUOUS
 62
    7
370
   -2
100
AcDbMText
 10
36782.0914828293
 20
-488.9395204819378
 30
0
 40
6
 41
26.66666666666666
 71
    5
 72
    1
  1
120'-0"
  7
plan
210
0
220
0
230
1
 50
90
 73
    2
 44
1
  0
SOLID
  5
97
100
AcDbEntity
  8
hatch
  6
ByBlock
 62
  256
370
   -1
100
AcDbTrace
 10
36782.0914828293
 20
-548.939520481927
 30
0
 11
36781.59194123997
 21
-545.939520481927
 31
0
 12
36782.59102441863
 22
-545.939520481927
 32
0
 13
36782.59102441863
 23
-545.939520481927
 33
0
  0
SOLID
  5
98
100
AcDbEntity
  8
hatch
  6
ByBlock
 62
  256
370
   -1
100
AcDbTrace
 10
36782.0914828293
 20
-428.9395204819275
 30
0
 11
36782.59102441863
 21
-431.9395204819275
 31
0
 12
36781.59194123997
 22
-431.9395204819275
 32
0
 13
36781.59194123997
 23
-431.9395204819275
 33
0
  0
LINE
  5
99
100
AcDbEntity
  8
hatch
  6
ByBlock
 62
  256
370
   -1
100
AcDbLine
 10
36780.31314333928
 20
-548.939520481927
 11
36785.0914828293
 21
-548.939520481927
  0
LINE
  5
9A
100
AcDbEntity
  8
hatch
  6
ByBlock
 62
  256
370
   -1
100
AcDbLine
 10
36780.31314333928
 20
-428.9395204819275
 11
36785.0914828293
 21
-428.9395204819275
  0
ENDBLK
  5
61
330
5F
100
AcDbEntity
  8
0
100
AcDbBlockEnd
  0
BLOCK
  5
63
330
62
100
AcDbEntity
  8
0
100
AcDbBlockBegin
  2
*D7
 70
    1
 10
0
 20
0
  3
*D7
  1

  0
LINE
  5
9B
100
AcDbEntity
  8
hatch
  6
ByBlock
 62
  256
370
   -1
100
AcDbLine
 10
36776.31314333928
 20
-540.3081375613619
 11
36920.31314333927
 21
-540.3081375613619
  0
MTEXT
  5
9C
100
AcDbEntity
  8
hatch
  6
CONTINUOUS
 62
    7
370
   -2
100
AcDbMText
 10
36848.31314333928
 20
-540.3081375613619
 30
0
 40
6
 41
28
 71
    5
 72
    1
  1
144'-0"
  7
plan
210
0
220
0
230
1
 50
0
 73
    2
 44
1
  0
SOLID
  5
9D
100
AcDbEntity
  8
hatch
  6
ByBlock
 62
  256
370
   -1
100
AcDbTrace
 10
36776.31314333928
 20
-540.3081375613619
 30
0
 11
36779.31314333928
 21
-539.8085959720345
 31
0
 12
36779.31314333928
 22
-540.8076791506894
 32
0
 13
36779.31314333928
 23
-540.8076791506894
 33
0
  0
SOLID
  5
9E
100
AcDbEntity
  8
hatch
  6
ByBlock
 62
  256
370
   -1
100
AcDbTrace
 10
36920.31314333927
 20
-540.3081375613619
 30
0
 11
36917.31314333927
 21
-540.8076791506894
 31
0
 12
36917.31314333927
 22
-539.8085959720345
 32
0
 13
36917.31314333927
 23
-539.8085959720345
 33
0
  0
LINE
  5
9F
100
AcDbEntity
  8
hatch
  6
ByBlock
 62
  256
370
   -1
100
AcDbLine
 10
36776.31314333928
 20
-536.3081375613619
 11
36776.31314333928
 21
-537.3081375613619
  0
LINE
  5
A0
100
AcDbEntity
  8
hatch
  6
ByBlock
 62
  256
370
   -1
100
AcDbLine
 10
36920.31314333927
 20
-536.3081375613619
 11
36920.31314333927
 21
-537.3081375613619
  0
ENDBLK
  5
64
330
62
100
AcDbEntity
  8
0
100
AcDbBlockEnd
  0
BLOCK
  5
66
330
65
100
AcDbEntity
  8
0
100
AcDbBlockBegin
  2
*D1
 70
    1
 10
0
 20
0
  3
*D1
  1

  0
LINE
  5
A1
100
AcDbEntity
  8
hatch
  6
ByBlock
 62
  256
370
   -1
100
AcDbLine
 10
36517.31314333927
 20
-400.2845081454798
 11
36925.31314333927
 21
-400.2845081454798
  0
MTEXT
  5
A2
100
AcDbEntity
  8
hatch
  6
CONTINUOUS
 62
    7
370
   -2
100
AcDbMText
 10
36721.31314333927
 20
-400.2845081454798
 30
0
 40
6
 41
28.66666666666666
 71
    5
 72
    1
  1
408'-0"
  7
plan
210
0
220
0
230
1
 50
0
 73
    2
 44
1
  0
SOLID
  5
A3
100
AcDbEntity
  8
hatch
  6
ByBlock
 62
  256
370
   -1
100
AcDbTrace
 10
36517.31314333927
 20
-400.2845081454798
 30
0
 11
36520.31314333927
 21
-399.7849665561524
 31
0
 12
36520.31314333927
 22
-400.7840497348072
 32
0
 13
36520.31314333927
 23
-400.7840497348072
 33
0
  0
SOLID
  5
A4
100
AcDbEntity
  8
hatch
  6
ByBlock
 62
  256
370
   -1
100
AcDbTrace
 10
36925.31314333927
 20
-400.2845081454798
 30
0
 11
36922.31314333927
 21
-400.7840497348072
 31
0
 12
36922.31314333927
 22
-399.7849665561524
 32
0
 13
36922.31314333927
 23
-399.7849665561524
 33
0
  0
LINE
  5
A5
100
AcDbEntity
  8
hatch
  6
ByBlock
 62
  256
370
   -1
100
AcDbLine
 10
36517.31314333927
 20
-449.5753248443623
 11
36517.31314333927
 21
-397.2845081454798
  0
LINE
  5
A6
100
AcDbEntity
  8
hatch
  6
ByBlock
 62
  256
370
   -1
100
AcDbLine
 10
36925.31314333927
 20
-449.5753248443623
 11
36925.31314333927
 21
-397.2845081454798
  0
ENDBLK
  5
67
330
65
100
AcDbEntity
  8
0
100
AcDbBlockEnd
  0
BLOCK
  5
69
330
68
100
AcDbEntity
  8
0
100
AcDbBlockBegin
  2
*D8
 70
    1
 10
0
 20
0
  3
*D8
  1

  0
LINE
  5
A7
100
AcDbEntity
  8
hatch
  6
ByBlock
 62
  256
370
   -1
100
AcDbLine
 10
36771.31314333928
 20
-538.4817807853542
 11
36671.31314333927
 21
-538.4817807853542
  0
MTEXT
  5
A8
100
AcDbEntity
  8
hatch
  6
CONTINUOUS
 62
    7
370
   -2
100
AcDbMText
 10
36721.31314333928
 20
-538.4817807853542
 30
0
 40
6
 41
26.66666666666666
 71
    5
 72
    1
  1
100'-0"
  7
plan
210
0
220
0
230
1
 50
0
 73
    2
 44
1
  0
SOLID
  5
A9
100
AcDbEntity
  8
hatch
  6
ByBlock
 62
  256
370
   -1
100
AcDbTrace
 10
36771.31314333928
 20
-538.4817807853542
 30
0
 11
36768.31314333928
 21
-538.9813223746817
 31
0
 12
36768.31314333928
 22
-537.9822391960267
 32
0
 13
36768.31314333928
 23
-537.9822391960267
 33
0
  0
SOLID
  5
AA
100
AcDbEntity
  8
hatch
  6
ByBlock
 62
  256
370
   -1
100
AcDbTrace
 10
36671.31314333927
 20
-538.4817807853542
 30
0
 11
36674.31314333927
 21
-537.9822391960267
 31
0
 12
36674.31314333927
 22
-538.9813223746817
 32
0
 13
36674.31314333927
 23
-538.9813223746817
 33
0
  0
LINE
  5
AB
100
AcDbEntity
  8
hatch
  6
ByBlock
 62
  256
370
   -1
100
AcDbLine
 10
36771.31314333928
 20
-536.3081375613799
 11
36771.31314333928
 21
-535.4817807853542
  0
LINE
  5
AC
100
AcDbEntity
  8
hatch
  6
ByBlock
 62
  256
370
   -1
100
AcDbLine
 10
36671.31314333927
 20
-536.3081375613799
 11
36671.31314333927
 21
-535.4817807853542
  0
ENDBLK
  5
6A
330
68
100
AcDbEntity
  8
0
100
AcDbBlockEnd
  0
BLOCK
  5
6C
330
6B
100
AcDbEntity
  8
0
100
AcDbBlockBegin
  2
*D10
 70
    1
 10
0
 20
0
  3
*D10
  1

  0
LINE
  5
AD
100
AcDbEntity
  8
hatch
  6
ByBlock
 62
  256
370
   -1
100
AcDbLine
 10
36661.38959759075
 20
-428.9395204819275
 11
36661.38959759075
 21
-548.9395204819273
  0
MTEXT
  5
AE
100
AcDbEntity
  8
hatch
  6
CONTINUOUS
 62
    7
370
   -2
100
AcDbMText
 10
36661.38959759074
 20
-488.9395204819379
 30
0
 40
6
 41
26.66666666666666
 71
    5
 72
    1
  1
120'-0"
  7
plan
210
0
220
0
230
1
 50
90
 73
    2
 44
1
  0
SOLID
  5
AF
100
AcDbEntity
  8
hatch
  6
ByBlock
 62
  256
370
   -1
100
AcDbTrace
 10
36661.38959759075
 20
-428.9395204819275
 30
0
 11
36661.88913918008
 21
-431.9395204819275
 31
0
 12
36660.89005600142
 22
-431.9395204819275
 32
0
 13
36660.89005600142
 23
-431.9395204819275
 33
0
  0
SOLID
  5
B0
100
AcDbEntity
  8
hatch
  6
ByBlock
 62
  256
370
   -1
100
AcDbTrace
 10
36661.38959759075
 20
-548.9395204819273
 30
0
 11
36660.89005600142
 21
-545.9395204819273
 31
0
 12
36661.88913918008
 22
-545.9395204819273
 32
0
 13
36661.88913918008
 23
-545.9395204819273
 33
0
  0
LINE
  5
B1
100
AcDbEntity
  8
hatch
  6
ByBlock
 62
  256
370
   -1
100
AcDbLine
 10
36662.31314333927
 20
-428.9395204819275
 11
36658.38959759075
 21
-428.9395204819275
  0
LINE
  5
B2
100
AcDbEntity
  8
hatch
  6
ByBlock
 62
  256
370
   -1
100
AcDbLine
 10
36662.31314333927
 20
-548.9395204819273
 11
36658.38959759075
 21
-548.9395204819273
  0
ENDBLK
  5
6D
330
6B
100
AcDbEntity
  8
0
100
AcDbBlockEnd
  0
BLOCK
  5
6F
330
6E
100
AcDbEntity
  8
0
100
AcDbBlockBegin
  2
*D2
 70
    1
 10
0
 20
0
  3
*D2
  1

  0
LINE
  5
B3
100
AcDbEntity
  8
hatch
  6
ByBlock
 62
  256
370
   -1
100
AcDbLine
 10
36493.79485159284
 20
-423.9395204819273
 11
36493.79485159284
 21
-883.9395204819273
  0
MTEXT
  5
B4
100
AcDbEntity
  8
hatch
  6
CONTINUOUS
 62
    7
370
   -2
100
AcDbMText
 10
36493.79485159284
 20
-653.9395204819378
 30
0
 40
6
 41
28.66666666666704
 71
    5
 72
    1
  1
460'-0"
  7
plan
210
0
220
0
230
1
 50
90
 73
    2
 44
1
  0
SOLID
  5
B5
100
AcDbEntity
  8
hatch
  6
ByBlock
 62
  256
370
   -1
100
AcDbTrace
 10
36493.79485159284
 20
-423.9395204819273
 30
0
 11
36494.29439318216
 21
-426.9395204819273
 31
0
 12
36493.29531000351
 22
-426.9395204819273
 32
0
 13
36493.29531000351
 23
-426.9395204819273
 33
0
  0
SOLID
  5
B6
100
AcDbEntity
  8
hatch
  6
ByBlock
 62
  256
370
   -1
100
AcDbTrace
 10
36493.79485159284
 20
-883.9395204819273
 30
0
 11
36493.29531000351
 21
-880.9395204819273
 31
0
 12
36494.29439318216
 22
-880.9395204819273
 32
0
 13
36494.29439318216
 23
-880.9395204819273
 33
0
  0
LINE
  5
B7
100
AcDbEntity
  8
hatch
  6
ByBlock
 62
  256
370
   -1
100
AcDbLine
 10
36531.06845964174
 20
-423.9395204819273
 11
36490.79485159284
 21
-423.9395204819273
  0
LINE
  5
B8
100
AcDbEntity
  8
hatch
  6
ByBlock
 62
  256
370
   -1
100
AcDbLine
 10
36665.06845964174
 20
-883.9395204819273
 11
36490.79485159284
 21
-883.9395204819273
  0
ENDBLK
  5
70
330
6E
100
AcDbEntity
  8
0
100
AcDbBlockEnd
  0
BLOCK
  5
72
330
71
100
AcDbEntity
  8
0
100
AcDbBlockBegin
  2
*D9
 70
    1
 10
0
 20
0
  3
*D9
  1

  0
LINE
  5
B9
100
AcDbEntity
  8
hatch
  6
ByBlock
 62
  256
370
   -1
100
AcDbLine
 10
36666.31314333927
 20
-541.4141158914135
 11
36522.31314333927
 21
-541.4141158914135
  0
MTEXT
  5
BA
100
AcDbEntity
  8
hatch
  6
CONTINUOUS
 62
    7
370
   -2
100
AcDbMText
 10
36594.31314333927
 20
-541.4141158914135
 30
0
 40
6
 41
28
 71
    5
 72
    1
  1
144'-0"
  7
plan
210
0
220
0
230
1
 50
0
 73
    2
 44
1
  0
SOLID
  5
BB
100
AcDbEntity
  8
hatch
  6
ByBlock
 62
  256
370
   -1
100
AcDbTrace
 10
36666.31314333927
 20
-541.4141158914135
 30
0
 11
36663.31314333927
 21
-541.913657480741
 31
0
 12
36663.31314333927
 22
-540.9145743020861
 32
0
 13
36663.31314333927
 23
-540.9145743020861
 33
0
  0
SOLID
  5
BC
100
AcDbEntity
  8
hatch
  6
ByBlock
 62
  256
370
   -1
100
AcDbTrace
 10
36522.31314333927
 20
-541.4141158914135
 30
0
 11
36525.31314333927
 21
-540.9145743020861
 31
0
 12
36525.31314333927
 22
-541.913657480741
 32
0
 13
36525.31314333927
 23
-541.913657480741
 33
0
  0
LINE
  5
BD
100
AcDbEntity
  8
hatch
  6
ByBlock
 62
  256
370
   -1
100
AcDbLine
 10
36666.31314333927
 20
-542.4817807853542
 11
36666.31314333927
 21
-544.4141158914135
  0
LINE
  5
BE
100
AcDbEntity
  8
hatch
  6
ByBlock
 62
  256
370
   -1
100
AcDbLine
 10
36522.31314333927
 20
-542.4817807853542
 11
36522.31314333927
 21
-544.4141158914135
  0
ENDBLK
  5
73
330
71
100
AcDbEntity
  8
0
100
AcDbBlockEnd
  0
BLOCK
  5
75
330
74
100
AcDbEntity
  8
0
100
AcDbBlockBegin
  2
*D4
 70
    1
 10
0
 20
0
  3
*D4
  1

  0
LINE
  5
BF
100
AcDbEntity
  8
hatch
  6
ByBlock
 62
  256
370
   -1
100
AcDbLine
 10
36771.31314333927
 20
-706.6579644240555
 11
36671.31314333927
 21
-706.6579644240555
  0
MTEXT
  5
C0
100
AcDbEntity
  8
hatch
  6
CONTINUOUS
 62
    7
370
   -2
100
AcDbMText
 10
36721.31314333927
 20
-706.6579644240555
 30
0
 40
6
 41
26.66666666666666
 71
    5
 72
    1
  1
100'-0"
  7
plan
210
0
220
0
230
1
 50
0
 73
    2
 44
1
  0
SOLID
  5
C1
100
AcDbEntity
  8
hatch
  6
ByBlock
 62
  256
370
   -1
100
AcDbTrace
 10
36771.31314333927
 20
-706.6579644240555
 30
0
 11
36768.31314333927
 21
-707.157506013383
 31
0
 12
36768.31314333927
 22
-706.1584228347281
 32
0
 13
36768.31314333927
 23
-706.1584228347281
 33
0
  0
SOLID
  5
C2
100
AcDbEntity
  8
hatch
  6
ByBlock
 62
  256
370
   -1
100
AcDbTrace
 10
36671.31314333927
 20
-706.6579644240555
 30
0
 11
36674.31314333927
 21
-706.1584228347281
 31
0
 12
36674.31314333927
 22
-707.157506013383
 32
0
 13
36674.31314333927
 23
-707.157506013383
 33
0
  0
LINE
  5
C3
100
AcDbEntity
  8
hatch
  6
ByBlock
 62
  256
370
   -1
100
AcDbLine
 10
36771.31314333927
 20
-709.7869782690104
 11
36771.31314333927
 21
-709.6579644240555
  0
LINE
  5
C4
100
AcDbEntity
  8
hatch
  6
ByBlock
 62
  256
370
   -1
100
AcDbLine
 10
36671.31314333927
 20
-704.9395204819266
 11
36671.31314333927
 21
-709.6579644240555
  0
ENDBLK
  5
76
330
74
100
AcDbEntity
  8
0
100
AcDbBlockEnd
  0
BLOCK
  5
78
330
77
100
AcDbEntity
  8
0
100
AcDbBlockBegin
  2
*D3
 70
    1
 10
0
 20
0
  3
*D3
  1

  0
LINE
  5
C5
100
AcDbEntity
  8
hatch
  6
ByBlock
 62
  256
370
   -1
100
AcDbLine
 10
36776.31314333927
 20
-705.7869782690104
 11
36920.31314333927
 21
-705.7869782690104
  0
MTEXT
  5
C6
100
AcDbEntity
  8
hatch
  6
CONTINUOUS
 62
    7
370
   -2
100
AcDbMText
 10
36848.31314333927
 20
-705.7869782690104
 30
0
 40
6
 41
28
 71
    5
 72
    1
  1
144'-0"
  7
plan
210
0
220
0
230
1
 50
0
 73
    2
 44
1
  0
SOLID
  5
C7
100
AcDbEntity
  8
hatch
  6
ByBlock
 62
  256
370
   -1
100
AcDbTrace
 10
36776.31314333927
 20
-705.7869782690104
 30
0
 11
36779.31314333927
 21
-705.287436679683
 31
0
 12
36779.31314333927
 22
-706.2865198583379
 32
0
 13
36779.31314333927
 23
-706.2865198583379
 33
0
  0
SOLID
  5
C8
100
AcDbEntity
  8
hatch
  6
ByBlock
 62
  256
370
   -1
100
AcDbTrace
 10
36920.31314333927
 20
-705.7869782690104
 30
0
 11
36917.31314333927
 21
-706.2865198583379
 31
0
 12
36917.31314333927
 22
-705.287436679683
 32
0
 13
36917.31314333927
 23
-705.287436679683
 33
0
  0
LINE
  5
C9
100
AcDbEntity
  8
hatch
  6
ByBlock
 62
  256
370
   -1
100
AcDbLine
 10
36776.31314333927
 20
-708.9159921139653
 11
36776.31314333927
 21
-708.7869782690104
  0
LINE
  5
CA
100
AcDbEntity
  8
hatch
  6
ByBlock
 62
  256
370
   -1
100
AcDbLine
 10
36920.31314333927
 20
-708.9159921139496
 11
36920.31314333927
 21
-708.7869782690104
  0
ENDBLK
  5
79
330
77
100
AcDbEntity
  8
0
100
AcDbBlockEnd
  0
BLOCK
  5
7B
330
7A
100
AcDbEntity
  8
0
100
AcDbBlockBegin
  2
*D5
 70
    1
 10
0
 20
0
  3
*D5
  1

  0
LINE
  5
CB
100
AcDbEntity
  8
hatch
  6
ByBlock
 62
  256
370
   -1
100
AcDbLine
 10
36666.31314333927
 20
-707.2286382051534
 11
36522.31314333928
 21
-707.2286382051534
  0
MTEXT
  5
CC
100
AcDbEntity
  8
hatch
  6
CONTINUOUS
 62
    7
370
   -2
100
AcDbMText
 10
36594.31314333928
 20
-707.2286382051534
 30
0
 40
6
 41
28
 71
    5
 72
    1
  1
144'-0"
  7
plan
210
0
220
0
230
1
 50
0
 73
    2
 44
1
  0
SOLID
  5
CD
100
AcDbEntity
  8
hatch
  6
ByBlock
 62
  256
370
   -1
100
AcDbTrace
 10
36666.31314333927
 20
-707.2286382051534
 30
0
 11
36663.31314333927
 21
-707.7281797944809
 31
0
 12
36663.31314333927
 22
-706.7290966158259
 32
0
 13
36663.31314333927
 23
-706.7290966158259
 33
0
  0
SOLID
  5
CE
100
AcDbEntity
  8
hatch
  6
ByBlock
 62
  256
370
   -1
100
AcDbTrace
 10
36522.31314333928
 20
-707.2286382051534
 30
0
 11
36525.31314333928
 21
-706.7290966158259
 31
0
 12
36525.31314333928
 22
-707.7281797944809
 32
0
 13
36525.31314333928
 23
-707.7281797944809
 33
0
  0
LINE
  5
CF
100
AcDbEntity
  8
hatch
  6
ByBlock
 62
  256
370
   -1
100
AcDbLine
 10
36666.31314333927
 20
-699.9395204819268
 11
36666.31314333927
 21
-710.2286382051534
  0
LINE
  5
D0
100
AcDbEntity
  8
hatch
  6
ByBlock
 62
  256
370
   -1
100
AcDbLine
 10
36522.31314333928
 20
-699.9395204819273
 11
36522.31314333928
 21
-710.2286382051534
  0
ENDBLK
  5
7C
330
7A
100
AcDbEntity
  8
0
100
AcDbBlockEnd
  0
BLOCK
  5
7E
330
7D
100
AcDbEntity
  8
0
100
AcDbBlockBegin
  2
_Dot
 70
    0
 10
0
 20
0
  3
_Dot
  1

  0
LWPOLYLINE
  5
D1
100
AcDbEntity
  8
0
  6
ByBlock
 62
    0
370
   -1
100
AcDbPolyline
 90
    2
 70
    1
 43
0
 10
-0.25
 20
3.061616997868383e-17
 42
0.9999999999999999
 10
0.25
 20
0
 42
0.9999999999999999
  0
LINE
  5
D2
100
AcDbEntity
  8
0
  6
ByBlock
 62
    0
370
   -2
100
AcDbLine
 10
-0.5
 20
0
 11
-1
 21
0
  0
ENDBLK
  5
7F
330
7D
100
AcDbEntity
  8
0
100
AcDbBlockEnd
  0
BLOCK
  5
81
330
80
100
AcDbEntity
  8
0
100
AcDbBlockBegin
  2
DOOR40
 70
    0
 10
0
 20
0
  3
DOOR40
  1

  0
LWPOLYLINE
  5
D3
100
AcDbEntity
  8
DOOR
  6
ByLayer
 62
  256
370
   -1
100
AcDbPolyline
 90
    7
 70
    0
 43
0
 10
2
 20
5
 10
2
 20
3.5
 10
2.5
 20
3.5
 10
2.5
 20
0
 10
0
 20
0
 10
0
 20
5
 10
2
 20
5
  0
LWPOLYLINE
  5
D4
100
AcDbEntity
  8
DOOR
  6
ByLayer
 62
  256
370
   -1
100
AcDbPolyline
 90
    7
 70
    0
 43
0
 10
38
 20
5
 10
38
 20
3.5
 10
37.5
 20
3.5
 10
37.5
 20
0
 10
40
 20
0
 10
40
 20
5
 10
38
 20
5
  0
LINE
  5
D5
100
AcDbEntity
  8
DOOR
  6
ByLayer
 62
  256
370
   -1
100
AcDbLine
 10
2
 20
5
 11
2
 21
40.99999999999977
  0
LINE
  5
D6
100
AcDbEntity
  8
DOOR
  6
ByLayer
 62
  256
370
   -1
100
AcDbLine
 10
3.5
 20
5
 11
3.500000000003638
 21
40.96873642484502
  0
LINE
  5
D7
100
AcDbEntity
  8
DOOR
  6
ByLayer
 62
  256
370
   -1
100
AcDbLine
 10
2
 20
5
 11
3.5
 21
5
  0
ARC
  5
D8
100
AcDbEntity
  8
DOOR
  6
ByLayer
 62
  256
370
   -1
100
AcDbCircle
 10
2
 20
5
 40
36
100
AcDbArc
 50
0
 51
90
  0
ENDBLK
  5
82
330
80
100
AcDbEntity
  8
0
100
AcDbBlockEnd
  0
BLOCK
  5
84
330
83
100
AcDbEntity
  8
0
100
AcDbBlockBegin
  2
A$C64AA05FE
 70
    0
 10
0
 20
0
  3
A$C64AA05FE
  1

  0
ARC
  5
D9
100
AcDbEntity
  8
FUR
  6
ByLayer
 62
   30
370
   -1
100
AcDbCircle
 10
4.347723644070356
 20
1.83022549748091
 40
1.745939511078038
100
AcDbArc
 50
259.2480456460191
 51
339.4059441813255
  0
ARC
  5
DA
100
AcDbEntity
  8
FUR
  6
ByLayer
 62
   30
370
   -1
100
AcDbCircle
 10
4.580357597678812
 20
18.52827266087513
 40
1.745939511078038
100
AcDbArc
 50
18.99769172631316
 51
99.15559026155806
  0
LINE
  5
DB
100
AcDbEntity
  8
FUR
  6
ByLayer
 62
   30
370
   -1
100
AcDbLine
 10
0.0094164366710174
 20
14.8839235346353
 11
0.1197413237860019
 21
5.35406651226765
  0
ARC
  5
DC
100
AcDbEntity
  8
FUR
  6
ByLayer
 62
   30
370
   -1
100
AcDbCircle
 10
4.76578405384862
 20
4.741754326391288
 40
4.686218012697843
100
AcDbArc
 50
172.4921322371654
 51
260.8676136586579
  0
ARC
  5
DD
100
AcDbEntity
  8
FUR
  6
ByLayer
 62
   30
370
   -1
100
AcDbCircle
 10
5.116767038711259
 20
15.20003741483777
 40
5.117124012311482
100
AcDbArc
 50
99.15559026155806
 51
183.5417415923794
  0
ARC
  5
DE
100
AcDbEntity
  8
FUR
  6
ByLayer
 62
   30
370
   -1
100
AcDbCircle
 10
5.046571479157137
 20
10.15084515668821
 40
13.58885032018307
100
AcDbArc
 50
339.7256801689616
 51
15.7180097797804
  0
ARC
  5
DF
100
AcDbEntity
  8
FUR
  6
ByLayer
 62
   30
370
   -1
100
AcDbCircle
 10
4.921029027031182
 20
10.17288240534651
 40
13.4685388907141
100
AcDbArc
 50
339.7597961280311
 51
18.64383977954438
  0
ARC
  5
E0
100
AcDbEntity
  8
FUR
  6
ByLayer
 62
   30
370
   -1
100
AcDbCircle
 10
6.169236320762138
 20
10.13548790959283
 40
10.25972968741664
100
AcDbArc
 50
309.6116634892381
 51
49.31520251110173
  0
ARC
  5
E1
100
AcDbEntity
  8
FUR
  6
ByLayer
 62
   30
370
   -1
100
AcDbCircle
 10
4.965254906132031
 20
10.17226625897854
 40
14.95430591117133
100
AcDbArc
 50
340.052608655419
 51
18.3510272522182
  0
ARC
  5
E2
100
AcDbEntity
  8
FUR
  6
ByLayer
 62
   30
370
   -1
100
AcDbCircle
 10
14.26751896523638
 20
6.508334931186596
 40
3.764326887465982
100
AcDbArc
 50
301.0792312219046
 51
343.1750960254683
  0
ARC
  5
E3
100
AcDbEntity
  8
FUR
  6
ByLayer
 62
   30
370
   -1
100
AcDbCircle
 10
14.26751896523638
 20
6.508334931186596
 40
3.437520677722433
100
AcDbArc
 50
287.2693871070273
 51
343.1750960254683
  0
ARC
  5
E4
100
AcDbEntity
  8
FUR
  6
ByLayer
 62
   30
370
   -1
100
AcDbCircle
 10
14.26751896523638
 20
6.508334931186596
 40
4.967517869086151
100
AcDbArc
 50
305.590957928761
 51
343.1750960254683
  0
ARC
  5
E5
100
AcDbEntity
  8
FUR
  6
ByLayer
 62
   30
370
   -1
100
AcDbCircle
 10
9.130352414667868
 20
15.33898931947294
 40
13.83439606323583
100
AcDbArc
 50
265.3493181507434
 51
296.7724826853392
  0
ARC
  5
E6
100
AcDbEntity
  8
FUR
  6
ByLayer
 62
   30
370
   -1
100
AcDbCircle
 10
9.132933989490994
 20
15.34402094215727
 40
13.59178389016618
100
AcDbArc
 50
265.4573353143643
 51
296.9267990158216
  0
ARC
  5
E7
100
AcDbEntity
  8
FUR
  6
ByLayer
 62
   30
370
   -1
100
AcDbCircle
 10
16.388203447048
 20
2.989953196487818
 40
0.3437520677722433
100
AcDbArc
 50
121.0792312219046
 51
242.9757162612117
  0
ARC
  5
E8
100
AcDbEntity
  8
FUR
  6
ByLayer
 62
   30
370
   -1
100
AcDbCircle
 10
18.37414131826517
 20
6.883495314232619
 40
4.924498400164897
100
AcDbArc
 50
232.290621383561
 51
246.9362459019548
  0
ARC
  5
E9
100
AcDbEntity
  8
FUR
  6
ByLayer
 62
   30
370
   -1
100
AcDbCircle
 10
13.08508991944473
 20
-5.331129539077324
 40
8.551148068338851
100
AcDbArc
 50
126.4168672621682
 51
134.9699863505619
  0
ARC
  5
EA
100
AcDbEntity
  8
FUR
  6
ByLayer
 62
   30
370
   -1
100
AcDbCircle
 10
7.335284031625633
 20
0.3730158743968559
 40
1.594341378103196
100
AcDbArc
 50
63.10701040478659
 51
148.0757061708485
  0
ARC
  5
EB
100
AcDbEntity
  8
FUR
  6
ByLayer
 62
   30
370
   -1
100
AcDbCircle
 10
16.95852589807146
 20
2.748322714080473
 40
0.3437520677722433
100
AcDbArc
 50
251.1021158961756
 51
305.590957928761
  0
ARC
  5
EC
100
AcDbEntity
  8
FUR
  6
ByLayer
 62
   30
370
   -1
100
AcDbCircle
 10
18.37414131826517
 20
6.883495314232619
 40
4.714520816065674
100
AcDbArc
 50
242.9757162612117
 51
251.1021158961756
  0
ARC
  5
ED
100
AcDbEntity
  8
FUR
  6
ByLayer
 62
   30
370
   -1
100
AcDbCircle
 10
16.31027706829991
 20
2.036338688882438
 40
0.3437520677722433
100
AcDbArc
 50
289.2295863074959
 51
66.93624590195482
  0
ARC
  5
EE
100
AcDbEntity
  8
FUR
  6
ByLayer
 62
   30
370
   -1
100
AcDbCircle
 10
7.284625438540388
 20
0.4754151232813228
 40
0.3437520677722433
100
AcDbArc
 50
134.9699863505619
 51
257.3647557324139
  0
ARC
  5
EF
100
AcDbEntity
  8
FUR
  6
ByLayer
 62
   30
370
   -1
100
AcDbCircle
 10
9.300589998267242
 20
15.67440137212213
 40
15.67453169423322
100
AcDbArc
 50
262.3332426447335
 51
297.0279611048667
  0
ARC
  5
F0
100
AcDbEntity
  8
FUR
  6
ByLayer
 62
   30
370
   -1
100
AcDbCircle
 10
14.36597916552455
 20
13.57563118196811
 40
4.967517869086151
100
AcDbArc
 50
15.22853988214525
 51
52.81267797886367
  0
ARC
  5
F1
100
AcDbEntity
  8
FUR
  6
ByLayer
 62
   30
370
   -1
100
AcDbCircle
 10
14.36597916552455
 20
13.57563118196811
 40
3.764326887465982
100
AcDbArc
 50
4.809785164577015
 51
57.3244046857366
  0
ARC
  5
F2
100
AcDbEntity
  8
FUR
  6
ByLayer
 62
   30
370
   -1
100
AcDbCircle
 10
14.36597916552455
 20
13.57563118196811
 40
3.437520677722433
100
AcDbArc
 50
15.22853988214525
 51
71.1342488006551
  0
ARC
  5
F3
100
AcDbEntity
  8
FUR
  6
ByLayer
 62
   30
370
   -1
100
AcDbCircle
 10
13.51383526482823
 20
25.44344092777862
 40
8.551148068338851
100
AcDbArc
 50
223.4336495570589
 51
231.9867686454698
  0
ARC
  5
F4
100
AcDbEntity
  8
FUR
  6
ByLayer
 62
   30
370
   -1
100
AcDbCircle
 10
7.553862121138081
 20
19.80074040084253
 40
0.3437520677722433
100
AcDbArc
 50
101.0388801752335
 51
223.4336495570589
  0
ARC
  5
F5
100
AcDbEntity
  8
FUR
  6
ByLayer
 62
   30
370
   -1
100
AcDbCircle
 10
16.53252623071967
 20
17.9889842012675
 40
0.3437520677722433
100
AcDbArc
 50
291.4673900056995
 51
69.17404960007703
  0
ARC
  5
F6
100
AcDbEntity
  8
FUR
  6
ByLayer
 62
   30
370
   -1
100
AcDbCircle
 10
17.16068886850371
 20
17.25921745913763
 40
0.3437520677722433
100
AcDbArc
 50
52.81267797886367
 51
107.3015200114097
  0
ARC
  5
F7
100
AcDbEntity
  8
FUR
  6
ByLayer
 62
   30
370
   -1
100
AcDbCircle
 10
16.58385637676474
 20
17.0335689168536
 40
0.3437520677722433
100
AcDbArc
 50
115.4279196463546
 51
237.3244046857366
  0
ARC
  5
F8
100
AcDbEntity
  8
FUR
  6
ByLayer
 62
   30
370
   -1
100
AcDbCircle
 10
18.46055638158941
 20
13.08621327756225
 40
4.714520816065674
100
AcDbArc
 50
107.3015200114058
 51
115.4279196463546
  0
ARC
  5
F9
100
AcDbEntity
  8
FUR
  6
ByLayer
 62
   30
370
   -1
100
AcDbCircle
 10
18.46055638158941
 20
13.08621327756225
 40
4.924498400164897
100
AcDbArc
 50
111.4673900056995
 51
126.1130145241165
  0
ARC
  5
FA
100
AcDbEntity
  8
FUR
  6
ByLayer
 62
   30
370
   -1
100
AcDbCircle
 10
8.98480024798846
 20
4.891516342122827
 40
13.83439606323555
100
AcDbArc
 50
61.63115322231875
 51
93.05431775686998
  0
ARC
  5
FB
100
AcDbEntity
  8
FUR
  6
ByLayer
 62
   30
370
   -1
100
AcDbCircle
 10
8.987240648886655
 20
4.886414754273915
 40
13.59178389016592
100
AcDbArc
 50
61.47683689174038
 51
92.94630059327312
  0
ARC
  5
FC
100
AcDbEntity
  8
FUR
  6
ByLayer
 62
   30
370
   -1
100
AcDbCircle
 10
7.607353712110125
 20
19.90168864958503
 40
1.594341378103208
100
AcDbArc
 50
210.3279297367418
 51
295.2966255027745
  0
ARC
  5
FD
100
AcDbEntity
  8
FUR
  6
ByLayer
 62
   30
370
   -1
100
AcDbCircle
 10
9.145627782136216
 20
4.551491954491553
 40
15.67453169423328
100
AcDbArc
 50
61.37567480274992
 51
96.07039326285026
  0
ARC
  5
FE
100
AcDbEntity
  8
FUR
  6
ByLayer
 62
   30
370
   -1
100
AcDbCircle
 10
18.45959174229574
 20
13.92008549500713
 40
0.3437520677722433
100
AcDbArc
 50
184.809785164577
 51
194.8292285937887
  0
ENDBLK
  5
85
330
83
100
AcDbEntity
  8
0
100
AcDbBlockEnd
  0
BLOCK
  5
87
330
86
100
AcDbEntity
  8
0
100
AcDbBlockBegin
  2
_ArchTick
 70
    0
 10
0
 20
0
  3
_ArchTick
  1

  0
LWPOLYLINE
  5
FF
100
AcDbEntity
  8
0
  6
ByBlock
 62
    0
370
   -1
100
AcDbPolyline
 90
    2
 70
    0
 43
0
 10
-0.5
 20
-0.5
 10
0.5
 20
0.5
  0
ENDBLK
  5
88
330
86
100
AcDbEntity
  8
0
100
AcDbBlockEnd
  0
BLOCK
  5
8A
330
89
100
AcDbEntity
  8
0
100
AcDbBlockBegin
  2
A$C625a09c8
 70
    0
 10
0
 20
0
  3
A$C625a09c8
  1

  0
ARC
  5
100
100
AcDbEntity
  8
FURN
  6
ByLayer
 62
  256
370
   -1
100
AcDbCircle
 10
8.049295307377179
 20
23.51821020373876
 40
6.429308357938145
100
AcDbArc
 50
266.3715658508289
 51
282.2561728934731
  0
ARC
  5
101
100
AcDbEntity
  8
FURN
  6
ByLayer
 62
  256
370
   -1
100
AcDbCircle
 10
9.542866009160207
 20
15.40033562577224
 40
1.839611615414575
100
AcDbArc
 50
94.01290386101093
 51
139.5810978301151
  0
LWPOLYLINE
  5
102
100
AcDbEntity
  8
FURN
  6
ByLayer
 62
  256
370
   -1
100
AcDbPolyline
 90
    4
 70
    0
 43
0
 10
3.95947534444349
 20
18.76396477543062
 10
3.95947534444349
 20
18.41194717058158
 10
15.7787184600711
 20
18.41194717058158
 10
15.7787184600711
 20
18.76396477543062
  0
ARC
  5
103
100
AcDbEntity
  8
FURN
  6
ByLayer
 62
  256
370
   -1
100
AcDbCircle
 10
7.444606007287803
 20
7.529133055414377
 40
7.232877102657498
100
AcDbArc
 50
74.03692794056504
 51
110.3493486442045
  0
LINE
  5
104
100
AcDbEntity
  8
dwgmodels.com
  6
ByLayer
 62
  183
370
   -1
100
AcDbLine
 10
8.115414170384611
 20
1.416177944085803
 11
8.083540511277533
 21
0.8437308800626511
  0
LWPOLYLINE
  5
105
100
AcDbEntity
  8
dwgmodels.com
  6
ByLayer
 62
  183
370
   -1
100
AcDbPolyline
 90
    5
 70
    0
 43
0
 10
3.838281302963878
 20
9.502097135783004
 10
2.078300863366167
 20
9.502097135783004
 10
2.078300863366167
 20
1.902807080975265
 10
9.646768750411866
 20
1.902807080975265
 10
9.646768750411866
 20
3.51925570144374
  0
LWPOLYLINE
  5
106
100
AcDbEntity
  8
dwgmodels.com
  6
ByLayer
 62
  183
370
   -1
100
AcDbPolyline
 90
    5
 70
    0
 43
0
 10
3.838281302963878
 20
9.988726272672466
 10
1.591671726040659
 20
9.988726272672466
 10
1.591671726040659
 20
1.416177944085803
 10
10.13339788773737
 20
1.416177944085803
 10
10.13339788773737
 20
3.51925570144374
  0
LWPOLYLINE
  5
107
100
AcDbEntity
  8
dwgmodels.com
  6
ByLayer
 62
  183
370
   -1
100
AcDbPolyline
 90
    3
 70
    0
 43
0
 10
2.321615432032559
 20
9.258782567338301
 10
2.321615432032559
 20
2.146121649529277
 10
9.403454181745474
 20
2.146121649529277
  0
ARC
  5
108
100
AcDbEntity
  8
dwgmodels.com
  6
ByLayer
 62
  256
370
   -1
100
AcDbCircle
 10
9.846048426068592
 20
-5.638649904882016
 40
17.81325544848426
100
AcDbArc
 50
71.05766045513134
 51
108.9423395448687
  0
ARC
  5
109
100
AcDbEntity
  8
dwgmodels.com
  6
ByLayer
 62
  256
370
   -1
100
AcDbCircle
 10
13.60033189602473
 20
1.509914365406757
 40
9.909798015415991
100
AcDbArc
 50
78.19008945014234
 51
164.2291889944024
  0
LWPOLYLINE
  5
10A
100
AcDbEntity
  8
FURN
  6
ByLayer
 62
   30
420
16292126
370
   -1
100
AcDbPolyline
 90
    4
 70
    0
 43
0
 10
15.85381554917694
 20
18.76396477543062
 10
15.85381554917694
 20
3.51925570144374
 10
3.838281302963878
 20
3.51925570144374
 10
3.838281302963878
 20
18.76396477543062
  0
LWPOLYLINE
  5
10B
100
AcDbEntity
  8
FURN
  6
ByLayer
 62
  256
370
   -1
100
AcDbPolyline
 90
    6
 70
    0
 43
0
 10
15.62852428186306
 20
18.29985119891063
 10
15.62852428186306
 20
4.120032413732531
 42
-0.4142135623731114
 10
15.25303883634115
 20
3.744546968538374
 10
4.439058015796036
 20
3.744546968538373
 42
-0.4142135623731104
 10
4.063572570274118
 20
4.120032413732531
 10
4.063572570274118
 20
18.29985119891063
  0
LINE
  5
10C
100
AcDbEntity
  8
FURN
  6
ByLayer
 62
   30
420
16292126
370
   -1
100
AcDbLine
 10
15.85381554917694
 20
18.76396477543062
 11
3.838281302963878
 21
18.76396477543062
  0
ARC
  5
10D
100
AcDbEntity
  8
FURN
  6
ByLayer
 62
  256
370
   -1
100
AcDbCircle
 10
10.41700945032426
 20
8.926645170106553
 40
5.290462079227955
100
AcDbArc
 50
281.6165509542512
 51
350.0893789074364
  0
ARC
  5
10E
100
AcDbEntity
  8
dwgmodels.com
  6
ByLayer
 62
  256
370
   -1
100
AcDbCircle
 10
11.77124327023557
 20
6.059930571545237
 40
2.019909441876073
100
AcDbArc
 50
314.8951845812641
 51
12.88442716534872
  0
ARC
  5
10F
100
AcDbEntity
  8
dwgmodels.com
  6
ByLayer
 62
  256
370
   -1
100
AcDbCircle
 10
11.31100412322849
 20
5.693287715274892
 40
1.956254917810256
100
AcDbArc
 50
275.0234789634206
 51
26.5164631753512
  0
LINE
  5
110
100
AcDbEntity
  8
dwgmodels.com
  6
ByLayer
 62
  183
370
   -1
100
AcDbLine
 10
10.18357975945401
 20
1.303870307056854
 11
10.50483090873604
 21
0.9299210401394475
  0
LINE
  5
111
100
AcDbEntity
  8
dwgmodels.com
  6
ByLayer
 62
  183
370
   -1
100
AcDbLine
 10
10.21151473508871
 20
1.354102103966454
 11
10.67404538973642
 21
1.091538827325564
  0
LINE
  5
112
100
AcDbEntity
  8
dwgmodels.com
  6
ByLayer
 62
  183
370
   -1
100
AcDbLine
 10
10.13781913531784
 20
1.416177944085803
 11
10.67311118620273
 21
1.308957540626693
  0
LINE
  5
113
100
AcDbEntity
  8
dwgmodels.com
  6
ByLayer
 62
  183
370
   -1
100
AcDbLine
 10
9.71908150150557
 20
1.416177944085803
 11
9.782828818850248
 21
0.8755304417571779
  0
LINE
  5
114
100
AcDbEntity
  8
dwgmodels.com
  6
ByLayer
 62
  183
370
   -1
100
AcDbLine
 10
10.13339788773737
 20
1.416177944085803
 11
10.19714520508205
 21
0.8755304417571779
  0
LINE
  5
115
100
AcDbEntity
  8
dwgmodels.com
  6
ByLayer
 62
  183
370
   -1
100
AcDbLine
 10
9.942155933080357
 20
1.41175669606821
 11
9.878449796178757
 21
0.8755304417571779
  0
LINE
  5
116
100
AcDbEntity
  8
dwgmodels.com
  6
ByLayer
 62
  183
370
   -1
100
AcDbLine
 10
9.527880728168384
 20
1.416177944085803
 11
9.496007069057669
 21
0.8437308800626511
  0
LINE
  5
117
100
AcDbEntity
  8
dwgmodels.com
  6
ByLayer
 62
  183
370
   -1
100
AcDbLine
 10
9.336679954827559
 20
1.416177944085803
 11
9.304806295720482
 21
0.8437308800626511
  0
LINE
  5
118
100
AcDbEntity
  8
dwgmodels.com
  6
ByLayer
 62
  183
370
   -1
100
AcDbLine
 10
8.784637467731955
 20
1.416177944085803
 11
8.784637467731955
 21
0.8755304417571779
  0
LINE
  5
119
100
AcDbEntity
  8
dwgmodels.com
  6
ByLayer
 62
  183
370
   -1
100
AcDbLine
 10
9.209185318388336
 20
1.416177944085803
 11
9.177311660154373
 21
0.8437308800626511
  0
LINE
  5
11A
100
AcDbEntity
  8
dwgmodels.com
  6
ByLayer
 62
  183
370
   -1
100
AcDbLine
 10
9.017984545924264
 20
1.416177944085803
 11
9.017984545924264
 21
0.9073300034516478
  0
LINE
  5
11B
100
AcDbEntity
  8
dwgmodels.com
  6
ByLayer
 62
  183
370
   -1
100
AcDbLine
 10
8.179161488606042
 20
1.416177944085803
 11
8.179161488606042
 21
0.8755304417571779
  0
LINE
  5
11C
100
AcDbEntity
  8
dwgmodels.com
  6
ByLayer
 62
  183
370
   -1
100
AcDbLine
 10
8.593436693518015
 20
1.416177944085803
 11
8.593436693518015
 21
0.8755304417571779
  0
LINE
  5
11D
100
AcDbEntity
  8
dwgmodels.com
  6
ByLayer
 62
  183
370
   -1
100
AcDbLine
 10
8.370362261943228
 20
1.416177944085803
 11
8.370362261943228
 21
0.8755304417571779
  0
LINE
  5
11E
100
AcDbEntity
  8
dwgmodels.com
  6
ByLayer
 62
  183
370
   -1
100
AcDbLine
 10
10.13339788773737
 20
2.9891116124777
 11
10.67404538973642
 21
2.9891116124777
  0
LINE
  5
11F
100
AcDbEntity
  8
dwgmodels.com
  6
ByLayer
 62
  183
370
   -1
100
AcDbLine
 10
10.13339788773737
 20
2.925364294586359
 11
10.70584495132425
 21
2.893490635586033
  0
LINE
  5
120
100
AcDbEntity
  8
dwgmodels.com
  6
ByLayer
 62
  183
370
   -1
100
AcDbLine
 10
10.13339788773737
 20
3.25579569928351
 11
10.67404538973642
 21
3.25579569928351
  0
LINE
  5
121
100
AcDbEntity
  8
dwgmodels.com
  6
ByLayer
 62
  183
370
   -1
100
AcDbLine
 10
10.13339788773737
 20
3.116565067924796
 11
10.67404538973642
 21
3.180312385816194
  0
LINE
  5
122
100
AcDbEntity
  8
dwgmodels.com
  6
ByLayer
 62
  183
370
   -1
100
AcDbLine
 10
10.13339788773737
 20
1.959672591618016
 11
10.67404538973642
 21
2.023419909509414
  0
LINE
  5
123
100
AcDbEntity
  8
dwgmodels.com
  6
ByLayer
 62
  183
370
   -1
100
AcDbLine
 10
10.13339788773737
 20
2.336459599811462
 11
10.67311118620273
 21
2.336459599811462
  0
LINE
  5
124
100
AcDbEntity
  8
dwgmodels.com
  6
ByLayer
 62
  183
370
   -1
100
AcDbLine
 10
10.13339788773737
 20
2.494575649514275
 11
10.67404538973642
 21
2.430344247533071
  0
LINE
  5
125
100
AcDbEntity
  8
dwgmodels.com
  6
ByLayer
 62
  183
370
   -1
100
AcDbLine
 10
10.26210892094241
 20
2.825457896658293
 11
10.67404538973642
 21
2.825457896658293
  0
LINE
  5
126
100
AcDbEntity
  8
dwgmodels.com
  6
ByLayer
 62
  183
370
   -1
100
AcDbLine
 10
10.13339788773737
 20
2.647762960834143
 11
10.67311118620273
 21
2.647762960834143
  0
LINE
  5
127
100
AcDbEntity
  8
dwgmodels.com
  6
ByLayer
 62
  183
370
   -1
100
AcDbLine
 10
10.25070751888416
 20
2.882673453977873
 11
10.70584495132425
 21
2.857331555658618
  0
LINE
  5
128
100
AcDbEntity
  8
dwgmodels.com
  6
ByLayer
 62
  183
370
   -1
100
AcDbLine
 10
10.19656500877318
 20
3.076888863908266
 11
10.70584495132425
 21
3.048532328997112
  0
LINE
  5
129
100
AcDbEntity
  8
dwgmodels.com
  6
ByLayer
 62
  183
370
   -1
100
AcDbLine
 10
10.13339788773737
 20
3.271606761226622
 11
10.67404538973642
 21
3.335354079227272
  0
LINE
  5
12A
100
AcDbEntity
  8
dwgmodels.com
  6
ByLayer
 62
  183
370
   -1
100
AcDbLine
 10
10.20017711533728
 20
1.562152936925941
 11
10.67404538973642
 21
1.505855213338464
  0
LINE
  5
12B
100
AcDbEntity
  8
dwgmodels.com
  6
ByLayer
 62
  183
370
   -1
100
AcDbLine
 10
10.13339788773737
 20
1.92214321368931
 11
10.67311118620273
 21
1.92214321368931
  0
LINE
  5
12C
100
AcDbEntity
  8
dwgmodels.com
  6
ByLayer
 62
  183
370
   -1
100
AcDbLine
 10
10.24254208377533
 20
1.723273926639536
 11
10.67311118620273
 21
1.723273926639536
  0
ARC
  5
12D
100
AcDbEntity
  8
dwgmodels.com
  6
ByLayer
 62
  256
370
   -1
100
AcDbCircle
 10
13.57632066826409
 20
8.652770998187293
 40
2.1486964399416
100
AcDbArc
 50
256.1365173257791
 51
342.7640024535654
  0
ARC
  5
12E
100
AcDbEntity
  8
dwgmodels.com
  6
ByLayer
 62
  256
370
   -1
100
AcDbCircle
 10
12.46283474332449
 20
6.042783362216881
 40
1.413298055701976
100
AcDbArc
 50
321.4661657854306
 51
11.64093500027731
  0
ARC
  5
12F
100
AcDbEntity
  8
dwgmodels.com
  6
ByLayer
 62
  256
370
   -1
100
AcDbCircle
 10
11.93656768977962
 20
6.522940115081497
 40
2.391225038728332
100
AcDbArc
 50
326.589705203936
 51
2.775316133789649
  0
ARC
  5
130
100
AcDbEntity
  8
FURN
  6
ByLayer
 62
  256
370
   -1
100
AcDbCircle
 10
14.64534024271416
 20
88.51495861763283
 40
74.032968403563
100
AcDbArc
 50
267.3165716907175
 51
269.7724086938062
  0
LINE
  5
131
100
AcDbEntity
  8
FURN
  6
ByLayer
 62
  256
370
   -1
100
AcDbLine
 10
15.62852428186306
 20
18.29985119891063
 11
4.063572570274118
 21
18.29985119891063
  0
LWPOLYLINE
  5
132
100
AcDbEntity
  8
FURN
  6
ByLayer
 62
  256
370
   -1
100
AcDbPolyline
 90
    2
 70
    0
 43
0
 10
13.95584674910787
 20
17.07825232366741
 42
-0.05340411299859043
 10
10.79691627456122
 20
17.18558199739226
 42
-0.05340411299859043
  0
ARC
  5
133
100
AcDbEntity
  8
FURN
  6
ByLayer
 62
  256
370
   -1
100
AcDbCircle
 10
12.2726656413688
 20
17.0458312249034
 40
2.316382130091473
100
AcDbArc
 50
341.3058141415549
 51
4.695159724196829
  0
ARC
  5
134
100
AcDbEntity
  8
FURN
  6
ByLayer
 62
  256
370
   -1
100
AcDbCircle
 10
26.71227434679167
 20
15.27299475463576
 40
12.28870751279765
100
AcDbArc
 50
170.8108198613142
 51
175.1901538258122
  0
ARC
  5
135
100
AcDbEntity
  8
FURN
  6
ByLayer
 62
  256
370
   -1
100
AcDbCircle
 10
13.73469372747059
 20
19.28106669385022
 40
2.213887939444435
100
AcDbArc
 50
275.7330382304104
 51
292.4821500625846
  0
ARC
  5
136
100
AcDbEntity
  8
FURN
  6
ByLayer
 62
  256
370
   -1
100
AcDbCircle
 10
14.71001281220015
 20
15.40033562577224
 40
1.839611615414575
100
AcDbArc
 50
94.01290386101093
 51
139.5810978301151
  0
ARC
  5
137
100
AcDbEntity
  8
FURN
  6
ByLayer
 62
  256
370
   -1
100
AcDbCircle
 10
13.12968962305604
 20
14.40142846706937
 40
1.459288977957638
100
AcDbArc
 50
354.110023533135
 51
53.42890246392999
  0
ARC
  5
138
100
AcDbEntity
  8
FURN
  6
ByLayer
 62
  256
370
   -1
100
AcDbCircle
 10
18.15913596071914
 20
15.27597139871779
 40
3.721594732748701
100
AcDbArc
 50
171.2929088693153
 51
195.9756967965507
  0
ARC
  5
139
100
AcDbEntity
  8
FURN
  6
ByLayer
 62
  256
370
   -1
100
AcDbCircle
 10
14.71001281220015
 20
16.08677986136559
 40
1.839611615414575
100
AcDbArc
 50
261.6583423855308
 51
265.9870961389891
  0
ARC
  5
13A
100
AcDbEntity
  8
FURN
  6
ByLayer
 62
  256
370
   -1
100
AcDbCircle
 10
14.60716743814919
 20
14.67858468958656
 40
0.4276907980343915
100
AcDbArc
 50
211.4588158733777
 51
266.5291459923153
  0
ARC
  5
13B
100
AcDbEntity
  8
FURN
  6
ByLayer
 62
  256
370
   -1
100
AcDbCircle
 10
32.19871022104053
 20
16.64687143432428
 40
17.73666992954318
100
AcDbArc
 50
181.1123550095313
 51
182.609458306144
  0
ARC
  5
13C
100
AcDbEntity
  8
FURN
  6
ByLayer
 62
  256
370
   -1
100
AcDbCircle
 10
14.71516906917532
 20
16.07844862598722
 40
0.3350607859482206
100
AcDbArc
 50
137.8286592946411
 51
225.5264042921725
  0
ARC
  5
13D
100
AcDbEntity
  8
FURN
  6
ByLayer
 62
  256
370
   -1
100
AcDbCircle
 10
14.36690766573156
 20
16.06556622942981
 40
0.7738217574643704
100
AcDbArc
 50
78.22069032002342
 51
132.5490891325968
  0
ARC
  5
13E
100
AcDbEntity
  8
FURN
  6
ByLayer
 62
  256
370
   -1
100
AcDbCircle
 10
14.69061693892581
 20
16.12306685449761
 40
0.7149802889081688
100
AcDbArc
 50
107.8616722251402
 51
156.1244312971758
  0
ARC
  5
13F
100
AcDbEntity
  8
FURN
  6
ByLayer
 62
  256
370
   -1
100
AcDbCircle
 10
15.62852428186306
 20
18.52514246600526
 40
0.2252912671033832
100
AcDbArc
 50
270
 51
0
  0
ARC
  5
140
100
AcDbEntity
  8
FURN
  6
ByLayer
 62
  256
370
   -1
100
AcDbCircle
 10
9.627518609435356
 20
16.55786362028437
 40
1.32722313878722
100
AcDbArc
 50
338.3017347144728
 51
28.22635995649274
  0
ARC
  5
141
100
AcDbEntity
  8
FURN
  6
ByLayer
 62
  256
370
   -1
100
AcDbCircle
 10
11.89358766537771
 20
16.59935299764351
 40
1.243524258056251
100
AcDbArc
 50
151.8731337594828
 51
216.2611200490873
  0
ARC
  5
142
100
AcDbEntity
  8
FURN
  6
ByLayer
 62
  256
370
   -1
100
AcDbCircle
 10
12.09696963162787
 20
16.30187132536747
 40
2.840631059355101
100
AcDbArc
 50
160.8133065138497
 51
186.5053069634689
  0
ARC
  5
143
100
AcDbEntity
  8
FURN
  6
ByLayer
 62
  256
370
   -1
100
AcDbCircle
 10
7.962542820016097
 20
17.08568702006846
 40
1.459288977957638
100
AcDbArc
 50
306.5710975360701
 51
5.889976466864948
  0
ARC
  5
144
100
AcDbEntity
  8
FURN
  6
ByLayer
 62
  256
370
   -1
100
AcDbCircle
 10
10.66744791423116
 20
16.22841169048905
 40
0.9658866665731952
100
AcDbArc
 50
19.0224557007069
 51
82.29683428558458
  0
ARC
  5
145
100
AcDbEntity
  8
FURN
  6
ByLayer
 62
  256
370
   -1
100
AcDbCircle
 10
9.577715201077808
 20
15.29397206684371
 40
1.377073556068574
100
AcDbArc
 50
343.7699555624797
 51
4.776715332788442
  0
ARC
  5
146
100
AcDbEntity
  8
FURN
  6
ByLayer
 62
  256
370
   -1
100
AcDbCircle
 10
11.84933260509206
 20
14.90000171043044
 40
1.143423517034392
100
AcDbArc
 50
146.9521873041996
 51
202.5533307199391
  0
ARC
  5
147
100
AcDbEntity
  8
FURN
  6
ByLayer
 62
  256
370
   -1
100
AcDbCircle
 10
11.17568044024665
 20
14.60369158690764
 40
0.3278362886191951
100
AcDbArc
 50
106.7005308541576
 51
196.6479432014597
  0
ARC
  5
148
100
AcDbEntity
  8
FURN
  6
ByLayer
 62
  256
370
   -1
100
AcDbCircle
 10
11.08998296049322
 20
14.1190237906639
 40
0.453038156305888
100
AcDbArc
 50
78.62976968094488
 51
130.9009409323365
  0
ARC
  5
149
100
AcDbEntity
  8
FURN
  6
ByLayer
 62
  256
370
   -1
100
AcDbCircle
 10
12.11224230236621
 20
15.90157893532029
 40
1.262448981140997
100
AcDbArc
 50
172.4632442471801
 51
202.9830351376349
  0
ARC
  5
14A
100
AcDbEntity
  8
FURN
  6
ByLayer
 62
  256
370
   -1
100
AcDbCircle
 10
11.73376024860772
 20
15.30486137257469
 40
2.47749040768948
100
AcDbArc
 50
176.4445883204249
 51
196.2045652587274
  0
ARC
  5
14B
100
AcDbEntity
  8
FURN
  6
ByLayer
 62
  256
370
   -1
100
AcDbCircle
 10
7.907607951772661
 20
14.35199845287127
 40
1.53178863042483
100
AcDbArc
 50
4.909953780344741
 51
52.88025221858135
  0
ARC
  5
14C
100
AcDbEntity
  8
FURN
  6
ByLayer
 62
  256
370
   -1
100
AcDbCircle
 10
8.950471615051356
 20
15.72754034046392
 40
0.4108945732882934
100
AcDbArc
 50
319.0979953724187
 51
37.91670997323407
  0
LINE
  5
14D
100
AcDbEntity
  8
dwgmodels.com
  6
ByLayer
 62
  183
370
   -1
100
AcDbLine
 10
7.541729489479621
 20
1.416177944085803
 11
7.605476807701052
 21
0.8755304417571779
  0
LINE
  5
14E
100
AcDbEntity
  8
dwgmodels.com
  6
ByLayer
 62
  183
370
   -1
100
AcDbLine
 10
7.918516497236851
 20
1.41175669606821
 11
7.918516497236851
 21
0.8764646454023364
  0
LINE
  5
14F
100
AcDbEntity
  8
dwgmodels.com
  6
ByLayer
 62
  183
370
   -1
100
AcDbLine
 10
7.764803921927523
 20
1.41175669606821
 11
7.701097784152807
 21
0.8755304417571779
  0
LINE
  5
150
100
AcDbEntity
  8
dwgmodels.com
  6
ByLayer
 62
  183
370
   -1
100
AcDbLine
 10
7.414276034360228
 20
1.416177944085803
 11
7.414276034360228
 21
0.8755304417571779
  0
LINE
  5
151
100
AcDbEntity
  8
dwgmodels.com
  6
ByLayer
 62
  183
370
   -1
100
AcDbLine
 10
7.350528716142435
 20
1.416177944085803
 11
7.318655057031719
 21
0.8437308800626511
  0
LINE
  5
152
100
AcDbEntity
  8
dwgmodels.com
  6
ByLayer
 62
  183
370
   -1
100
AcDbLine
 10
7.127454283694533
 20
1.416177944085803
 11
7.095580624583818
 21
0.8437308800626511
  0
LINE
  5
153
100
AcDbEntity
  8
dwgmodels.com
  6
ByLayer
 62
  183
370
   -1
100
AcDbLine
 10
6.53853933643768
 20
1.416177944085803
 11
6.506665678203717
 21
0.8437308800626511
  0
LINE
  5
154
100
AcDbEntity
  8
dwgmodels.com
  6
ByLayer
 62
  183
370
   -1
100
AcDbLine
 10
6.585643261900259
 20
1.41175669606821
 11
6.521937124998658
 21
0.8755304417571779
  0
LINE
  5
155
100
AcDbEntity
  8
dwgmodels.com
  6
ByLayer
 62
  183
370
   -1
100
AcDbLine
 10
6.60228665465911
 20
1.416177944085803
 11
6.60228665465911
 21
0.8755304417571779
  0
LINE
  5
156
100
AcDbEntity
  8
dwgmodels.com
  6
ByLayer
 62
  183
370
   -1
100
AcDbLine
 10
6.739355838082702
 20
1.41175669606821
 11
6.739355838082702
 21
0.8764646454023364
  0
LINE
  5
157
100
AcDbEntity
  8
dwgmodels.com
  6
ByLayer
 62
  183
370
   -1
100
AcDbLine
 10
7.000000828575139
 20
1.416177944085803
 11
7.000000828575139
 21
0.8755304417571779
  0
LINE
  5
158
100
AcDbEntity
  8
dwgmodels.com
  6
ByLayer
 62
  183
370
   -1
100
AcDbLine
 10
6.936253510357346
 20
1.416177944085803
 11
6.904379852119746
 21
0.8437308800626511
  0
LINE
  5
159
100
AcDbEntity
  8
dwgmodels.com
  6
ByLayer
 62
  183
370
   -1
100
AcDbLine
 10
6.315464904866531
 20
1.416177944085803
 11
6.283591245755815
 21
0.8437308800626511
  0
LINE
  5
15A
100
AcDbEntity
  8
dwgmodels.com
  6
ByLayer
 62
  183
370
   -1
100
AcDbLine
 10
6.379212223084323
 20
1.416177944085803
 11
6.379212223084323
 21
0.8755304417571779
  0
LINE
  5
15B
100
AcDbEntity
  8
dwgmodels.com
  6
ByLayer
 62
  183
370
   -1
100
AcDbLine
 10
6.188011448870384
 20
1.416177944085803
 11
6.188011448870384
 21
0.8755304417571779
  0
LINE
  5
15C
100
AcDbEntity
  8
dwgmodels.com
  6
ByLayer
 62
  183
370
   -1
100
AcDbLine
 10
6.124264131525706
 20
1.416177944085803
 11
6.092390472418629
 21
0.8437308800626511
  0
LINE
  5
15D
100
AcDbEntity
  8
dwgmodels.com
  6
ByLayer
 62
  183
370
   -1
100
AcDbLine
 10
4.81026031125657
 20
1.41175669606821
 11
4.746554174354969
 21
0.8755304417571779
  0
LINE
  5
15E
100
AcDbEntity
  8
dwgmodels.com
  6
ByLayer
 62
  183
370
   -1
100
AcDbLine
 10
5.62474890089652
 20
1.416177944085803
 11
5.592875241785805
 21
0.8437308800626511
  0
LINE
  5
15F
100
AcDbEntity
  8
dwgmodels.com
  6
ByLayer
 62
  183
370
   -1
100
AcDbLine
 10
5.441828625571361
 20
1.416177944085803
 11
5.409954966460646
 21
0.8437308800626511
  0
LINE
  5
160
100
AcDbEntity
  8
dwgmodels.com
  6
ByLayer
 62
  183
370
   -1
100
AcDbLine
 10
5.505575943789154
 20
1.416177944085803
 11
5.505575943789154
 21
0.8755304417571779
  0
LINE
  5
161
100
AcDbEntity
  8
dwgmodels.com
  6
ByLayer
 62
  183
370
   -1
100
AcDbLine
 10
5.815949674237345
 20
1.416177944085803
 11
5.784076015999744
 21
0.8437308800626511
  0
LINE
  5
162
100
AcDbEntity
  8
dwgmodels.com
  6
ByLayer
 62
  183
370
   -1
100
AcDbLine
 10
5.879696992455138
 20
1.416177944085803
 11
5.879696992455138
 21
0.8755304417571779
  0
LINE
  5
163
100
AcDbEntity
  8
dwgmodels.com
  6
ByLayer
 62
  183
370
   -1
100
AcDbLine
 10
5.027553419786273
 20
1.416177944085803
 11
4.995679760675557
 21
0.8437308800626511
  0
LINE
  5
164
100
AcDbEntity
  8
dwgmodels.com
  6
ByLayer
 62
  183
370
   -1
100
AcDbLine
 10
4.836352646445448
 20
1.416177944085803
 11
4.804478987338371
 21
0.8437308800626511
  0
LINE
  5
165
100
AcDbEntity
  8
dwgmodels.com
  6
ByLayer
 62
  183
370
   -1
100
AcDbLine
 10
5.091300738004065
 20
1.416177944085803
 11
5.091300738004065
 21
0.8755304417571779
  0
LINE
  5
166
100
AcDbEntity
  8
dwgmodels.com
  6
ByLayer
 62
  183
370
   -1
100
AcDbLine
 10
5.250627852234174
 20
1.416177944085803
 11
5.218754193123459
 21
0.8437308800626511
  0
LINE
  5
167
100
AcDbEntity
  8
dwgmodels.com
  6
ByLayer
 62
  183
370
   -1
100
AcDbLine
 10
4.262667965540459
 20
1.416177944085803
 11
4.326415283761889
 21
0.8755304417571779
  0
LINE
  5
168
100
AcDbEntity
  8
dwgmodels.com
  6
ByLayer
 62
  183
370
   -1
100
AcDbLine
 10
4.485742397988361
 20
1.41175669606821
 11
4.422036260213645
 21
0.8755304417571779
  0
LINE
  5
169
100
AcDbEntity
  8
dwgmodels.com
  6
ByLayer
 62
  183
370
   -1
100
AcDbLine
 10
4.587185878808668
 20
1.416177944085803
 11
4.650933197026461
 21
0.8755304417571779
  0
LINE
  5
16A
100
AcDbEntity
  8
dwgmodels.com
  6
ByLayer
 62
  183
370
   -1
100
AcDbLine
 10
3.720939304635976
 20
1.416177944085803
 11
3.720939304635976
 21
0.8755304417571779
  0
LINE
  5
16B
100
AcDbEntity
  8
dwgmodels.com
  6
ByLayer
 62
  183
370
   -1
100
AcDbLine
 10
4.071467192203272
 20
1.416177944085803
 11
4.039593533092557
 21
0.8437308800626511
  0
LINE
  5
16C
100
AcDbEntity
  8
dwgmodels.com
  6
ByLayer
 62
  183
370
   -1
100
AcDbLine
 10
4.135214510421065
 20
1.416177944085803
 11
4.135214510421065
 21
0.8755304417571779
  0
LINE
  5
16D
100
AcDbEntity
  8
dwgmodels.com
  6
ByLayer
 62
  183
370
   -1
100
AcDbLine
 10
3.912140077973163
 20
1.416177944085803
 11
3.912140077973163
 21
0.8755304417571779
  0
LINE
  5
16E
100
AcDbEntity
  8
dwgmodels.com
  6
ByLayer
 62
  183
370
   -1
100
AcDbLine
 10
4.342437201015855
 20
1.416177944085803
 11
4.342437201015855
 21
0.8755304417571779
  0
LINE
  5
16F
100
AcDbEntity
  8
dwgmodels.com
  6
ByLayer
 62
  183
370
   -1
100
AcDbLine
 10
3.460294314143539
 20
1.41175669606821
 11
3.460294314143539
 21
0.8764646454023364
  0
LINE
  5
170
100
AcDbEntity
  8
dwgmodels.com
  6
ByLayer
 62
  183
370
   -1
100
AcDbLine
 10
4.278689882794424
 20
1.416177944085803
 11
4.246816224560462
 21
0.8437308800626511
  0
LINE
  5
171
100
AcDbEntity
  8
dwgmodels.com
  6
ByLayer
 62
  183
370
   -1
100
AcDbLine
 10
3.657191986418184
 20
1.416177944085803
 11
3.625318328180583
 21
0.8437308800626511
  0
LINE
  5
172
100
AcDbEntity
  8
dwgmodels.com
  6
ByLayer
 62
  183
370
   -1
100
AcDbLine
 10
3.784106327795598
 20
1.416177944085803
 11
3.784106327795598
 21
0.8755304417571779
  0
LINE
  5
173
100
AcDbEntity
  8
dwgmodels.com
  6
ByLayer
 62
  183
370
   -1
100
AcDbLine
 10
4.055615451223275
 20
1.416177944085803
 11
4.02374179211256
 21
0.8437308800626511
  0
LINE
  5
174
100
AcDbEntity
  8
dwgmodels.com
  6
ByLayer
 62
  183
370
   -1
100
AcDbLine
 10
3.928161995227129
 20
1.416177944085803
 11
3.928161995227129
 21
0.8755304417571779
  0
LINE
  5
175
100
AcDbEntity
  8
dwgmodels.com
  6
ByLayer
 62
  183
370
   -1
100
AcDbLine
 10
4.119362768567953
 20
1.416177944085803
 11
4.119362768567953
 21
0.8755304417571779
  0
LINE
  5
176
100
AcDbEntity
  8
dwgmodels.com
  6
ByLayer
 62
  183
370
   -1
100
AcDbLine
 10
3.048602918162942
 20
1.41175669606821
 11
2.984896780388226
 21
0.8755304417571779
  0
LINE
  5
177
100
AcDbEntity
  8
dwgmodels.com
  6
ByLayer
 62
  183
370
   -1
100
AcDbLine
 10
3.290729996977461
 20
1.416177944085803
 11
3.354477315198892
 21
0.8755304417571779
  0
LINE
  5
178
100
AcDbEntity
  8
dwgmodels.com
  6
ByLayer
 62
  183
370
   -1
100
AcDbLine
 10
3.163276540984953
 20
1.416177944085803
 11
3.163276540984953
 21
0.8755304417571779
  0
LINE
  5
179
100
AcDbEntity
  8
dwgmodels.com
  6
ByLayer
 62
  183
370
   -1
100
AcDbLine
 10
3.099529223640275
 20
1.416177944085803
 11
3.067655564529559
 21
0.8437308800626511
  0
LINE
  5
17A
100
AcDbEntity
  8
dwgmodels.com
  6
ByLayer
 62
  183
370
   -1
100
AcDbLine
 10
3.513804428552248
 20
1.41175669606821
 11
3.450098291650647
 21
0.8755304417571779
  0
LINE
  5
17B
100
AcDbEntity
  8
dwgmodels.com
  6
ByLayer
 62
  183
370
   -1
100
AcDbLine
 10
3.523461337299523
 20
1.41175669606821
 11
3.523461337299523
 21
0.8764646454023364
  0
LINE
  5
17C
100
AcDbEntity
  8
dwgmodels.com
  6
ByLayer
 62
  183
370
   -1
100
AcDbLine
 10
2.542462953937502
 20
1.416177944085803
 11
2.60621027128218
 21
0.8755304417571779
  0
LINE
  5
17D
100
AcDbEntity
  8
dwgmodels.com
  6
ByLayer
 62
  183
370
   -1
100
AcDbLine
 10
2.82552848571504
 20
1.416177944085803
 11
2.889275803936471
 21
0.8755304417571779
  0
LINE
  5
17E
100
AcDbEntity
  8
dwgmodels.com
  6
ByLayer
 62
  183
370
   -1
100
AcDbLine
 10
2.972116948963958
 20
1.416177944085803
 11
2.972116948963958
 21
0.8755304417571779
  0
LINE
  5
17F
100
AcDbEntity
  8
dwgmodels.com
  6
ByLayer
 62
  183
370
   -1
100
AcDbLine
 10
2.689051416313305
 20
1.416177944085803
 11
2.689051416313305
 21
0.8755304417571779
  0
LINE
  5
180
100
AcDbEntity
  8
dwgmodels.com
  6
ByLayer
 62
  183
370
   -1
100
AcDbLine
 10
1.541489854324027
 20
1.303870307056854
 11
1.220238705041993
 21
0.9299210401394475
  0
LINE
  5
181
100
AcDbEntity
  8
dwgmodels.com
  6
ByLayer
 62
  183
370
   -1
100
AcDbLine
 10
1.51355487868932
 20
1.354102103966454
 11
1.051024224041612
 21
1.091538827325564
  0
LINE
  5
182
100
AcDbEntity
  8
dwgmodels.com
  6
ByLayer
 62
  183
370
   -1
100
AcDbLine
 10
1.587250478460192
 20
1.476608611159236
 11
1.0519584275753
 21
1.385884186658529
  0
LINE
  5
183
100
AcDbEntity
  8
dwgmodels.com
  6
ByLayer
 62
  183
370
   -1
100
AcDbLine
 10
1.587250478460192
 20
1.416177944085803
 11
1.0519584275753
 21
1.308957540626693
  0
LINE
  5
184
100
AcDbEntity
  8
dwgmodels.com
  6
ByLayer
 62
  183
370
   -1
100
AcDbLine
 10
2.199145195412711
 20
1.416177944085803
 11
2.262892513630504
 21
0.8755304417571779
  0
LINE
  5
185
100
AcDbEntity
  8
dwgmodels.com
  6
ByLayer
 62
  183
370
   -1
100
AcDbLine
 10
2.345733657788514
 20
1.416177944085803
 11
2.345733657788514
 21
0.8755304417571779
  0
LINE
  5
186
100
AcDbEntity
  8
dwgmodels.com
  6
ByLayer
 62
  183
370
   -1
100
AcDbLine
 10
2.085130965024291
 20
1.41175669606821
 11
2.085130965024291
 21
0.8764646454023364
  0
LINE
  5
187
100
AcDbEntity
  8
dwgmodels.com
  6
ByLayer
 62
  183
370
   -1
100
AcDbLine
 10
2.428448723549081
 20
1.41175669606821
 11
2.428448723549081
 21
0.8764646454023364
  0
LINE
  5
188
100
AcDbEntity
  8
dwgmodels.com
  6
ByLayer
 62
  183
370
   -1
100
AcDbLine
 10
1.923623332077113
 20
1.41175669606821
 11
1.923623332077113
 21
0.8764646454023364
  0
LINE
  5
189
100
AcDbEntity
  8
dwgmodels.com
  6
ByLayer
 62
  183
370
   -1
100
AcDbLine
 10
1.840908266312908
 20
1.416177944085803
 11
1.840908266312908
 21
0.8755304417571779
  0
LINE
  5
18A
100
AcDbEntity
  8
dwgmodels.com
  6
ByLayer
 62
  183
370
   -1
100
AcDbLine
 10
1.694319803937105
 20
1.416177944085803
 11
1.758067122158536
 21
0.8755304417571779
  0
LINE
  5
18B
100
AcDbEntity
  8
dwgmodels.com
  6
ByLayer
 62
  183
370
   -1
100
AcDbLine
 10
1.591671726040659
 20
1.416177944085803
 11
1.527924408695981
 21
0.8755304417571779
  0
LINE
  5
18C
100
AcDbEntity
  8
dwgmodels.com
  6
ByLayer
 62
  183
370
   -1
100
AcDbLine
 10
1.591671726040659
 20
1.959672591618016
 11
1.051024224041612
 21
2.023419909509414
  0
LINE
  5
18D
100
AcDbEntity
  8
dwgmodels.com
  6
ByLayer
 62
  183
370
   -1
100
AcDbLine
 10
1.591671726040659
 20
2.336459599811462
 11
1.0519584275753
 21
2.336459599811462
  0
LINE
  5
18E
100
AcDbEntity
  8
dwgmodels.com
  6
ByLayer
 62
  183
370
   -1
100
AcDbLine
 10
1.591671726040659
 20
2.494575649514275
 11
1.051024224041612
 21
2.430344247533071
  0
LINE
  5
18F
100
AcDbEntity
  8
dwgmodels.com
  6
ByLayer
 62
  183
370
   -1
100
AcDbLine
 10
1.474362094893877
 20
2.882673453977873
 11
1.01922466245378
 21
2.857331555658618
  0
LINE
  5
190
100
AcDbEntity
  8
dwgmodels.com
  6
ByLayer
 62
  183
370
   -1
100
AcDbLine
 10
1.528504605004855
 20
3.076888863908266
 11
1.01922466245378
 21
3.048532328997112
  0
LINE
  5
191
100
AcDbEntity
  8
dwgmodels.com
  6
ByLayer
 62
  183
370
   -1
100
AcDbLine
 10
1.591671726040659
 20
3.520655355286806
 11
1.01922466245378
 21
3.48878169639579
  0
LINE
  5
192
100
AcDbEntity
  8
dwgmodels.com
  6
ByLayer
 62
  183
370
   -1
100
AcDbLine
 10
1.462960692835622
 20
2.825457896658293
 11
1.051024224041612
 21
2.825457896658293
  0
LINE
  5
193
100
AcDbEntity
  8
dwgmodels.com
  6
ByLayer
 62
  183
370
   -1
100
AcDbLine
 10
1.591671726040659
 20
3.514144484257201
 11
1.051024224041612
 21
3.514144484257201
  0
LINE
  5
194
100
AcDbEntity
  8
dwgmodels.com
  6
ByLayer
 62
  183
370
   -1
100
AcDbLine
 10
1.591671726040659
 20
2.647762960834143
 11
1.0519584275753
 21
2.647762960834143
  0
LINE
  5
195
100
AcDbEntity
  8
dwgmodels.com
  6
ByLayer
 62
  183
370
   -1
100
AcDbLine
 10
1.591671726040659
 20
3.271606761226622
 11
1.051024224041612
 21
3.335354079227272
  0
LINE
  5
196
100
AcDbEntity
  8
dwgmodels.com
  6
ByLayer
 62
  183
370
   -1
100
AcDbLine
 10
1.591671726040659
 20
3.456908037395465
 11
1.051024224041612
 21
3.456908037395465
  0
LINE
  5
197
100
AcDbEntity
  8
dwgmodels.com
  6
ByLayer
 62
  183
370
   -1
100
AcDbLine
 10
1.482527530002699
 20
1.723273926639536
 11
1.0519584275753
 21
1.723273926639536
  0
LINE
  5
198
100
AcDbEntity
  8
dwgmodels.com
  6
ByLayer
 62
  183
370
   -1
100
AcDbLine
 10
1.524892498440749
 20
1.562152936925941
 11
1.051024224041612
 21
1.505855213338464
  0
LINE
  5
199
100
AcDbEntity
  8
dwgmodels.com
  6
ByLayer
 62
  183
370
   -1
100
AcDbLine
 10
1.591671726040659
 20
1.92214321368931
 11
1.0519584275753
 21
1.92214321368931
  0
LINE
  5
19A
100
AcDbEntity
  8
dwgmodels.com
  6
ByLayer
 62
  183
370
   -1
100
AcDbLine
 10
1.482527530002699
 20
4.550284404810611
 11
1.0519584275753
 21
4.550284404810611
  0
LINE
  5
19B
100
AcDbEntity
  8
dwgmodels.com
  6
ByLayer
 62
  183
370
   -1
100
AcDbLine
 10
1.591671726040659
 20
4.749153691860329
 11
1.0519584275753
 21
4.749153691860329
  0
LINE
  5
19C
100
AcDbEntity
  8
dwgmodels.com
  6
ByLayer
 62
  183
370
   -1
100
AcDbLine
 10
1.591671726040659
 20
2.925364294586359
 11
1.01922466245378
 21
2.893490635586033
  0
LINE
  5
19D
100
AcDbEntity
  8
dwgmodels.com
  6
ByLayer
 62
  183
370
   -1
100
AcDbLine
 10
1.591671726040659
 20
2.9891116124777
 11
1.051024224041612
 21
2.9891116124777
  0
LINE
  5
19E
100
AcDbEntity
  8
dwgmodels.com
  6
ByLayer
 62
  183
370
   -1
100
AcDbLine
 10
1.591671726040659
 20
3.567980237375082
 11
1.01922466245378
 21
3.536106578374756
  0
LINE
  5
19F
100
AcDbEntity
  8
dwgmodels.com
  6
ByLayer
 62
  183
370
   -1
100
AcDbLine
 10
1.591671726040659
 20
3.376779464036588
 11
1.01922466245378
 21
3.344905805036262
  0
LINE
  5
1A0
100
AcDbEntity
  8
dwgmodels.com
  6
ByLayer
 62
  183
370
   -1
100
AcDbLine
 10
1.591671726040659
 20
3.319543017174908
 11
1.01922466245378
 21
3.287669358174583
  0
LINE
  5
1A1
100
AcDbEntity
  8
dwgmodels.com
  6
ByLayer
 62
  183
370
   -1
100
AcDbLine
 10
1.591671726040659
 20
3.313032146035937
 11
1.051024224041612
 21
3.313032146035937
  0
LINE
  5
1A2
100
AcDbEntity
  8
dwgmodels.com
  6
ByLayer
 62
  183
370
   -1
100
AcDbLine
 10
1.591671726040659
 20
3.25579569928351
 11
1.051024224041612
 21
3.25579569928351
  0
LINE
  5
1A3
100
AcDbEntity
  8
dwgmodels.com
  6
ByLayer
 62
  183
370
   -1
100
AcDbLine
 10
1.591671726040659
 20
3.631727555266423
 11
1.051024224041612
 21
3.631727555266423
  0
LINE
  5
1A4
100
AcDbEntity
  8
dwgmodels.com
  6
ByLayer
 62
  183
370
   -1
100
AcDbLine
 10
1.591671726040659
 20
3.116565067924796
 11
1.051024224041612
 21
3.180312385816194
  0
LINE
  5
1A5
100
AcDbEntity
  8
dwgmodels.com
  6
ByLayer
 62
  183
370
   -1
100
AcDbLine
 10
1.524892498440749
 20
4.389163415096959
 11
1.051024224041612
 21
4.332865691509483
  0
LINE
  5
1A6
100
AcDbEntity
  8
dwgmodels.com
  6
ByLayer
 62
  183
370
   -1
100
AcDbLine
 10
1.587250478460192
 20
3.982255442943085
 11
1.051024224041612
 21
3.918549305496583
  0
LINE
  5
1A7
100
AcDbEntity
  8
dwgmodels.com
  6
ByLayer
 62
  183
370
   -1
100
AcDbLine
 10
1.591671726040659
 20
3.759181010713519
 11
1.051024224041612
 21
3.822928328604917
  0
LINE
  5
1A8
100
AcDbEntity
  8
dwgmodels.com
  6
ByLayer
 62
  183
370
   -1
100
AcDbLine
 10
1.587250478460192
 20
4.135968018797712
 11
1.0519584275753
 21
4.135968018797712
  0
LINE
  5
1A9
100
AcDbEntity
  8
dwgmodels.com
  6
ByLayer
 62
  183
370
   -1
100
AcDbLine
 10
3.720939304635976
 20
9.988726272672466
 11
3.720939304635976
 21
10.5293737751104
  0
LINE
  5
1AA
100
AcDbEntity
  8
dwgmodels.com
  6
ByLayer
 62
  183
370
   -1
100
AcDbLine
 10
1.591671726040659
 20
6.699237852259216
 11
1.01922466245378
 21
6.667364193258891
  0
LINE
  5
1AB
100
AcDbEntity
  8
dwgmodels.com
  6
ByLayer
 62
  183
370
   -1
100
AcDbLine
 10
1.591671726040659
 20
6.508037078920722
 11
1.01922466245378
 21
6.47616342002965
  0
LINE
  5
1AC
100
AcDbEntity
  8
dwgmodels.com
  6
ByLayer
 62
  183
370
   -1
100
AcDbLine
 10
1.591671726040659
 20
6.762985170150557
 11
1.051024224041612
 21
6.762985170150557
  0
LINE
  5
1AD
100
AcDbEntity
  8
dwgmodels.com
  6
ByLayer
 62
  183
370
   -1
100
AcDbLine
 10
1.591671726040659
 20
6.444289761029324
 11
1.051024224041612
 21
6.444289761029324
  0
LINE
  5
1AE
100
AcDbEntity
  8
dwgmodels.com
  6
ByLayer
 62
  183
370
   -1
100
AcDbLine
 10
1.591671726040659
 20
6.09861723939764
 11
1.051024224041612
 21
6.162364557398291
  0
LINE
  5
1AF
100
AcDbEntity
  8
dwgmodels.com
  6
ByLayer
 62
  183
370
   -1
100
AcDbLine
 10
1.591671726040659
 20
4.786683069789035
 11
1.051024224041612
 21
4.850430387680433
  0
LINE
  5
1B0
100
AcDbEntity
  8
dwgmodels.com
  6
ByLayer
 62
  183
370
   -1
100
AcDbLine
 10
1.591671726040659
 20
5.321586127685293
 11
1.051024224041612
 21
5.25735472570409
  0
LINE
  5
1B1
100
AcDbEntity
  8
dwgmodels.com
  6
ByLayer
 62
  183
370
   -1
100
AcDbLine
 10
1.591671726040659
 20
5.163470077982481
 11
1.0519584275753
 21
5.163470077982481
  0
LINE
  5
1B2
100
AcDbEntity
  8
dwgmodels.com
  6
ByLayer
 62
  183
370
   -1
100
AcDbLine
 10
1.591671726040659
 20
5.474773439005219
 11
1.0519584275753
 21
5.474773439005219
  0
LINE
  5
1B3
100
AcDbEntity
  8
dwgmodels.com
  6
ByLayer
 62
  183
370
   -1
100
AcDbLine
 10
1.474362094893877
 20
5.709683932148891
 11
1.01922466245378
 21
5.684342033829637
  0
LINE
  5
1B4
100
AcDbEntity
  8
dwgmodels.com
  6
ByLayer
 62
  183
370
   -1
100
AcDbLine
 10
1.528504605004855
 20
5.903899342079285
 11
1.01922466245378
 21
5.875542807168131
  0
LINE
  5
1B5
100
AcDbEntity
  8
dwgmodels.com
  6
ByLayer
 62
  183
370
   -1
100
AcDbLine
 10
1.462960692835622
 20
5.652468374829311
 11
1.051024224041612
 21
5.652468374829311
  0
LINE
  5
1B6
100
AcDbEntity
  8
dwgmodels.com
  6
ByLayer
 62
  183
370
   -1
100
AcDbLine
 10
1.587250478460192
 20
8.499609206084131
 11
1.051024224041612
 21
8.435903068528432
  0
LINE
  5
1B7
100
AcDbEntity
  8
dwgmodels.com
  6
ByLayer
 62
  183
370
   -1
100
AcDbLine
 10
1.587250478460192
 20
8.58326740830978
 11
1.051024224041612
 21
8.646973545756225
  0
LINE
  5
1B8
100
AcDbEntity
  8
dwgmodels.com
  6
ByLayer
 62
  183
370
   -1
100
AcDbLine
 10
1.587250478460192
 20
8.429554832455096
 11
1.0519584275753
 21
8.429554832455096
  0
LINE
  5
1B9
100
AcDbEntity
  8
dwgmodels.com
  6
ByLayer
 62
  183
370
   -1
100
AcDbLine
 10
1.591671726040659
 20
8.193156167476673
 11
1.051024224041612
 21
8.129408849585275
  0
LINE
  5
1BA
100
AcDbEntity
  8
dwgmodels.com
  6
ByLayer
 62
  183
370
   -1
100
AcDbLine
 10
1.587250478460192
 20
7.970081735247106
 11
1.051024224041612
 21
8.033787872693608
  0
LINE
  5
1BB
100
AcDbEntity
  8
dwgmodels.com
  6
ByLayer
 62
  183
370
   -1
100
AcDbLine
 10
1.587250478460192
 20
8.230685545405379
 11
1.0519584275753
 21
8.230685545405379
  0
LINE
  5
1BC
100
AcDbEntity
  8
dwgmodels.com
  6
ByLayer
 62
  183
370
   -1
100
AcDbLine
 10
1.587250478460192
 20
7.81636915939248
 11
1.0519584275753
 21
7.81636915939248
  0
LINE
  5
1BD
100
AcDbEntity
  8
dwgmodels.com
  6
ByLayer
 62
  183
370
   -1
100
AcDbLine
 10
1.591671726040659
 20
8.806341840539289
 11
1.051024224041612
 21
8.742594522647892
  0
LINE
  5
1BE
100
AcDbEntity
  8
dwgmodels.com
  6
ByLayer
 62
  183
370
   -1
100
AcDbLine
 10
1.587250478460192
 20
8.843871218467996
 11
1.0519584275753
 21
8.843871218467996
  0
LINE
  5
1BF
100
AcDbEntity
  8
dwgmodels.com
  6
ByLayer
 62
  183
370
   -1
100
AcDbLine
 10
1.591671726040659
 20
7.072422771206561
 11
1.01922466245378
 21
7.104296430097577
  0
LINE
  5
1C0
100
AcDbEntity
  8
dwgmodels.com
  6
ByLayer
 62
  183
370
   -1
100
AcDbLine
 10
1.591671726040659
 20
7.263623544544998
 11
1.01922466245378
 21
7.295497203436071
  0
LINE
  5
1C1
100
AcDbEntity
  8
dwgmodels.com
  6
ByLayer
 62
  183
370
   -1
100
AcDbLine
 10
1.587250478460192
 20
7.113513057827163
 11
1.051024224041612
 21
7.049806920380718
  0
LINE
  5
1C2
100
AcDbEntity
  8
dwgmodels.com
  6
ByLayer
 62
  183
370
   -1
100
AcDbLine
 10
1.591671726040659
 20
7.304755011610553
 11
1.051024224041612
 21
7.368502329501894
  0
LINE
  5
1C3
100
AcDbEntity
  8
dwgmodels.com
  6
ByLayer
 62
  183
370
   -1
100
AcDbLine
 10
1.591671726040659
 20
6.890438625597653
 11
1.051024224041612
 21
6.954185943489051
  0
LINE
  5
1C4
100
AcDbEntity
  8
dwgmodels.com
  6
ByLayer
 62
  183
370
   -1
100
AcDbLine
 10
1.587250478460192
 20
7.681542019803999
 11
1.0519584275753
 21
7.681542019803999
  0
LINE
  5
1C5
100
AcDbEntity
  8
dwgmodels.com
  6
ByLayer
 62
  183
370
   -1
100
AcDbLine
 10
3.460294314143539
 20
9.993147520690115
 11
3.460294314143539
 21
10.52843957135593
  0
LINE
  5
1C6
100
AcDbEntity
  8
dwgmodels.com
  6
ByLayer
 62
  183
370
   -1
100
AcDbLine
 10
3.657191986418184
 20
9.988726272672466
 11
3.625318328180583
 21
10.56117333680493
  0
LINE
  5
1C7
100
AcDbEntity
  8
dwgmodels.com
  6
ByLayer
 62
  183
370
   -1
100
AcDbLine
 10
3.784106327795598
 20
9.988726272672466
 11
3.784106327795598
 21
10.5293737751104
  0
LINE
  5
1C8
100
AcDbEntity
  8
dwgmodels.com
  6
ByLayer
 62
  183
370
   -1
100
AcDbLine
 10
3.048602918162942
 20
9.993147520690115
 11
2.984896780388226
 21
10.5293737751104
  0
LINE
  5
1C9
100
AcDbEntity
  8
dwgmodels.com
  6
ByLayer
 62
  183
370
   -1
100
AcDbLine
 10
3.290729996977461
 20
9.988726272672466
 11
3.354477315198892
 21
10.5293737751104
  0
LINE
  5
1CA
100
AcDbEntity
  8
dwgmodels.com
  6
ByLayer
 62
  183
370
   -1
100
AcDbLine
 10
3.163276540984953
 20
9.988726272672466
 11
3.163276540984953
 21
10.5293737751104
  0
LINE
  5
1CB
100
AcDbEntity
  8
dwgmodels.com
  6
ByLayer
 62
  183
370
   -1
100
AcDbLine
 10
3.099529223640275
 20
9.988726272672466
 11
3.067655564529559
 21
10.56117333680493
  0
LINE
  5
1CC
100
AcDbEntity
  8
dwgmodels.com
  6
ByLayer
 62
  183
370
   -1
100
AcDbLine
 10
3.513804428552248
 20
9.993147520690115
 11
3.450098291650647
 21
10.5293737751104
  0
LINE
  5
1CD
100
AcDbEntity
  8
dwgmodels.com
  6
ByLayer
 62
  183
370
   -1
100
AcDbLine
 10
3.523461337299523
 20
9.993147520690115
 11
3.523461337299523
 21
10.52843957135593
  0
LINE
  5
1CE
100
AcDbEntity
  8
dwgmodels.com
  6
ByLayer
 62
  183
370
   -1
100
AcDbLine
 10
2.542462953937502
 20
9.988726272672466
 11
2.60621027128218
 21
10.5293737751104
  0
LINE
  5
1CF
100
AcDbEntity
  8
dwgmodels.com
  6
ByLayer
 62
  183
370
   -1
100
AcDbLine
 10
2.82552848571504
 20
9.988726272672466
 11
2.889275803936471
 21
10.5293737751104
  0
LINE
  5
1D0
100
AcDbEntity
  8
dwgmodels.com
  6
ByLayer
 62
  183
370
   -1
100
AcDbLine
 10
2.972116948963958
 20
9.988726272672466
 11
2.972116948963958
 21
10.5293737751104
  0
LINE
  5
1D1
100
AcDbEntity
  8
dwgmodels.com
  6
ByLayer
 62
  183
370
   -1
100
AcDbLine
 10
2.689051416313305
 20
9.988726272672466
 11
2.689051416313305
 21
10.5293737751104
  0
LINE
  5
1D2
100
AcDbEntity
  8
dwgmodels.com
  6
ByLayer
 62
  183
370
   -1
100
AcDbLine
 10
1.541489854324027
 20
10.10103390981072
 11
1.220238705041993
 21
10.47498317661882
  0
LINE
  5
1D3
100
AcDbEntity
  8
dwgmodels.com
  6
ByLayer
 62
  183
370
   -1
100
AcDbLine
 10
1.51355487868932
 20
10.05080211279181
 11
1.051024224041612
 21
10.31336538954201
  0
LINE
  5
1D4
100
AcDbEntity
  8
dwgmodels.com
  6
ByLayer
 62
  183
370
   -1
100
AcDbLine
 10
1.587250478460192
 20
9.729513610509741
 11
1.0519584275753
 21
9.729513610509741
  0
LINE
  5
1D5
100
AcDbEntity
  8
dwgmodels.com
  6
ByLayer
 62
  183
370
   -1
100
AcDbLine
 10
1.591671726040659
 20
9.77536283884973
 11
1.051024224041612
 21
9.839110156741071
  0
LINE
  5
1D6
100
AcDbEntity
  8
dwgmodels.com
  6
ByLayer
 62
  183
370
   -1
100
AcDbLine
 10
1.591671726040659
 20
9.691984232581035
 11
1.051024224041612
 21
9.628236914689637
  0
LINE
  5
1D7
100
AcDbEntity
  8
dwgmodels.com
  6
ByLayer
 62
  183
370
   -1
100
AcDbLine
 10
1.587250478460192
 20
9.928295605599033
 11
1.0519584275753
 21
10.01902003020905
  0
LINE
  5
1D8
100
AcDbEntity
  8
dwgmodels.com
  6
ByLayer
 62
  183
370
   -1
100
AcDbLine
 10
1.591671726040659
 20
9.399993111042306
 11
1.051024224041612
 21
9.463740428933704
  0
LINE
  5
1D9
100
AcDbEntity
  8
dwgmodels.com
  6
ByLayer
 62
  183
370
   -1
100
AcDbLine
 10
1.591671726040659
 20
9.560944356547054
 11
1.051024224041612
 21
9.560944356547054
  0
LINE
  5
1DA
100
AcDbEntity
  8
dwgmodels.com
  6
ByLayer
 62
  183
370
   -1
100
AcDbLine
 10
1.587250478460192
 20
9.988726272672466
 11
1.0519584275753
 21
10.09594667624089
  0
LINE
  5
1DB
100
AcDbEntity
  8
dwgmodels.com
  6
ByLayer
 62
  183
370
   -1
100
AcDbLine
 10
1.591671726040659
 20
9.316614504773611
 11
1.051024224041612
 21
9.25286718688227
  0
LINE
  5
1DC
100
AcDbEntity
  8
dwgmodels.com
  6
ByLayer
 62
  183
370
   -1
100
AcDbLine
 10
1.591671726040659
 20
9.114419010204074
 11
1.01922466245378
 21
9.146292669204399
  0
LINE
  5
1DD
100
AcDbEntity
  8
dwgmodels.com
  6
ByLayer
 62
  183
370
   -1
100
AcDbLine
 10
1.591671726040659
 20
9.178166328204725
 11
1.051024224041612
 21
9.178166328204725
  0
LINE
  5
1DE
100
AcDbEntity
  8
dwgmodels.com
  6
ByLayer
 62
  183
370
   -1
100
AcDbLine
 10
1.591671726040659
 20
9.050671692312676
 11
1.051024224041612
 21
9.050671692312676
  0
LINE
  5
1DF
100
AcDbEntity
  8
dwgmodels.com
  6
ByLayer
 62
  183
370
   -1
100
AcDbLine
 10
1.587250478460192
 20
9.112794879146747
 11
1.051024224041612
 21
9.049088741700302
  0
LINE
  5
1E0
100
AcDbEntity
  8
dwgmodels.com
  6
ByLayer
 62
  183
370
   -1
100
AcDbLine
 10
1.591671726040659
 20
9.220658226661442
 11
1.051024224041612
 21
9.156910908770101
  0
LINE
  5
1E1
100
AcDbEntity
  8
dwgmodels.com
  6
ByLayer
 62
  183
370
   -1
100
AcDbLine
 10
1.591671726040659
 20
8.889720446807985
 11
1.051024224041612
 21
8.953467764808636
  0
LINE
  5
1E2
100
AcDbEntity
  8
dwgmodels.com
  6
ByLayer
 62
  183
370
   -1
100
AcDbLine
 10
1.587250478460192
 20
9.354143882702374
 11
1.0519584275753
 21
9.354143882702374
  0
LINE
  5
1E3
100
AcDbEntity
  8
dwgmodels.com
  6
ByLayer
 62
  183
370
   -1
100
AcDbLine
 10
2.199145195412711
 20
9.988726272672466
 11
2.262892513630504
 21
10.5293737751104
  0
LINE
  5
1E4
100
AcDbEntity
  8
dwgmodels.com
  6
ByLayer
 62
  183
370
   -1
100
AcDbLine
 10
2.345733657788514
 20
9.988726272672466
 11
2.345733657788514
 21
10.5293737751104
  0
LINE
  5
1E5
100
AcDbEntity
  8
dwgmodels.com
  6
ByLayer
 62
  183
370
   -1
100
AcDbLine
 10
2.085130965024291
 20
9.993147520690115
 11
2.085130965024291
 21
10.52843957135593
  0
LINE
  5
1E6
100
AcDbEntity
  8
dwgmodels.com
  6
ByLayer
 62
  183
370
   -1
100
AcDbLine
 10
2.428448723549081
 20
9.993147520690115
 11
2.428448723549081
 21
10.52843957135593
  0
LINE
  5
1E7
100
AcDbEntity
  8
dwgmodels.com
  6
ByLayer
 62
  183
370
   -1
100
AcDbLine
 10
1.840908266312908
 20
9.988726272672466
 11
1.840908266312908
 21
10.5293737751104
  0
LINE
  5
1E8
100
AcDbEntity
  8
dwgmodels.com
  6
ByLayer
 62
  183
370
   -1
100
AcDbLine
 10
1.923623332077113
 20
9.993147520690115
 11
1.923623332077113
 21
10.52843957135593
  0
LINE
  5
1E9
100
AcDbEntity
  8
dwgmodels.com
  6
ByLayer
 62
  183
370
   -1
100
AcDbLine
 10
1.694319803937105
 20
9.988726272672466
 11
1.758067122158536
 21
10.5293737751104
  0
LINE
  5
1EA
100
AcDbEntity
  8
dwgmodels.com
  6
ByLayer
 62
  183
370
   -1
100
AcDbLine
 10
1.591671726040659
 20
9.988726272672466
 11
1.527924408695981
 21
10.5293737751104
  0
ARC
  5
1EB
100
AcDbEntity
  8
FURN
  6
ByLayer
 62
  256
370
   -1
100
AcDbCircle
 10
1.149969228372356
 20
16.08958054393486
 40
3.882881132473113
100
AcDbArc
 50
7.672701365516385
 51
16.39543369028107
  0
ARC
  5
1EC
100
AcDbEntity
  8
FURN
  6
ByLayer
 62
  256
370
   -1
100
AcDbCircle
 10
4.952616459177079
 20
16.7919610262893
 40
0.3677551105245611
100
AcDbArc
 50
45.59910881888732
 51
107.077404902207
  0
ARC
  5
1ED
100
AcDbEntity
  8
FURN
  6
ByLayer
 62
  256
370
   -1
100
AcDbCircle
 10
5.607941030273651
 20
15.85033690024164
 40
1.174318570254299
100
AcDbArc
 50
40.9482066320504
 51
91.04228365431345
  0
ARC
  5
1EE
100
AcDbEntity
  8
FURN
  6
ByLayer
 62
  256
370
   -1
100
AcDbCircle
 10
6.695198431854806
 20
14.34802691974278
 40
2.912116432225225
100
AcDbArc
 50
71.01829858510642
 51
111.7974093971815
  0
ARC
  5
1EF
100
AcDbEntity
  8
FURN
  6
ByLayer
 62
  256
370
   -1
100
AcDbCircle
 10
4.746220606983115
 20
15.35048053040072
 40
1.839611615414575
100
AcDbArc
 50
40.41890216988494
 51
85.98709613898907
  0
ARC
  5
1F0
100
AcDbEntity
  8
FURN
  6
ByLayer
 62
  256
370
   -1
100
AcDbCircle
 10
5.44232116306739
 20
18.21296832279819
 40
1.17363657277916
100
AcDbArc
 50
241.0908229889819
 51
278.4041839721868
  0
ARC
  5
1F1
100
AcDbEntity
  8
FURN
  6
ByLayer
 62
  256
370
   -1
100
AcDbCircle
 10
3.635467200045241
 20
18.91823638900405
 40
4.785873735326012
100
AcDbArc
 50
285.6862532087204
 51
301.6501135885453
  0
ARC
  5
1F2
100
AcDbEntity
  8
FURN
  6
ByLayer
 62
  256
370
   -1
100
AcDbCircle
 10
7.167674198917666
 20
15.49071717743357
 40
0.7135780748221979
100
AcDbArc
 50
273.1159846341224
 51
357.3699806053985
  0
ARC
  5
1F3
100
AcDbEntity
  8
FURN
  6
ByLayer
 62
  256
370
   -1
100
AcDbCircle
 10
2.231907903256797
 20
15.10634744192981
 40
2.812434005229636
100
AcDbArc
 50
343.5644030283725
 51
6.170418859822891
  0
ARC
  5
1F4
100
AcDbEntity
  8
FURN
  6
ByLayer
 62
  256
370
   -1
100
AcDbCircle
 10
6.154542045773269
 20
14.49890331167984
 40
1.239506862889849
100
AcDbArc
 50
124.2427853763585
 51
188.7378720600889
  0
ARC
  5
1F5
100
AcDbEntity
  8
FURN
  6
ByLayer
 62
  256
370
   -1
100
AcDbCircle
 10
5.015043240542582
 20
14.65914657114553
 40
0.3589047084057966
100
AcDbArc
 50
256.1981626950089
 51
0.2273253336034508
  0
ARC
  5
1F6
100
AcDbEntity
  8
FURN
  6
ByLayer
 62
  256
370
   -1
100
AcDbCircle
 10
4.687932443717727
 20
16.30325494512851
 40
0.344447686989834
100
AcDbArc
 50
316.7315570311536
 51
14.64939228947405
  0
ARC
  5
1F7
100
AcDbEntity
  8
FURN
  6
ByLayer
 62
  256
370
   -1
100
AcDbCircle
 10
6.190284746862744
 20
15.90157893532029
 40
1.262448981140997
100
AcDbArc
 50
172.4632442471801
 51
202.9830351376349
  0
ARC
  5
1F8
100
AcDbEntity
  8
FURN
  6
ByLayer
 62
  256
370
   -1
100
AcDbCircle
 10
6.326543796127226
 20
17.03583192469694
 40
1.459288977957638
100
AcDbArc
 50
174.1100114663333
 51
219.0595772858012
  0
ARC
  5
1F9
100
AcDbEntity
  8
FURN
  6
ByLayer
 62
  256
370
   -1
100
AcDbCircle
 10
4.063572570274118
 20
18.52514246600526
 40
0.2252912671033832
100
AcDbArc
 50
180
 51
270
  0
HATCH
  5
1FA
100
AcDbEntity
  8
hatch
  6
ByLayer
 62
  183
370
   -1
100
AcDbHatch
 10
0
 20
0
 30
0
210
0
220
0
230
1
  2
HEX
 70
    0
 71
    0
 91
    1
 92
    0
 93
    5
 72
    2
 10
2.537624470776838
 20
6.599903785644097
 40
0.7097100597150605
 50
8.246504418488875
 51
25.29405036731324
 73
    1
 72
    2
 10
2.039016590600101
 20
5.429841058460629
 40
1.863016619496028
 50
52.26147778994548
 51
69.70028089166917
 73
    1
 72
    2
 10
2.798739651837742
 20
7.352079354278795
 40
0.2084645379046824
 50
122.9498138588053
 51
229.0990009126859
 73
    0
 72
    2
 10
2.796396147933477
 20
7.03002254476167
 40
0.4980304981089074
 50
254.3738145294807
 51
329.911737316068
 73
    0
 72
    2
 10
2.864940627283652
 20
6.982613564702387
 40
0.4685932609615484
 50
320.6541089359877
 51
36.8329982148659
 73
    0
 97
    0
 75
    0
 76
    1
 52
0
 41
0.3406403958603155
 77
    0
 78
    0
 98
    0
  0
LINE
  5
1FB
100
AcDbEntity
  8
dwgmodels.com
  6
ByLayer
 62
  183
370
   -1
100
AcDbLine
 10
2.548740887585154
 20
6.810913850861994
 11
2.548740887585154
 21
6.896073949916001
  0
ARC
  5
1FC
100
AcDbEntity
  8
dwgmodels.com
  6
ByLayer
 62
  183
370
   -1
100
AcDbCircle
 10
2.781302973166021
 20
6.667288632685199
 40
0.1688858646520565
100
AcDbArc
 50
338.9591072617702
 51
62.99118622613635
  0
LWPOLYLINE
  5
1FD
100
AcDbEntity
  8
dwgmodels.com
  6
ByLayer
 62
  183
370
   -1
100
AcDbPolyline
 90
    5
 70
    1
 43
0
 10
3.239996227392112
 20
6.70169909187149
 42
0.07452144396591524
 10
3.179292442520818
 20
6.903137330785
 42
0.07623832618237626
 10
2.685354909244778
 20
7.177146899568585
 42
-0.4993946391985518
 10
2.662246663097903
 20
7.509645618398622
 42
-0.3420739398306329
 10
3.22731909792128
 20
7.279701915596377
 42
-0.3452009433040968
  0
LWPOLYLINE
  5
1FE
100
AcDbEntity
  8
dwgmodels.com
  6
ByLayer
 62
  183
370
   -1
100
AcDbPolyline
 90
    6
 70
    0
 43
0
 10
3.127763968328509
 20
6.620127466241286
 42
0.09025133795253616
 10
3.082803077453718
 20
6.826738330076068
 42
0.07363654167371357
 10
2.633194324316718
 20
7.069281523040104
 42
-0.5411217863543138
 10
2.606217774056859
 20
7.617249479125405
 42
-0.3490391417785463
 10
3.325591833978251
 20
7.347757045024252
 42
-0.3549231788205707
 10
3.31680656428216
 20
6.606652834471504
 42
-0.3549231788205707
  0
LWPOLYLINE
  5
1FF
100
AcDbEntity
  8
dwgmodels.com
  6
ByLayer
 62
  183
370
   -1
100
AcDbPolyline
 90
    6
 70
    0
 43
0
 10
3.195852078220923
 20
6.622460799740509
 42
0.09750625641589013
 10
3.13817522390309
 20
6.870294603241746
 42
0.07525265259921875
 10
2.662643970812496
 20
7.131059741141257
 42
-0.5209691084379945
 10
2.637854175263783
 20
7.555764324618907
 42
-0.3456067798843855
 10
3.269446415048151
 20
7.308883479835401
 42
-0.3900242836171294
 10
3.223730983263521
 20
6.606652834471504
 42
-0.3900242836171294
  0
LWPOLYLINE
  5
200
100
AcDbEntity
  8
dwgmodels.com
  6
ByLayer
 62
  183
370
   -1
100
AcDbPolyline
 90
    3
 70
    0
 43
0
 10
2.321615431155806
 20
7.639039081051294
 42
-0.3224756214508723
 10
3.100787418068649
 20
7.841826518835376
 42
-0.3064658726302449
 10
3.671790568700089
 20
6.606652834471504
 42
-0.3064658726302449
  0
ARC
  5
201
100
AcDbEntity
  8
dwgmodels.com
  6
ByLayer
 62
  183
370
   -1
100
AcDbCircle
 10
2.888261778316519
 20
7.520027055325386
 40
0.7029235757129259
100
AcDbArc
 50
216.2806726981043
 51
267.5324718065537
  0
LWPOLYLINE
  5
202
100
AcDbEntity
  8
dwgmodels.com
  6
ByLayer
 62
  183
370
   -1
100
AcDbPolyline
 90
    2
 70
    0
 43
0
 10
3.838281302963878
 20
9.258782567338301
 10
2.321615431155806
 20
9.258782567338301
  0
HATCH
  5
203
100
AcDbEntity
  8
hatch
  6
ByLayer
 62
  183
370
   -1
100
AcDbHatch
 10
0
 20
0
 30
0
210
0
220
0
230
1
  2
HEX
 70
    0
 71
    0
 91
    1
 92
    0
 93
    5
 72
    2
 10
2.537624470776838
 20
3.947774052777299
 40
0.7097100597150605
 50
8.246504418488875
 51
25.29405036731324
 73
    1
 72
    2
 10
2.039016590600101
 20
2.777711325593832
 40
1.863016619496028
 50
52.26147778994548
 51
69.70028089166917
 73
    1
 72
    2
 10
2.798739651837721
 20
4.69994962141197
 40
0.208464537904647
 50
122.9498138588046
 51
229.0990009126852
 73
    0
 72
    2
 10
2.796396147933477
 20
4.377892811894816
 40
0.4980304981089074
 50
254.3738145294807
 51
329.911737316068
 73
    0
 72
    2
 10
2.864940627283688
 20
4.330483831835561
 40
0.4685932609615023
 50
320.6541089359876
 51
36.8329982148658
 73
    0
 97
    0
 75
    0
 76
    1
 52
0
 41
0.3406403958603155
 77
    0
 78
    0
 98
    0
  0
HATCH
  5
204
100
AcDbEntity
  8
hatch
  6
ByLayer
 62
  183
370
   -1
100
AcDbHatch
 10
0
 20
0
 30
0
210
0
220
0
230
1
  2
HEX
 70
    0
 71
    0
 91
    1
 92
    0
 93
    5
 72
    2
 10
2.537624470776838
 20
2.13937260070187
 40
0.7097100597150605
 50
8.246504418488875
 51
25.29405036731324
 73
    1
 72
    2
 10
2.039016590243736
 20
0.9693098735730572
 40
1.863016619670922
 50
52.26147778024957
 51
69.70028088197327
 73
    1
 72
    2
 10
2.798739651796669
 20
2.891548169391224
 40
0.2084645378364785
 50
122.9498138575025
 51
229.0990009113831
 73
    0
 72
    2
 10
2.79639614800398
 20
2.569491359874071
 40
0.4980304980752907
 50
254.3738145199767
 51
329.911737306564
 73
    0
 72
    2
 10
2.864940627213958
 20
2.522082379814787
 40
0.4685932610500786
 50
320.654108936225
 51
36.8329982151033
 73
    0
 97
    0
 75
    0
 76
    1
 52
0
 41
0.3406403958603155
 77
    0
 78
    0
 98
    0
  0
HATCH
  5
205
100
AcDbEntity
  8
hatch
  6
ByLayer
 62
  183
370
   -1
100
AcDbHatch
 10
0
 20
0
 30
0
210
0
220
0
230
1
  2
CROSS
 70
    0
 71
    0
 91
    1
 92
    0
 93
    8
 72
    2
 10
4.484202110251938
 20
4.205710378154433
 40
0.6890862902449589
 50
248.8416860311184
 51
321.2973006212403
 73
    1
 72
    1
 10
5.02196570536762
 20
3.774838899437384
 11
5.02196570536762
 21
2.146121649529391
 72
    1
 10
5.02196570536762
 20
2.146121649529391
 11
3.671790568700089
 21
2.146121649529391
 72
    2
 10
2.473328833905968
 20
2.341660051024522
 40
1.214308773016569
 50
350.7333970470706
 51
58.8874557403405
 73
    1
 72
    2
 10
2.852064371445274
 20
2.738662653585644
 40
0.6890862904752698
 50
68.84168602437288
 51
140.3346706599875
 73
    1
 72
    1
 10
2.321615431155806
 20
3.178507896218491
 11
2.321615431155806
 21
4.798251382396188
 72
    1
 10
2.321615431155806
 20
4.798251382396188
 11
3.664475913155911
 21
4.798251382396188
 72
    2
 10
4.862937647950035
 20
4.60271298090106
 40
1.214308773016572
 50
170.7333970470707
 51
238.8874557403404
 73
    1
 97
    0
 75
    0
 76
    1
 52
0
 41
0.6812807917206309
 77
    0
 78
    0
 98
    0
  0
LWPOLYLINE
  5
206
100
AcDbEntity
  8
dwgmodels.com
  6
ByLayer
 62
  183
370
   -1
100
AcDbPolyline
 90
    3
 70
    0
 43
0
 10
2.321615431155807
 20
4.986909348184497
 42
-0.3224756214508723
 10
3.100787418068649
 20
5.189696785859269
 42
-0.3064658726302449
 10
3.671790568700089
 20
3.954523101495397
 42
-0.3064658726302449
  0
LWPOLYLINE
  5
207
100
AcDbEntity
  8
dwgmodels.com
  6
ByLayer
 62
  183
370
   -1
100
AcDbPolyline
 90
    5
 70
    1
 43
0
 10
3.239996227392112
 20
4.049569359004693
 42
0.07452144396591524
 10
3.179292442520818
 20
4.251007597918203
 42
0.07623832618237626
 10
2.685354909244778
 20
4.525017166701788
 42
-0.4993946391985517
 10
2.662246663097903
 20
4.857515885531768
 42
-0.3420739398306329
 10
3.22731909792128
 20
4.627572182729523
 42
-0.3452009433040968
  0
LWPOLYLINE
  5
208
100
AcDbEntity
  8
dwgmodels.com
  6
ByLayer
 62
  183
370
   -1
100
AcDbPolyline
 90
    6
 70
    0
 43
0
 10
3.195852078220923
 20
3.970331066764459
 42
0.09750625641589013
 10
3.13817522390309
 20
4.218164870374949
 42
0.07525265259921875
 10
2.662643970812496
 20
4.47893000827446
 42
-0.5209691084379945
 10
2.637854175263783
 20
4.903634591752109
 42
-0.3456067798843849
 10
3.269446415048151
 20
4.656753746859351
 42
-0.3900242836171296
 10
3.223730983263521
 20
3.954523101495397
 42
-0.3900242836171296
  0
LWPOLYLINE
  5
209
100
AcDbEntity
  8
dwgmodels.com
  6
ByLayer
 62
  183
370
   -1
100
AcDbPolyline
 90
    6
 70
    0
 43
0
 10
3.127763968328509
 20
3.967997733374489
 42
0.09025133795253616
 10
3.082803077453718
 20
4.174608597209271
 42
0.07363654167371357
 10
2.633194324316718
 20
4.417151790173307
 42
-0.5411217863543138
 10
2.606217774056859
 20
4.965119746258608
 42
-0.3490391417785464
 10
3.325591833978251
 20
4.695627312157455
 42
-0.3549231788205707
 10
3.31680656428216
 20
3.954523101495397
 42
-0.3549231788205707
  0
LWPOLYLINE
  5
20A
100
AcDbEntity
  8
dwgmodels.com
  6
ByLayer
 62
  183
370
   -1
100
AcDbPolyline
 90
    2
 70
    0
 43
0
 10
2.321615431155806
 20
3.954523101495397
 10
3.838281302963878
 20
3.954523101495397
  0
LWPOLYLINE
  5
20B
100
AcDbEntity
  8
dwgmodels.com
  6
ByLayer
 62
  183
370
   -1
100
AcDbPolyline
 90
    5
 70
    1
 43
0
 10
3.239996227392112
 20
2.241167906929263
 42
0.07452144396591524
 10
3.179292442520818
 20
2.442606145842774
 42
0.07623832618237626
 10
2.685354909244779
 20
2.716615714735667
 42
-0.4993946391985515
 10
2.662246663097903
 20
3.049114433456396
 42
-0.3420739398306333
 10
3.227319097921281
 20
2.819170730763403
 42
-0.3452009433040968
  0
LWPOLYLINE
  5
20C
100
AcDbEntity
  8
dwgmodels.com
  6
ByLayer
 62
  183
370
   -1
100
AcDbPolyline
 90
    6
 70
    0
 43
0
 10
3.127763968328509
 20
2.159596281299059
 42
0.09025133795253616
 10
3.082803077453718
 20
2.366207145243095
 42
0.07363654167371357
 10
2.633194324316719
 20
2.608750338207187
 42
-0.5411217863543136
 10
2.606217774056859
 20
3.156718294292489
 42
-0.3490391417785462
 10
3.325591833978251
 20
2.887225860191335
 42
-0.3549231788205707
 10
3.31680656428216
 20
2.146121649529277
 42
-0.3549231788205707
  0
LWPOLYLINE
  5
20D
100
AcDbEntity
  8
dwgmodels.com
  6
ByLayer
 62
  183
370
   -1
100
AcDbPolyline
 90
    6
 70
    0
 43
0
 10
3.195852078220923
 20
2.161929614798339
 42
0.09750625641589013
 10
3.138175223903091
 20
2.409763418408772
 42
0.07525265259921875
 10
2.662643970812496
 20
2.670528556308341
 42
-0.5209691084379949
 10
2.637854175263783
 20
3.095233139676679
 42
-0.3456067798843854
 10
3.269446415048151
 20
2.848352294893232
 42
-0.3900242836171294
 10
3.223730983263522
 20
2.146121649529277
 42
-0.3900242836171294
  0
LWPOLYLINE
  5
20E
100
AcDbEntity
  8
dwgmodels.com
  6
ByLayer
 62
  183
370
   -1
100
AcDbPolyline
 90
    3
 70
    0
 43
0
 10
2.321615431155806
 20
3.178507896218377
 42
-0.3224756214508725
 10
3.100787418068649
 20
3.381295333893149
 42
-0.3064658726302449
 10
3.671790568700089
 20
2.146121649529277
 42
-0.3064658726302449
  0
LWPOLYLINE
  5
20F
100
AcDbEntity
  8
dwgmodels.com
  6
ByLayer
 62
  183
370
   -1
100
AcDbPolyline
 90
    5
 70
    0
 43
0
 10
3.838281302963878
 20
3.954523101495397
 10
2.321615431155806
 20
3.954523101495397
 10
2.321615431155806
 20
2.146121649529277
 10
4.002753635071713
 20
2.146121649529277
 10
4.002753635071713
 20
3.51925570144374
  0
ARC
  5
210
100
AcDbEntity
  8
dwgmodels.com
  6
ByLayer
 62
  183
370
   -1
100
AcDbCircle
 10
2.888261778316519
 20
4.867897322458589
 40
0.7029235757129259
100
AcDbArc
 50
216.2806726981043
 51
267.5324718065537
  0
ARC
  5
211
100
AcDbEntity
  8
dwgmodels.com
  6
ByLayer
 62
  183
370
   -1
100
AcDbCircle
 10
2.888261778316519
 20
3.059495870492469
 40
0.7029235757129259
100
AcDbArc
 50
216.2806726981043
 51
267.5324718065537
  0
LWPOLYLINE
  5
212
100
AcDbEntity
  8
dwgmodels.com
  6
ByLayer
 62
  183
370
   -1
100
AcDbPolyline
 90
    3
 70
    0
 43
0
 10
6.703103908410412
 20
3.178507896218377
 42
-0.3224756214508726
 10
7.482275894446502
 20
3.381295333893149
 42
-0.3064658726302449
 10
8.053279045077943
 20
2.146121649529276
 42
-0.3064658726302449
  0
LWPOLYLINE
  5
213
100
AcDbEntity
  8
dwgmodels.com
  6
ByLayer
 62
  183
370
   -1
100
AcDbPolyline
 90
    2
 70
    0
 43
0
 10
9.403454181745474
 20
2.146121649529277
 10
9.403454181745474
 20
3.51925570144374
  0
LINE
  5
214
100
AcDbEntity
  8
dwgmodels.com
  6
ByLayer
 62
  183
370
   -1
100
AcDbLine
 10
8.122470749625791
 20
2.52070286391853
 11
8.122470749625791
 21
2.605862962863227
  0
LINE
  5
215
100
AcDbEntity
  8
dwgmodels.com
  6
ByLayer
 62
  183
370
   -1
100
AcDbLine
 10
8.463111146280426
 20
2.52070286391853
 11
8.463111146280426
 21
2.605862962863227
  0
LINE
  5
216
100
AcDbEntity
  8
dwgmodels.com
  6
ByLayer
 62
  183
370
   -1
100
AcDbLine
 10
8.803751542058308
 20
2.52070286391853
 11
8.803751542058308
 21
2.605862962863227
  0
LINE
  5
217
100
AcDbEntity
  8
dwgmodels.com
  6
ByLayer
 62
  183
370
   -1
100
AcDbLine
 10
9.144391937839828
 20
2.52070286391853
 11
9.144391937839828
 21
2.605862962863227
  0
LINE
  5
218
100
AcDbEntity
  8
dwgmodels.com
  6
ByLayer
 62
  183
370
   -1
100
AcDbLine
 10
8.122470749625791
 20
2.180062468030314
 11
8.122470749625791
 21
2.265222567084322
  0
LINE
  5
219
100
AcDbEntity
  8
dwgmodels.com
  6
ByLayer
 62
  183
370
   -1
100
AcDbLine
 10
8.292790947954927
 20
2.350382666029077
 11
8.292790947954927
 21
2.435542764973775
  0
LINE
  5
21A
100
AcDbEntity
  8
dwgmodels.com
  6
ByLayer
 62
  183
370
   -1
100
AcDbLine
 10
8.16505079986382
 20
2.563282913390879
 11
8.079890700264514
 21
2.563282913390879
  0
LINE
  5
21B
100
AcDbEntity
  8
dwgmodels.com
  6
ByLayer
 62
  183
370
   -1
100
AcDbLine
 10
8.16505079986382
 20
2.222642517611973
 11
8.079890700264514
 21
2.222642517611973
  0
LINE
  5
21C
100
AcDbEntity
  8
dwgmodels.com
  6
ByLayer
 62
  183
370
   -1
100
AcDbLine
 10
8.676011393097724
 20
2.392962715501426
 11
8.590851294371532
 21
2.392962715501426
  0
LINE
  5
21D
100
AcDbEntity
  8
dwgmodels.com
  6
ByLayer
 62
  183
370
   -1
100
AcDbLine
 10
8.633431343732809
 20
2.350382666029077
 11
8.633431343732809
 21
2.435542764973775
  0
LINE
  5
21E
100
AcDbEntity
  8
dwgmodels.com
  6
ByLayer
 62
  183
370
   -1
100
AcDbLine
 10
8.50569119564534
 20
2.563282913390879
 11
8.420531096042396
 21
2.563282913390879
  0
LINE
  5
21F
100
AcDbEntity
  8
dwgmodels.com
  6
ByLayer
 62
  183
370
   -1
100
AcDbLine
 10
8.50569119564534
 20
2.222642517611973
 11
8.420531096042396
 21
2.222642517611973
  0
LINE
  5
220
100
AcDbEntity
  8
dwgmodels.com
  6
ByLayer
 62
  183
370
   -1
100
AcDbLine
 10
9.314712135292211
 20
2.350382666029077
 11
9.314712135292211
 21
2.435542764973775
  0
LINE
  5
221
100
AcDbEntity
  8
dwgmodels.com
  6
ByLayer
 62
  183
370
   -1
100
AcDbLine
 10
9.357292184653488
 20
2.392962715501426
 11
9.272132085927296
 21
2.392962715501426
  0
LINE
  5
222
100
AcDbEntity
  8
dwgmodels.com
  6
ByLayer
 62
  183
370
   -1
100
AcDbLine
 10
9.186971987201105
 20
2.563282913390879
 11
9.101811888474913
 21
2.563282913390879
  0
LINE
  5
223
100
AcDbEntity
  8
dwgmodels.com
  6
ByLayer
 62
  183
370
   -1
100
AcDbLine
 10
9.016651788875606
 20
2.392962715501426
 11
8.931491690149414
 21
2.392962715501426
  0
LINE
  5
224
100
AcDbEntity
  8
dwgmodels.com
  6
ByLayer
 62
  183
370
   -1
100
AcDbLine
 10
9.186971987201105
 20
2.222642517611973
 11
9.101811888474913
 21
2.222642517611973
  0
LINE
  5
225
100
AcDbEntity
  8
dwgmodels.com
  6
ByLayer
 62
  183
370
   -1
100
AcDbLine
 10
8.974071739510691
 20
2.350382666029077
 11
8.974071739510691
 21
2.435542764973775
  0
LINE
  5
226
100
AcDbEntity
  8
dwgmodels.com
  6
ByLayer
 62
  183
370
   -1
100
AcDbLine
 10
8.846331591423223
 20
2.563282913390879
 11
8.761171491823916
 21
2.563282913390879
  0
LINE
  5
227
100
AcDbEntity
  8
dwgmodels.com
  6
ByLayer
 62
  183
370
   -1
100
AcDbLine
 10
8.846331591423223
 20
2.222642517611973
 11
8.761171491823916
 21
2.222642517611973
  0
LINE
  5
228
100
AcDbEntity
  8
dwgmodels.com
  6
ByLayer
 62
  183
370
   -1
100
AcDbLine
 10
8.803751542058308
 20
2.180062468030314
 11
8.803751542058308
 21
2.265222567084322
  0
LINE
  5
229
100
AcDbEntity
  8
dwgmodels.com
  6
ByLayer
 62
  183
370
   -1
100
AcDbLine
 10
9.144391937839828
 20
2.180062468030314
 11
9.144391937839828
 21
2.265222567084322
  0
LINE
  5
22A
100
AcDbEntity
  8
dwgmodels.com
  6
ByLayer
 62
  183
370
   -1
100
AcDbLine
 10
8.463111146280426
 20
2.180062468030314
 11
8.463111146280426
 21
2.265222567084322
  0
LINE
  5
22B
100
AcDbEntity
  8
dwgmodels.com
  6
ByLayer
 62
  183
370
   -1
100
AcDbLine
 10
8.335370997316204
 20
2.392962715501426
 11
8.250210898590012
 21
2.392962715501426
  0
LINE
  5
22C
100
AcDbEntity
  8
dwgmodels.com
  6
ByLayer
 62
  183
370
   -1
100
AcDbLine
 10
8.122470749625791
 20
2.861343259806688
 11
8.122470749625791
 21
2.946503358751443
  0
LINE
  5
22D
100
AcDbEntity
  8
dwgmodels.com
  6
ByLayer
 62
  183
370
   -1
100
AcDbLine
 10
8.122470749625791
 20
3.201983655694903
 11
8.122470749625791
 21
3.287143754639601
  0
LINE
  5
22E
100
AcDbEntity
  8
dwgmodels.com
  6
ByLayer
 62
  183
370
   -1
100
AcDbLine
 10
7.994730601538322
 20
3.074243507168489
 11
7.90957050281213
 21
3.074243507168489
  0
LINE
  5
22F
100
AcDbEntity
  8
dwgmodels.com
  6
ByLayer
 62
  183
370
   -1
100
AcDbLine
 10
7.952150552173407
 20
3.031663457696141
 11
7.952150552173407
 21
3.116823556640895
  0
LINE
  5
230
100
AcDbEntity
  8
dwgmodels.com
  6
ByLayer
 62
  183
370
   -1
100
AcDbLine
 10
8.292790947954927
 20
2.691023061917235
 11
8.292790947954927
 21
2.77618316086199
  0
LINE
  5
231
100
AcDbEntity
  8
dwgmodels.com
  6
ByLayer
 62
  183
370
   -1
100
AcDbLine
 10
8.292790947954927
 20
3.031663457696141
 11
8.292790947954927
 21
3.116823556640895
  0
LINE
  5
232
100
AcDbEntity
  8
dwgmodels.com
  6
ByLayer
 62
  183
370
   -1
100
AcDbLine
 10
8.16505079986382
 20
3.244563705167252
 11
8.079890700264514
 21
3.244563705167252
  0
LINE
  5
233
100
AcDbEntity
  8
dwgmodels.com
  6
ByLayer
 62
  183
370
   -1
100
AcDbLine
 10
8.16505079986382
 20
2.903923309279037
 11
8.079890700264514
 21
2.903923309279037
  0
LINE
  5
234
100
AcDbEntity
  8
dwgmodels.com
  6
ByLayer
 62
  183
370
   -1
100
AcDbLine
 10
8.676011393097724
 20
2.733603111389584
 11
8.590851294371532
 21
2.733603111389584
  0
LINE
  5
235
100
AcDbEntity
  8
dwgmodels.com
  6
ByLayer
 62
  183
370
   -1
100
AcDbLine
 10
8.676011393097724
 20
3.074243507168489
 11
8.590851294371532
 21
3.074243507168489
  0
LINE
  5
236
100
AcDbEntity
  8
dwgmodels.com
  6
ByLayer
 62
  183
370
   -1
100
AcDbLine
 10
8.633431343732809
 20
2.691023061917235
 11
8.633431343732809
 21
2.77618316086199
  0
LINE
  5
237
100
AcDbEntity
  8
dwgmodels.com
  6
ByLayer
 62
  183
370
   -1
100
AcDbLine
 10
8.633431343732809
 20
3.031663457696141
 11
8.633431343732809
 21
3.116823556640895
  0
LINE
  5
238
100
AcDbEntity
  8
dwgmodels.com
  6
ByLayer
 62
  183
370
   -1
100
AcDbLine
 10
8.463111146280426
 20
2.861343259806688
 11
8.463111146280426
 21
2.946503358751443
  0
LINE
  5
239
100
AcDbEntity
  8
dwgmodels.com
  6
ByLayer
 62
  183
370
   -1
100
AcDbLine
 10
8.463111146280426
 20
3.201983655694903
 11
8.463111146280426
 21
3.287143754639601
  0
LINE
  5
23A
100
AcDbEntity
  8
dwgmodels.com
  6
ByLayer
 62
  183
370
   -1
100
AcDbLine
 10
8.50569119564534
 20
3.244563705167252
 11
8.420531096042396
 21
3.244563705167252
  0
LINE
  5
23B
100
AcDbEntity
  8
dwgmodels.com
  6
ByLayer
 62
  183
370
   -1
100
AcDbLine
 10
8.50569119564534
 20
2.903923309279037
 11
8.420531096042396
 21
2.903923309279037
  0
LINE
  5
23C
100
AcDbEntity
  8
dwgmodels.com
  6
ByLayer
 62
  183
370
   -1
100
AcDbLine
 10
9.314712135292211
 20
2.691023061917235
 11
9.314712135292211
 21
2.77618316086199
  0
LINE
  5
23D
100
AcDbEntity
  8
dwgmodels.com
  6
ByLayer
 62
  183
370
   -1
100
AcDbLine
 10
9.314712135292211
 20
3.031663457696141
 11
9.314712135292211
 21
3.116823556640895
  0
LINE
  5
23E
100
AcDbEntity
  8
dwgmodels.com
  6
ByLayer
 62
  183
370
   -1
100
AcDbLine
 10
9.357292184653488
 20
2.733603111389584
 11
9.272132085927296
 21
2.733603111389584
  0
LINE
  5
23F
100
AcDbEntity
  8
dwgmodels.com
  6
ByLayer
 62
  183
370
   -1
100
AcDbLine
 10
9.357292184653488
 20
3.074243507168489
 11
9.272132085927296
 21
3.074243507168489
  0
LINE
  5
240
100
AcDbEntity
  8
dwgmodels.com
  6
ByLayer
 62
  183
370
   -1
100
AcDbLine
 10
8.803751542058308
 20
2.861343259806688
 11
8.803751542058308
 21
2.946503358751443
  0
LINE
  5
241
100
AcDbEntity
  8
dwgmodels.com
  6
ByLayer
 62
  183
370
   -1
100
AcDbLine
 10
8.803751542058308
 20
3.201983655694903
 11
8.803751542058308
 21
3.287143754639601
  0
LINE
  5
242
100
AcDbEntity
  8
dwgmodels.com
  6
ByLayer
 62
  183
370
   -1
100
AcDbLine
 10
9.016651788875606
 20
2.733603111389584
 11
8.931491690149414
 21
2.733603111389584
  0
LINE
  5
243
100
AcDbEntity
  8
dwgmodels.com
  6
ByLayer
 62
  183
370
   -1
100
AcDbLine
 10
8.974071739510691
 20
2.691023061917235
 11
8.974071739510691
 21
2.77618316086199
  0
LINE
  5
244
100
AcDbEntity
  8
dwgmodels.com
  6
ByLayer
 62
  183
370
   -1
100
AcDbLine
 10
9.186971987201105
 20
3.244563705167252
 11
9.101811888474913
 21
3.244563705167252
  0
LINE
  5
245
100
AcDbEntity
  8
dwgmodels.com
  6
ByLayer
 62
  183
370
   -1
100
AcDbLine
 10
9.016651788875606
 20
3.074243507168489
 11
8.931491690149414
 21
3.074243507168489
  0
LINE
  5
246
100
AcDbEntity
  8
dwgmodels.com
  6
ByLayer
 62
  183
370
   -1
100
AcDbLine
 10
9.186971987201105
 20
2.903923309279037
 11
9.101811888474913
 21
2.903923309279037
  0
LINE
  5
247
100
AcDbEntity
  8
dwgmodels.com
  6
ByLayer
 62
  183
370
   -1
100
AcDbLine
 10
9.144391937839828
 20
2.861343259806688
 11
9.144391937839828
 21
2.946503358751443
  0
LINE
  5
248
100
AcDbEntity
  8
dwgmodels.com
  6
ByLayer
 62
  183
370
   -1
100
AcDbLine
 10
9.144391937839828
 20
3.201983655694903
 11
9.144391937839828
 21
3.287143754639601
  0
LINE
  5
249
100
AcDbEntity
  8
dwgmodels.com
  6
ByLayer
 62
  183
370
   -1
100
AcDbLine
 10
8.974071739510691
 20
3.031663457696141
 11
8.974071739510691
 21
3.116823556640895
  0
LINE
  5
24A
100
AcDbEntity
  8
dwgmodels.com
  6
ByLayer
 62
  183
370
   -1
100
AcDbLine
 10
8.846331591423223
 20
3.244563705167252
 11
8.761171491823916
 21
3.244563705167252
  0
LINE
  5
24B
100
AcDbEntity
  8
dwgmodels.com
  6
ByLayer
 62
  183
370
   -1
100
AcDbLine
 10
8.846331591423223
 20
2.903923309279037
 11
8.761171491823916
 21
2.903923309279037
  0
LINE
  5
24C
100
AcDbEntity
  8
dwgmodels.com
  6
ByLayer
 62
  183
370
   -1
100
AcDbLine
 10
8.335370997316204
 20
2.733603111389584
 11
8.250210898590012
 21
2.733603111389584
  0
LINE
  5
24D
100
AcDbEntity
  8
dwgmodels.com
  6
ByLayer
 62
  183
370
   -1
100
AcDbLine
 10
8.335370997316204
 20
3.074243507168489
 11
8.250210898590012
 21
3.074243507168489
  0
LWPOLYLINE
  5
24E
100
AcDbEntity
  8
dwgmodels.com
  6
ByLayer
 62
  183
370
   -1
100
AcDbPolyline
 90
    2
 70
    0
 43
0
 10
4.002753635071713
 20
3.51925570144374
 10
4.002753635071713
 20
2.146121649529277
  0
HATCH
  5
24F
100
AcDbEntity
  8
hatch
  6
ByLayer
 62
  183
370
   -1
100
AcDbHatch
 10
0
 20
0
 30
0
210
0
220
0
230
1
  2
HEX
 70
    0
 71
    0
 91
    1
 92
    0
 93
    5
 72
    2
 10
4.218762674254369
 20
2.139372597776927
 40
0.7097100605684354
 50
8.246504647105416
 51
25.29405059592978
 73
    1
 72
    2
 10
3.72015479328289
 20
0.9693098735730572
 40
1.863016619670922
 50
52.26147778024957
 51
69.70028088197327
 73
    1
 72
    2
 10
4.479877854837642
 20
2.891548169389857
 40
0.2084645378363208
 50
122.9498138581264
 51
229.099000912007
 73
    0
 72
    2
 10
4.477534351044953
 20
2.569491359876418
 40
0.4980304980725397
 50
254.3738145201054
 51
329.9117373066927
 73
    0
 72
    2
 10
4.546078830691489
 20
2.522082379255493
 40
0.4685932610656605
 50
320.6541088493569
 51
36.83299812823508
 73
    0
 97
    0
 75
    0
 76
    1
 52
0
 41
0.3406403958603155
 77
    0
 78
    0
 98
    0
  0
LWPOLYLINE
  5
250
100
AcDbEntity
  8
dwgmodels.com
  6
ByLayer
 62
  183
370
   -1
100
AcDbPolyline
 90
    3
 70
    0
 43
0
 10
4.002753635071713
 20
3.178507896218377
 42
-0.3224756214508726
 10
4.781925621107803
 20
3.381295333893149
 42
-0.3064658726302449
 10
5.352928771742882
 20
2.146121649529277
 42
-0.3064658726302449
  0
LWPOLYLINE
  5
251
100
AcDbEntity
  8
dwgmodels.com
  6
ByLayer
 62
  183
370
   -1
100
AcDbPolyline
 90
    6
 70
    0
 43
0
 10
4.808902171371302
 20
2.159596281299059
 42
0.09025133795253627
 10
4.76394128049651
 20
2.366207145243096
 42
0.07363654167371357
 10
4.314332527359511
 20
2.608750338207187
 42
-0.5411217863543132
 10
4.287355977096013
 20
3.156718294292489
 42
-0.3490391417785464
 10
5.006730037017406
 20
2.887225860191336
 42
-0.3549231788205707
 10
4.997944767324952
 20
2.146121649529277
 42
-0.3549231788205707
  0
LWPOLYLINE
  5
252
100
AcDbEntity
  8
dwgmodels.com
  6
ByLayer
 62
  183
370
   -1
100
AcDbPolyline
 90
    6
 70
    0
 43
0
 10
4.876990281260078
 20
2.161929614798339
 42
0.09750625641589013
 10
4.819313427815359
 20
2.409763418408772
 42
0.07525265259921875
 10
4.343782173855288
 20
2.670528556308341
 42
-0.5209691084379955
 10
4.31899237917969
 20
3.095233139676679
 42
-0.3456067798843852
 10
4.950584618087305
 20
2.848352294893232
 42
-0.3900242836171294
 10
4.904869186306314
 20
2.146121649529277
 42
-0.3900242836171294
  0
LWPOLYLINE
  5
253
100
AcDbEntity
  8
dwgmodels.com
  6
ByLayer
 62
  183
370
   -1
100
AcDbPolyline
 90
    5
 70
    1
 43
0
 10
4.921134431308018
 20
2.241167906929263
 42
0.07452144396591513
 10
4.860430645559973
 20
2.442606145842773
 42
0.07623832618237626
 10
4.366493112283933
 20
2.716615714735668
 42
-0.4993946391985521
 10
4.343384866140696
 20
3.049114433456396
 42
-0.3420739398306333
 10
4.908457300960436
 20
2.819170730763403
 42
-0.3452009433040963
  0
LINE
  5
254
100
AcDbEntity
  8
dwgmodels.com
  6
ByLayer
 62
  183
370
   -1
100
AcDbLine
 10
6.316301515536907
 20
2.392962715501426
 11
6.231141416810715
 21
2.392962715501426
  0
LINE
  5
255
100
AcDbEntity
  8
dwgmodels.com
  6
ByLayer
 62
  183
370
   -1
100
AcDbLine
 10
6.316301515536907
 20
2.733603111389584
 11
6.231141416810715
 21
2.733603111389584
  0
LINE
  5
256
100
AcDbEntity
  8
dwgmodels.com
  6
ByLayer
 62
  183
370
   -1
100
AcDbLine
 10
6.316301515536907
 20
3.074243507168489
 11
6.231141416810715
 21
3.074243507168489
  0
HATCH
  5
257
100
AcDbEntity
  8
hatch
  6
ByLayer
 62
  183
370
   -1
100
AcDbHatch
 10
0
 20
0
 30
0
210
0
220
0
230
1
  2
HEX
 70
    0
 71
    0
 91
    1
 92
    0
 93
    5
 72
    2
 10
6.919112948029626
 20
2.139372600689733
 40
0.7097100597186016
 50
8.246504419437494
 51
25.29405036826186
 73
    1
 72
    2
 10
6.420505067058147
 20
0.9693098707265881
 40
1.863016622189144
 50
52.26147782321248
 51
69.70028092493615
 73
    1
 72
    2
 10
7.18022812861108
 20
2.891548169063145
 40
0.208464537798617
 50
122.9498140072334
 51
229.099001061114
 73
    0
 72
    2
 10
7.177884624818391
 20
2.569491360437507
 40
0.4980304974150878
 50
254.373814550884
 51
329.9117373374713
 73
    0
 72
    2
 10
7.246429104030188
 20
2.522082379255493
 40
0.4685932610656606
 50
320.6541088493569
 51
36.83299812823508
 73
    0
 97
    0
 75
    0
 76
    1
 52
0
 41
0.3406403958603155
 77
    0
 78
    0
 98
    0
  0
LWPOLYLINE
  5
258
100
AcDbEntity
  8
dwgmodels.com
  6
ByLayer
 62
  183
370
   -1
100
AcDbPolyline
 90
    5
 70
    1
 43
0
 10
7.621484704646718
 20
2.241167906929263
 42
0.07452144396591524
 10
7.560780919771788
 20
2.442606145842774
 42
0.07623832618237626
 10
7.066843385622633
 20
2.716615714735668
 42
-0.4993946391985511
 10
7.043735140348872
 20
3.049114433456396
 42
-0.3420739398306333
 10
7.608807574299135
 20
2.819170730763403
 42
-0.3452009433040973
  0
LINE
  5
259
100
AcDbEntity
  8
dwgmodels.com
  6
ByLayer
 62
  183
370
   -1
100
AcDbLine
 10
6.444041664501128
 20
2.52070286391853
 11
6.444041664501128
 21
2.605862962863227
  0
ARC
  5
25A
100
AcDbEntity
  8
dwgmodels.com
  6
ByLayer
 62
  183
370
   -1
100
AcDbCircle
 10
7.269750254694372
 20
3.059495870492469
 40
0.7029235757129259
100
AcDbArc
 50
216.2806726981043
 51
267.5324718065537
  0
LWPOLYLINE
  5
25B
100
AcDbEntity
  8
dwgmodels.com
  6
ByLayer
 62
  183
370
   -1
100
AcDbPolyline
 90
    6
 70
    0
 43
0
 10
7.509252444706362
 20
2.159596281299059
 42
0.09025133795253616
 10
7.464291553831572
 20
2.366207145243095
 42
0.07363654167371357
 10
7.014682801571325
 20
2.608750338207187
 42
-0.5411217863543135
 10
6.987706250434712
 20
3.156718294292489
 42
-0.3490391417785464
 10
7.707080310356105
 20
2.887225860191335
 42
-0.3549231788205707
 10
7.698295040660014
 20
2.146121649529277
 42
-0.3549231788205707
  0
LWPOLYLINE
  5
25C
100
AcDbEntity
  8
dwgmodels.com
  6
ByLayer
 62
  183
370
   -1
100
AcDbPolyline
 90
    6
 70
    0
 43
0
 10
7.577340554598777
 20
2.161929614798339
 42
0.09750625641589002
 10
7.519663701154059
 20
2.409763418408772
 42
0.07525265259921875
 10
7.044132448067103
 20
2.670528556308341
 42
-0.5209691084379965
 10
7.019342652514752
 20
3.095233139676679
 42
-0.3456067798843854
 10
7.650934891426004
 20
2.848352294893232
 42
-0.3900242836171299
 10
7.605219459645014
 20
2.146121649529277
 42
-0.3900242836171299
  0
LINE
  5
25D
100
AcDbEntity
  8
dwgmodels.com
  6
ByLayer
 62
  183
370
   -1
100
AcDbLine
 10
6.486621713866043
 20
2.563282913390879
 11
6.401461614263098
 21
2.563282913390879
  0
LINE
  5
25E
100
AcDbEntity
  8
dwgmodels.com
  6
ByLayer
 62
  183
370
   -1
100
AcDbLine
 10
6.656941911318427
 20
2.392962715501426
 11
6.571781812592235
 21
2.392962715501426
  0
LINE
  5
25F
100
AcDbEntity
  8
dwgmodels.com
  6
ByLayer
 62
  183
370
   -1
100
AcDbLine
 10
6.486621713866043
 20
2.222642517611973
 11
6.401461614263098
 21
2.222642517611973
  0
LINE
  5
260
100
AcDbEntity
  8
dwgmodels.com
  6
ByLayer
 62
  183
370
   -1
100
AcDbLine
 10
6.614361861953512
 20
2.350382666029077
 11
6.614361861953512
 21
2.435542764973775
  0
LINE
  5
261
100
AcDbEntity
  8
dwgmodels.com
  6
ByLayer
 62
  183
370
   -1
100
AcDbLine
 10
6.444041664501128
 20
2.180062468030314
 11
6.444041664501128
 21
2.265222567084322
  0
ARC
  5
262
100
AcDbEntity
  8
dwgmodels.com
  6
ByLayer
 62
  183
370
   -1
100
AcDbCircle
 10
7.162791449543874
 20
2.206757447742973
 40
0.1688858646520565
100
AcDbArc
 50
338.9591072617702
 51
62.99118622613635
  0
LINE
  5
263
100
AcDbEntity
  8
dwgmodels.com
  6
ByLayer
 62
  183
370
   -1
100
AcDbLine
 10
7.824410403212823
 20
3.244563705167252
 11
7.739250304486632
 21
3.244563705167252
  0
LINE
  5
264
100
AcDbEntity
  8
dwgmodels.com
  6
ByLayer
 62
  183
370
   -1
100
AcDbLine
 10
6.656941911318427
 20
2.733603111389584
 11
6.571781812592235
 21
2.733603111389584
  0
LINE
  5
265
100
AcDbEntity
  8
dwgmodels.com
  6
ByLayer
 62
  183
370
   -1
100
AcDbLine
 10
6.614361861953512
 20
2.691023061917235
 11
6.614361861953512
 21
2.77618316086199
  0
LINE
  5
266
100
AcDbEntity
  8
dwgmodels.com
  6
ByLayer
 62
  183
370
   -1
100
AcDbLine
 10
6.486621713866043
 20
3.244563705167252
 11
6.401461614263098
 21
3.244563705167252
  0
LINE
  5
267
100
AcDbEntity
  8
dwgmodels.com
  6
ByLayer
 62
  183
370
   -1
100
AcDbLine
 10
6.656941911318427
 20
3.074243507168489
 11
6.571781812592235
 21
3.074243507168489
  0
LINE
  5
268
100
AcDbEntity
  8
dwgmodels.com
  6
ByLayer
 62
  183
370
   -1
100
AcDbLine
 10
6.486621713866043
 20
2.903923309279037
 11
6.401461614263098
 21
2.903923309279037
  0
LINE
  5
269
100
AcDbEntity
  8
dwgmodels.com
  6
ByLayer
 62
  183
370
   -1
100
AcDbLine
 10
6.614361861953512
 20
3.031663457696141
 11
6.614361861953512
 21
3.116823556640895
  0
LINE
  5
26A
100
AcDbEntity
  8
dwgmodels.com
  6
ByLayer
 62
  183
370
   -1
100
AcDbLine
 10
6.444041664501128
 20
2.861343259806688
 11
6.444041664501128
 21
2.946503358751443
  0
LINE
  5
26B
100
AcDbEntity
  8
dwgmodels.com
  6
ByLayer
 62
  183
370
   -1
100
AcDbLine
 10
6.444041664501128
 20
3.201983655694903
 11
6.444041664501128
 21
3.287143754639601
  0
LINE
  5
26C
100
AcDbEntity
  8
dwgmodels.com
  6
ByLayer
 62
  183
370
   -1
100
AcDbLine
 10
7.781830353847909
 20
3.201983655694903
 11
7.781830353847909
 21
3.287143754639601
  0
LINE
  5
26D
100
AcDbEntity
  8
dwgmodels.com
  6
ByLayer
 62
  183
370
   -1
100
AcDbLine
 10
6.759909166510624
 20
3.239163980526484
 11
6.759909166510624
 21
3.287143754639601
  0
LINE
  5
26E
100
AcDbEntity
  8
dwgmodels.com
  6
ByLayer
 62
  183
370
   -1
100
AcDbLine
 10
6.76568102672536
 20
3.244563705167252
 11
6.717329117149347
 21
3.244563705167252
  0
LINE
  5
26F
100
AcDbEntity
  8
dwgmodels.com
  6
ByLayer
 62
  183
370
   -1
100
AcDbLine
 10
5.422120476290729
 20
2.52070286391853
 11
5.422120476290729
 21
2.605862962863227
  0
LINE
  5
270
100
AcDbEntity
  8
dwgmodels.com
  6
ByLayer
 62
  183
370
   -1
100
AcDbLine
 10
5.762760872068611
 20
2.52070286391853
 11
5.762760872068611
 21
2.605862962863227
  0
LINE
  5
271
100
AcDbEntity
  8
dwgmodels.com
  6
ByLayer
 62
  183
370
   -1
100
AcDbLine
 10
6.103401267846493
 20
2.52070286391853
 11
6.103401267846493
 21
2.605862962863227
  0
LINE
  5
272
100
AcDbEntity
  8
dwgmodels.com
  6
ByLayer
 62
  183
370
   -1
100
AcDbLine
 10
6.27372146617563
 20
2.350382666029077
 11
6.27372146617563
 21
2.435542764973775
  0
LINE
  5
273
100
AcDbEntity
  8
dwgmodels.com
  6
ByLayer
 62
  183
370
   -1
100
AcDbLine
 10
5.592440674616228
 20
2.350382666029077
 11
5.592440674616228
 21
2.435542764973775
  0
LINE
  5
274
100
AcDbEntity
  8
dwgmodels.com
  6
ByLayer
 62
  183
370
   -1
100
AcDbLine
 10
5.635020723981143
 20
2.392962715501426
 11
5.549860625254951
 21
2.392962715501426
  0
LINE
  5
275
100
AcDbEntity
  8
dwgmodels.com
  6
ByLayer
 62
  183
370
   -1
100
AcDbLine
 10
5.464700525652006
 20
2.563282913390879
 11
5.379540426925814
 21
2.563282913390879
  0
LINE
  5
276
100
AcDbEntity
  8
dwgmodels.com
  6
ByLayer
 62
  183
370
   -1
100
AcDbLine
 10
5.464700525652006
 20
2.222642517611973
 11
5.379540426925814
 21
2.222642517611973
  0
LINE
  5
277
100
AcDbEntity
  8
dwgmodels.com
  6
ByLayer
 62
  183
370
   -1
100
AcDbLine
 10
5.422120476290729
 20
2.180062468030314
 11
5.422120476290729
 21
2.265222567084322
  0
LINE
  5
278
100
AcDbEntity
  8
dwgmodels.com
  6
ByLayer
 62
  183
370
   -1
100
AcDbLine
 10
5.805340921433526
 20
2.563282913390879
 11
5.720180822707334
 21
2.563282913390879
  0
LINE
  5
279
100
AcDbEntity
  8
dwgmodels.com
  6
ByLayer
 62
  183
370
   -1
100
AcDbLine
 10
5.805340921433526
 20
2.222642517611973
 11
5.720180822707334
 21
2.222642517611973
  0
LINE
  5
27A
100
AcDbEntity
  8
dwgmodels.com
  6
ByLayer
 62
  183
370
   -1
100
AcDbLine
 10
6.145981318084523
 20
2.563282913390879
 11
6.060821218485216
 21
2.563282913390879
  0
LINE
  5
27B
100
AcDbEntity
  8
dwgmodels.com
  6
ByLayer
 62
  183
370
   -1
100
AcDbLine
 10
5.975661119759025
 20
2.392962715501426
 11
5.890501021032833
 21
2.392962715501426
  0
LINE
  5
27C
100
AcDbEntity
  8
dwgmodels.com
  6
ByLayer
 62
  183
370
   -1
100
AcDbLine
 10
6.145981318084523
 20
2.222642517611973
 11
6.060821218485216
 21
2.222642517611973
  0
LINE
  5
27D
100
AcDbEntity
  8
dwgmodels.com
  6
ByLayer
 62
  183
370
   -1
100
AcDbLine
 10
5.93308107039411
 20
2.350382666029077
 11
5.93308107039411
 21
2.435542764973775
  0
LINE
  5
27E
100
AcDbEntity
  8
dwgmodels.com
  6
ByLayer
 62
  183
370
   -1
100
AcDbLine
 10
5.762760872068611
 20
2.180062468030314
 11
5.762760872068611
 21
2.265222567084322
  0
LINE
  5
27F
100
AcDbEntity
  8
dwgmodels.com
  6
ByLayer
 62
  183
370
   -1
100
AcDbLine
 10
6.103401267846493
 20
2.180062468030314
 11
6.103401267846493
 21
2.265222567084322
  0
LINE
  5
280
100
AcDbEntity
  8
dwgmodels.com
  6
ByLayer
 62
  183
370
   -1
100
AcDbLine
 10
6.27372146617563
 20
2.691023061917235
 11
6.27372146617563
 21
2.77618316086199
  0
LINE
  5
281
100
AcDbEntity
  8
dwgmodels.com
  6
ByLayer
 62
  183
370
   -1
100
AcDbLine
 10
6.27372146617563
 20
3.031663457696141
 11
6.27372146617563
 21
3.116823556640895
  0
LINE
  5
282
100
AcDbEntity
  8
dwgmodels.com
  6
ByLayer
 62
  183
370
   -1
100
AcDbLine
 10
5.081480080512847
 20
3.201983655694903
 11
5.081480080512847
 21
3.287143754639601
  0
LINE
  5
283
100
AcDbEntity
  8
dwgmodels.com
  6
ByLayer
 62
  183
370
   -1
100
AcDbLine
 10
5.124060129874124
 20
3.244563705167252
 11
5.038900031147932
 21
3.244563705167252
  0
LINE
  5
284
100
AcDbEntity
  8
dwgmodels.com
  6
ByLayer
 62
  183
370
   -1
100
AcDbLine
 10
5.294380328199622
 20
3.074243507168489
 11
5.209220229473431
 21
3.074243507168489
  0
LINE
  5
285
100
AcDbEntity
  8
dwgmodels.com
  6
ByLayer
 62
  183
370
   -1
100
AcDbLine
 10
5.592440674616228
 20
2.691023061917235
 11
5.592440674616228
 21
2.77618316086199
  0
LINE
  5
286
100
AcDbEntity
  8
dwgmodels.com
  6
ByLayer
 62
  183
370
   -1
100
AcDbLine
 10
5.592440674616228
 20
3.031663457696141
 11
5.592440674616228
 21
3.116823556640895
  0
LINE
  5
287
100
AcDbEntity
  8
dwgmodels.com
  6
ByLayer
 62
  183
370
   -1
100
AcDbLine
 10
5.635020723981143
 20
2.733603111389584
 11
5.549860625254951
 21
2.733603111389584
  0
LINE
  5
288
100
AcDbEntity
  8
dwgmodels.com
  6
ByLayer
 62
  183
370
   -1
100
AcDbLine
 10
5.635020723981143
 20
3.074243507168489
 11
5.549860625254951
 21
3.074243507168489
  0
LINE
  5
289
100
AcDbEntity
  8
dwgmodels.com
  6
ByLayer
 62
  183
370
   -1
100
AcDbLine
 10
5.422120476290729
 20
2.861343259806688
 11
5.422120476290729
 21
2.946503358751443
  0
LINE
  5
28A
100
AcDbEntity
  8
dwgmodels.com
  6
ByLayer
 62
  183
370
   -1
100
AcDbLine
 10
5.422120476290729
 20
3.201983655694903
 11
5.422120476290729
 21
3.287143754639601
  0
LINE
  5
28B
100
AcDbEntity
  8
dwgmodels.com
  6
ByLayer
 62
  183
370
   -1
100
AcDbLine
 10
5.464700525652006
 20
3.244563705167252
 11
5.379540426925814
 21
3.244563705167252
  0
LINE
  5
28C
100
AcDbEntity
  8
dwgmodels.com
  6
ByLayer
 62
  183
370
   -1
100
AcDbLine
 10
5.464700525652006
 20
2.903923309279037
 11
5.379540426925814
 21
2.903923309279037
  0
LINE
  5
28D
100
AcDbEntity
  8
dwgmodels.com
  6
ByLayer
 62
  183
370
   -1
100
AcDbLine
 10
5.975661119759025
 20
2.733603111389584
 11
5.890501021032833
 21
2.733603111389584
  0
LINE
  5
28E
100
AcDbEntity
  8
dwgmodels.com
  6
ByLayer
 62
  183
370
   -1
100
AcDbLine
 10
5.93308107039411
 20
2.691023061917235
 11
5.93308107039411
 21
2.77618316086199
  0
LINE
  5
28F
100
AcDbEntity
  8
dwgmodels.com
  6
ByLayer
 62
  183
370
   -1
100
AcDbLine
 10
5.805340921433526
 20
3.244563705167252
 11
5.720180822707334
 21
3.244563705167252
  0
LINE
  5
290
100
AcDbEntity
  8
dwgmodels.com
  6
ByLayer
 62
  183
370
   -1
100
AcDbLine
 10
5.805340921433526
 20
2.903923309279037
 11
5.720180822707334
 21
2.903923309279037
  0
LINE
  5
291
100
AcDbEntity
  8
dwgmodels.com
  6
ByLayer
 62
  183
370
   -1
100
AcDbLine
 10
5.762760872068611
 20
2.861343259806688
 11
5.762760872068611
 21
2.946503358751443
  0
LINE
  5
292
100
AcDbEntity
  8
dwgmodels.com
  6
ByLayer
 62
  183
370
   -1
100
AcDbLine
 10
5.762760872068611
 20
3.201983655694903
 11
5.762760872068611
 21
3.287143754639601
  0
LINE
  5
293
100
AcDbEntity
  8
dwgmodels.com
  6
ByLayer
 62
  183
370
   -1
100
AcDbLine
 10
6.145981318084523
 20
3.244563705167252
 11
6.060821218485216
 21
3.244563705167252
  0
LINE
  5
294
100
AcDbEntity
  8
dwgmodels.com
  6
ByLayer
 62
  183
370
   -1
100
AcDbLine
 10
5.975661119759025
 20
3.074243507168489
 11
5.890501021032833
 21
3.074243507168489
  0
LINE
  5
295
100
AcDbEntity
  8
dwgmodels.com
  6
ByLayer
 62
  183
370
   -1
100
AcDbLine
 10
6.145981318084523
 20
2.903923309279037
 11
6.060821218485216
 21
2.903923309279037
  0
LINE
  5
296
100
AcDbEntity
  8
dwgmodels.com
  6
ByLayer
 62
  183
370
   -1
100
AcDbLine
 10
6.103401267846493
 20
2.861343259806688
 11
6.103401267846493
 21
2.946503358751443
  0
LINE
  5
297
100
AcDbEntity
  8
dwgmodels.com
  6
ByLayer
 62
  183
370
   -1
100
AcDbLine
 10
6.103401267846493
 20
3.201983655694903
 11
6.103401267846493
 21
3.287143754639601
  0
LINE
  5
298
100
AcDbEntity
  8
dwgmodels.com
  6
ByLayer
 62
  183
370
   -1
100
AcDbLine
 10
5.93308107039411
 20
3.031663457696141
 11
5.93308107039411
 21
3.116823556640895
  0
LINE
  5
299
100
AcDbEntity
  8
dwgmodels.com
  6
ByLayer
 62
  183
370
   -1
100
AcDbLine
 10
5.251800278838346
 20
3.031663457696141
 11
5.251800278838346
 21
3.116823556640895
  0
ARC
  5
29A
100
AcDbEntity
  8
dwgmodels.com
  6
ByLayer
 62
  183
370
   -1
100
AcDbCircle
 10
4.569399981359311
 20
3.059495870492469
 40
0.7029235757129259
100
AcDbArc
 50
216.2806726981043
 51
267.5324718065537
  0
LINE
  5
29B
100
AcDbEntity
  8
dwgmodels.com
  6
ByLayer
 62
  183
370
   -1
100
AcDbLine
 10
4.071530264620378
 20
2.563282913390879
 11
4.016978843810648
 21
2.563282913390879
  0
LINE
  5
29C
100
AcDbEntity
  8
dwgmodels.com
  6
ByLayer
 62
  183
370
   -1
100
AcDbLine
 10
4.272459140865976
 20
2.392962715501426
 11
4.187299041263032
 21
2.392962715501426
  0
LINE
  5
29D
100
AcDbEntity
  8
dwgmodels.com
  6
ByLayer
 62
  183
370
   -1
100
AcDbLine
 10
4.10213894253684
 20
2.222642517611973
 11
4.016978843810648
 21
2.222642517611973
  0
LINE
  5
29E
100
AcDbEntity
  8
dwgmodels.com
  6
ByLayer
 62
  183
370
   -1
100
AcDbLine
 10
4.229879090627946
 20
2.350382666029077
 11
4.229879090627946
 21
2.435542764973775
  0
LINE
  5
29F
100
AcDbEntity
  8
dwgmodels.com
  6
ByLayer
 62
  183
370
   -1
100
AcDbLine
 10
4.059558893175563
 20
2.52070286391853
 11
4.059558893175563
 21
2.575591315642953
  0
LINE
  5
2A0
100
AcDbEntity
  8
dwgmodels.com
  6
ByLayer
 62
  183
370
   -1
100
AcDbLine
 10
4.400199288953445
 20
2.180062468030314
 11
4.400199288953445
 21
2.265222567084322
  0
LINE
  5
2A1
100
AcDbEntity
  8
dwgmodels.com
  6
ByLayer
 62
  183
370
   -1
100
AcDbLine
 10
4.059558893175563
 20
2.180062468030314
 11
4.059558893175563
 21
2.265222567084322
  0
LINE
  5
2A2
100
AcDbEntity
  8
dwgmodels.com
  6
ByLayer
 62
  183
370
   -1
100
AcDbLine
 10
4.44277933831836
 20
2.222642517611973
 11
4.357619239592168
 21
2.222642517611973
  0
ARC
  5
2A3
100
AcDbEntity
  8
dwgmodels.com
  6
ByLayer
 62
  183
370
   -1
100
AcDbCircle
 10
4.462441176208813
 20
2.206757447742973
 40
0.1688858646520565
100
AcDbArc
 50
338.9591072617702
 51
62.99118622613635
  0
LINE
  5
2A4
100
AcDbEntity
  8
dwgmodels.com
  6
ByLayer
 62
  183
370
   -1
100
AcDbLine
 10
4.059558893175563
 20
3.239163980526484
 11
4.059558893175563
 21
3.287143754639601
  0
LINE
  5
2A5
100
AcDbEntity
  8
dwgmodels.com
  6
ByLayer
 62
  183
370
   -1
100
AcDbLine
 10
4.065330753390299
 20
3.244563705167252
 11
4.016978843810648
 21
3.244563705167252
  0
ARC
  5
2A6
100
AcDbEntity
  8
dwgmodels.com
  6
ByLayer
 62
  183
370
   -1
100
AcDbCircle
 10
2.781302973166021
 20
2.206757447742973
 40
0.1688858646520565
100
AcDbArc
 50
338.9591072617702
 51
62.99118622613635
  0
ARC
  5
2A7
100
AcDbEntity
  8
dwgmodels.com
  6
ByLayer
 62
  183
370
   -1
100
AcDbCircle
 10
2.781302973166021
 20
4.015158899709093
 40
0.1688858646520565
100
AcDbArc
 50
338.9591072617702
 51
62.99118622613635
  0
LINE
  5
2A8
100
AcDbEntity
  8
dwgmodels.com
  6
ByLayer
 62
  183
370
   -1
100
AcDbLine
 10
2.889381283363036
 20
5.521345701438634
 11
2.889381283363036
 21
5.606505800383388
  0
LINE
  5
2A9
100
AcDbEntity
  8
dwgmodels.com
  6
ByLayer
 62
  183
370
   -1
100
AcDbLine
 10
3.230021679144556
 20
5.521345701438634
 11
3.230021679144556
 21
5.606505800383388
  0
LINE
  5
2AA
100
AcDbEntity
  8
dwgmodels.com
  6
ByLayer
 62
  183
370
   -1
100
AcDbLine
 10
2.889381283363036
 20
5.235139220377164
 11
2.889381283363036
 21
5.265865404495173
  0
LINE
  5
2AB
100
AcDbEntity
  8
dwgmodels.com
  6
ByLayer
 62
  183
370
   -1
100
AcDbLine
 10
2.719061085910653
 20
5.351025503549181
 11
2.719061085910653
 21
5.436185602493936
  0
LINE
  5
2AC
100
AcDbEntity
  8
dwgmodels.com
  6
ByLayer
 62
  183
370
   -1
100
AcDbLine
 10
2.761641135275568
 20
5.39360555302153
 11
2.676481036549376
 21
5.39360555302153
  0
LINE
  5
2AD
100
AcDbEntity
  8
dwgmodels.com
  6
ByLayer
 62
  183
370
   -1
100
AcDbLine
 10
3.059701481692173
 20
5.351025503549181
 11
3.059701481692173
 21
5.436185602493936
  0
LINE
  5
2AE
100
AcDbEntity
  8
dwgmodels.com
  6
ByLayer
 62
  183
370
   -1
100
AcDbLine
 10
3.272601729382586
 20
5.223285355022824
 11
3.187441629779642
 21
5.223285355022824
  0
LINE
  5
2AF
100
AcDbEntity
  8
dwgmodels.com
  6
ByLayer
 62
  183
370
   -1
100
AcDbLine
 10
3.230021679144556
 20
5.180705305550475
 11
3.230021679144556
 21
5.265865404495173
  0
LINE
  5
2B0
100
AcDbEntity
  8
dwgmodels.com
  6
ByLayer
 62
  183
370
   -1
100
AcDbLine
 10
3.400341877470055
 20
5.351025503549181
 11
3.400341877470055
 21
5.436185602493936
  0
LINE
  5
2B1
100
AcDbEntity
  8
dwgmodels.com
  6
ByLayer
 62
  183
370
   -1
100
AcDbLine
 10
3.44292192683497
 20
5.39360555302153
 11
3.357761828108778
 21
5.39360555302153
  0
LINE
  5
2B2
100
AcDbEntity
  8
dwgmodels.com
  6
ByLayer
 62
  183
370
   -1
100
AcDbLine
 10
3.10228153105345
 20
5.39360555302153
 11
3.017121432327258
 21
5.39360555302153
  0
LINE
  5
2B3
100
AcDbEntity
  8
dwgmodels.com
  6
ByLayer
 62
  183
370
   -1
100
AcDbLine
 10
3.44292192683497
 20
5.052965157133372
 11
3.357761828108778
 21
5.052965157133372
  0
LINE
  5
2B4
100
AcDbEntity
  8
dwgmodels.com
  6
ByLayer
 62
  183
370
   -1
100
AcDbLine
 10
3.400341877470055
 20
5.010385107661023
 11
3.400341877470055
 21
5.095545206605721
  0
LINE
  5
2B5
100
AcDbEntity
  8
dwgmodels.com
  6
ByLayer
 62
  183
370
   -1
100
AcDbLine
 10
2.761641135275568
 20
6.68317370244489
 11
2.676481036549376
 21
6.68317370244489
  0
LINE
  5
2B6
100
AcDbEntity
  8
dwgmodels.com
  6
ByLayer
 62
  183
370
   -1
100
AcDbLine
 10
2.719061085910653
 20
6.640593652972541
 11
2.719061085910653
 21
6.725753751917239
  0
LINE
  5
2B7
100
AcDbEntity
  8
dwgmodels.com
  6
ByLayer
 62
  183
370
   -1
100
AcDbLine
 10
2.889381283363036
 20
6.202626493215007
 11
2.889381283363036
 21
6.287786592159762
  0
LINE
  5
2B8
100
AcDbEntity
  8
dwgmodels.com
  6
ByLayer
 62
  183
370
   -1
100
AcDbLine
 10
2.931961332727951
 20
6.245206542687356
 11
2.846801234001759
 21
6.245206542687356
  0
LINE
  5
2B9
100
AcDbEntity
  8
dwgmodels.com
  6
ByLayer
 62
  183
370
   -1
100
AcDbLine
 10
2.719061085910653
 20
6.37294669110446
 11
2.719061085910653
 21
6.458106790049214
  0
LINE
  5
2BA
100
AcDbEntity
  8
dwgmodels.com
  6
ByLayer
 62
  183
370
   -1
100
AcDbLine
 10
2.761641135275568
 20
6.415526740576809
 11
2.676481036549376
 21
6.415526740576809
  0
LINE
  5
2BB
100
AcDbEntity
  8
dwgmodels.com
  6
ByLayer
 62
  183
370
   -1
100
AcDbLine
 10
2.889381283363036
 20
5.861986097326849
 11
2.889381283363036
 21
5.947146196271547
  0
LINE
  5
2BC
100
AcDbEntity
  8
dwgmodels.com
  6
ByLayer
 62
  183
370
   -1
100
AcDbLine
 10
2.931961332727951
 20
5.904566146799198
 11
2.846801234001759
 21
5.904566146799198
  0
LINE
  5
2BD
100
AcDbEntity
  8
dwgmodels.com
  6
ByLayer
 62
  183
370
   -1
100
AcDbLine
 10
2.931961332727951
 20
5.563925750910983
 11
2.846801234001759
 21
5.563925750910983
  0
LINE
  5
2BE
100
AcDbEntity
  8
dwgmodels.com
  6
ByLayer
 62
  183
370
   -1
100
AcDbLine
 10
2.761641135275568
 20
6.07488634468865
 11
2.676481036549376
 21
6.07488634468865
  0
LINE
  5
2BF
100
AcDbEntity
  8
dwgmodels.com
  6
ByLayer
 62
  183
370
   -1
100
AcDbLine
 10
2.761641135275568
 20
5.734245948909745
 11
2.676481036549376
 21
5.734245948909745
  0
LINE
  5
2C0
100
AcDbEntity
  8
dwgmodels.com
  6
ByLayer
 62
  183
370
   -1
100
AcDbLine
 10
2.719061085910653
 20
5.691665899328086
 11
2.719061085910653
 21
5.776825998382094
  0
LINE
  5
2C1
100
AcDbEntity
  8
dwgmodels.com
  6
ByLayer
 62
  183
370
   -1
100
AcDbLine
 10
2.719061085910653
 20
6.032306295216301
 11
2.719061085910653
 21
6.117466394160999
  0
LINE
  5
2C2
100
AcDbEntity
  8
dwgmodels.com
  6
ByLayer
 62
  183
370
   -1
100
AcDbLine
 10
3.059701481692173
 20
6.37294669110446
 11
3.059701481692173
 21
6.458106790049214
  0
LINE
  5
2C3
100
AcDbEntity
  8
dwgmodels.com
  6
ByLayer
 62
  183
370
   -1
100
AcDbLine
 10
3.059701481692173
 20
5.691665899328086
 11
3.059701481692173
 21
5.776825998382094
  0
LINE
  5
2C4
100
AcDbEntity
  8
dwgmodels.com
  6
ByLayer
 62
  183
370
   -1
100
AcDbLine
 10
3.059701481692173
 20
6.032306295216301
 11
3.059701481692173
 21
6.117466394160999
  0
LINE
  5
2C5
100
AcDbEntity
  8
dwgmodels.com
  6
ByLayer
 62
  183
370
   -1
100
AcDbLine
 10
2.889381283363036
 20
6.543266888993912
 11
2.889381283363036
 21
6.606652834471504
  0
LINE
  5
2C6
100
AcDbEntity
  8
dwgmodels.com
  6
ByLayer
 62
  183
370
   -1
100
AcDbLine
 10
3.400341877470055
 20
6.37294669110446
 11
3.400341877470055
 21
6.458106790049214
  0
LINE
  5
2C7
100
AcDbEntity
  8
dwgmodels.com
  6
ByLayer
 62
  183
370
   -1
100
AcDbLine
 10
3.272601729382586
 20
6.245206542687356
 11
3.187441629779642
 21
6.245206542687356
  0
LINE
  5
2C8
100
AcDbEntity
  8
dwgmodels.com
  6
ByLayer
 62
  183
370
   -1
100
AcDbLine
 10
3.230021679144556
 20
6.202626493215007
 11
3.230021679144556
 21
6.287786592159762
  0
LINE
  5
2C9
100
AcDbEntity
  8
dwgmodels.com
  6
ByLayer
 62
  183
370
   -1
100
AcDbLine
 10
3.44292192683497
 20
6.415526740576809
 11
3.357761828108778
 21
6.415526740576809
  0
LINE
  5
2CA
100
AcDbEntity
  8
dwgmodels.com
  6
ByLayer
 62
  183
370
   -1
100
AcDbLine
 10
3.44292192683497
 20
6.07488634468865
 11
3.357761828108778
 21
6.07488634468865
  0
LINE
  5
2CB
100
AcDbEntity
  8
dwgmodels.com
  6
ByLayer
 62
  183
370
   -1
100
AcDbLine
 10
3.44292192683497
 20
5.734245948909745
 11
3.357761828108778
 21
5.734245948909745
  0
LINE
  5
2CC
100
AcDbEntity
  8
dwgmodels.com
  6
ByLayer
 62
  183
370
   -1
100
AcDbLine
 10
3.400341877470055
 20
5.691665899328086
 11
3.400341877470055
 21
5.776825998382094
  0
LINE
  5
2CD
100
AcDbEntity
  8
dwgmodels.com
  6
ByLayer
 62
  183
370
   -1
100
AcDbLine
 10
3.400341877470055
 20
6.032306295216301
 11
3.400341877470055
 21
6.117466394160999
  0
LINE
  5
2CE
100
AcDbEntity
  8
dwgmodels.com
  6
ByLayer
 62
  183
370
   -1
100
AcDbLine
 10
3.272601729382586
 20
5.904566146799198
 11
3.187441629779642
 21
5.904566146799198
  0
LINE
  5
2CF
100
AcDbEntity
  8
dwgmodels.com
  6
ByLayer
 62
  183
370
   -1
100
AcDbLine
 10
3.272601729382586
 20
5.563925750910983
 11
3.187441629779642
 21
5.563925750910983
  0
LINE
  5
2D0
100
AcDbEntity
  8
dwgmodels.com
  6
ByLayer
 62
  183
370
   -1
100
AcDbLine
 10
3.230021679144556
 20
5.861986097326849
 11
3.230021679144556
 21
5.947146196271547
  0
LINE
  5
2D1
100
AcDbEntity
  8
dwgmodels.com
  6
ByLayer
 62
  183
370
   -1
100
AcDbLine
 10
3.230021679144556
 20
6.543266888993912
 11
3.230021679144556
 21
6.606652834471504
  0
LINE
  5
2D2
100
AcDbEntity
  8
dwgmodels.com
  6
ByLayer
 62
  183
370
   -1
100
AcDbLine
 10
3.10228153105345
 20
6.415526740576809
 11
3.017121432327258
 21
6.415526740576809
  0
LINE
  5
2D3
100
AcDbEntity
  8
dwgmodels.com
  6
ByLayer
 62
  183
370
   -1
100
AcDbLine
 10
3.10228153105345
 20
6.07488634468865
 11
3.017121432327258
 21
6.07488634468865
  0
LINE
  5
2D4
100
AcDbEntity
  8
dwgmodels.com
  6
ByLayer
 62
  183
370
   -1
100
AcDbLine
 10
3.10228153105345
 20
5.734245948909745
 11
3.017121432327258
 21
5.734245948909745
  0
LINE
  5
2D5
100
AcDbEntity
  8
dwgmodels.com
  6
ByLayer
 62
  183
370
   -1
100
AcDbLine
 10
2.548740887585154
 20
5.521345701438634
 11
2.548740887585154
 21
5.606505800383388
  0
LINE
  5
2D6
100
AcDbEntity
  8
dwgmodels.com
  6
ByLayer
 62
  183
370
   -1
100
AcDbLine
 10
2.548740887585154
 20
5.180705305550475
 11
2.548740887585154
 21
5.265865404495173
  0
LINE
  5
2D7
100
AcDbEntity
  8
dwgmodels.com
  6
ByLayer
 62
  183
370
   -1
100
AcDbLine
 10
2.591320936950069
 20
5.223285355022824
 11
2.506160838223877
 21
5.223285355022824
  0
LINE
  5
2D8
100
AcDbEntity
  8
dwgmodels.com
  6
ByLayer
 62
  183
370
   -1
100
AcDbLine
 10
2.378420690132771
 20
5.351025503549181
 11
2.378420690132771
 21
5.436185602493936
  0
LINE
  5
2D9
100
AcDbEntity
  8
dwgmodels.com
  6
ByLayer
 62
  183
370
   -1
100
AcDbLine
 10
2.421000739497686
 20
5.39360555302153
 11
2.335840640771494
 21
5.39360555302153
  0
LINE
  5
2DA
100
AcDbEntity
  8
dwgmodels.com
  6
ByLayer
 62
  183
370
   -1
100
AcDbLine
 10
2.384192550347507
 20
5.052965157133372
 11
2.335840640771494
 21
5.052965157133372
  0
LINE
  5
2DB
100
AcDbEntity
  8
dwgmodels.com
  6
ByLayer
 62
  183
370
   -1
100
AcDbLine
 10
2.378420690132771
 20
5.047565432492604
 11
2.378420690132771
 21
5.095545206605721
  0
LINE
  5
2DC
100
AcDbEntity
  8
dwgmodels.com
  6
ByLayer
 62
  183
370
   -1
100
AcDbLine
 10
2.378420690132771
 20
6.640593652972541
 11
2.378420690132771
 21
6.725753751917239
  0
LINE
  5
2DD
100
AcDbEntity
  8
dwgmodels.com
  6
ByLayer
 62
  183
370
   -1
100
AcDbLine
 10
2.421000739497686
 20
6.68317370244489
 11
2.335840640771494
 21
6.68317370244489
  0
LINE
  5
2DE
100
AcDbEntity
  8
dwgmodels.com
  6
ByLayer
 62
  183
370
   -1
100
AcDbLine
 10
2.378420690132771
 20
6.37294669110446
 11
2.378420690132771
 21
6.458106790049214
  0
LINE
  5
2DF
100
AcDbEntity
  8
dwgmodels.com
  6
ByLayer
 62
  183
370
   -1
100
AcDbLine
 10
2.548740887585154
 20
6.202626493215007
 11
2.548740887585154
 21
6.287786592159762
  0
LINE
  5
2E0
100
AcDbEntity
  8
dwgmodels.com
  6
ByLayer
 62
  183
370
   -1
100
AcDbLine
 10
2.591320936950069
 20
6.245206542687356
 11
2.506160838223877
 21
6.245206542687356
  0
LINE
  5
2E1
100
AcDbEntity
  8
dwgmodels.com
  6
ByLayer
 62
  183
370
   -1
100
AcDbLine
 10
2.378420690132771
 20
5.691665899328086
 11
2.378420690132771
 21
5.776825998382094
  0
LINE
  5
2E2
100
AcDbEntity
  8
dwgmodels.com
  6
ByLayer
 62
  183
370
   -1
100
AcDbLine
 10
2.378420690132771
 20
6.032306295216301
 11
2.378420690132771
 21
6.117466394160999
  0
LINE
  5
2E3
100
AcDbEntity
  8
dwgmodels.com
  6
ByLayer
 62
  183
370
   -1
100
AcDbLine
 10
2.548740887585154
 20
5.861986097326849
 11
2.548740887585154
 21
5.947146196271547
  0
LINE
  5
2E4
100
AcDbEntity
  8
dwgmodels.com
  6
ByLayer
 62
  183
370
   -1
100
AcDbLine
 10
2.591320936950069
 20
5.904566146799198
 11
2.506160838223877
 21
5.904566146799198
  0
LINE
  5
2E5
100
AcDbEntity
  8
dwgmodels.com
  6
ByLayer
 62
  183
370
   -1
100
AcDbLine
 10
2.591320936950069
 20
5.563925750910983
 11
2.506160838223877
 21
5.563925750910983
  0
LINE
  5
2E6
100
AcDbEntity
  8
dwgmodels.com
  6
ByLayer
 62
  183
370
   -1
100
AcDbLine
 10
2.421000739497686
 20
6.415526740576809
 11
2.335840640771494
 21
6.415526740576809
  0
LINE
  5
2E7
100
AcDbEntity
  8
dwgmodels.com
  6
ByLayer
 62
  183
370
   -1
100
AcDbLine
 10
2.421000739497686
 20
6.07488634468865
 11
2.335840640771494
 21
6.07488634468865
  0
LINE
  5
2E8
100
AcDbEntity
  8
dwgmodels.com
  6
ByLayer
 62
  183
370
   -1
100
AcDbLine
 10
2.421000739497686
 20
5.734245948909745
 11
2.335840640771494
 21
5.734245948909745
  0
LINE
  5
2E9
100
AcDbEntity
  8
dwgmodels.com
  6
ByLayer
 62
  183
370
   -1
100
AcDbLine
 10
2.548740887585154
 20
6.543266888993912
 11
2.548740887585154
 21
6.606652834471504
  0
LINE
  5
2EA
100
AcDbEntity
  8
dwgmodels.com
  6
ByLayer
 62
  183
370
   -1
100
AcDbLine
 10
2.719061085910653
 20
8.684436028083098
 11
2.719061085910653
 21
8.769596127137106
  0
LINE
  5
2EB
100
AcDbEntity
  8
dwgmodels.com
  6
ByLayer
 62
  183
370
   -1
100
AcDbLine
 10
3.059701481692173
 20
8.684436028083098
 11
3.059701481692173
 21
8.769596127137106
  0
LINE
  5
2EC
100
AcDbEntity
  8
dwgmodels.com
  6
ByLayer
 62
  183
370
   -1
100
AcDbLine
 10
3.400341877470055
 20
8.684436028083098
 11
3.400341877470055
 21
8.769596127137106
  0
LINE
  5
2ED
100
AcDbEntity
  8
dwgmodels.com
  6
ByLayer
 62
  183
370
   -1
100
AcDbLine
 10
2.889381283363036
 20
8.514115830193646
 11
2.889381283363036
 21
8.599275929138344
  0
LINE
  5
2EE
100
AcDbEntity
  8
dwgmodels.com
  6
ByLayer
 62
  183
370
   -1
100
AcDbLine
 10
2.931961332727951
 20
8.556695879665995
 11
2.846801234001759
 21
8.556695879665995
  0
LINE
  5
2EF
100
AcDbEntity
  8
dwgmodels.com
  6
ByLayer
 62
  183
370
   -1
100
AcDbLine
 10
2.761641135275568
 20
8.386375681776542
 11
2.676481036549376
 21
8.386375681776542
  0
LINE
  5
2F0
100
AcDbEntity
  8
dwgmodels.com
  6
ByLayer
 62
  183
370
   -1
100
AcDbLine
 10
2.719061085910653
 20
8.343795632304193
 11
2.719061085910653
 21
8.428955731248891
  0
LINE
  5
2F1
100
AcDbEntity
  8
dwgmodels.com
  6
ByLayer
 62
  183
370
   -1
100
AcDbLine
 10
2.889381283363036
 20
7.887268953244018
 11
2.889381283363036
 21
7.91799513747128
  0
LINE
  5
2F2
100
AcDbEntity
  8
dwgmodels.com
  6
ByLayer
 62
  183
370
   -1
100
AcDbLine
 10
2.889381283363036
 20
8.173475434305431
 11
2.889381283363036
 21
8.258635533359438
  0
LINE
  5
2F3
100
AcDbEntity
  8
dwgmodels.com
  6
ByLayer
 62
  183
370
   -1
100
AcDbLine
 10
2.931961332727951
 20
8.216055483777836
 11
2.846801234001759
 21
8.216055483777836
  0
LINE
  5
2F4
100
AcDbEntity
  8
dwgmodels.com
  6
ByLayer
 62
  183
370
   -1
100
AcDbLine
 10
2.761641135275568
 20
8.045735285888384
 11
2.676481036549376
 21
8.045735285888384
  0
LINE
  5
2F5
100
AcDbEntity
  8
dwgmodels.com
  6
ByLayer
 62
  183
370
   -1
100
AcDbLine
 10
2.719061085910653
 20
8.003155236415978
 11
2.719061085910653
 21
8.088315335360733
  0
LINE
  5
2F6
100
AcDbEntity
  8
dwgmodels.com
  6
ByLayer
 62
  183
370
   -1
100
AcDbLine
 10
3.059701481692173
 20
8.343795632304193
 11
3.059701481692173
 21
8.428955731248891
  0
LINE
  5
2F7
100
AcDbEntity
  8
dwgmodels.com
  6
ByLayer
 62
  183
370
   -1
100
AcDbLine
 10
3.059701481692173
 20
8.003155236415978
 11
3.059701481692173
 21
8.088315335360733
  0
LINE
  5
2F8
100
AcDbEntity
  8
dwgmodels.com
  6
ByLayer
 62
  183
370
   -1
100
AcDbLine
 10
3.44292192683497
 20
8.386375681776542
 11
3.357761828108778
 21
8.386375681776542
  0
LINE
  5
2F9
100
AcDbEntity
  8
dwgmodels.com
  6
ByLayer
 62
  183
370
   -1
100
AcDbLine
 10
3.400341877470055
 20
8.343795632304193
 11
3.400341877470055
 21
8.428955731248891
  0
LINE
  5
2FA
100
AcDbEntity
  8
dwgmodels.com
  6
ByLayer
 62
  183
370
   -1
100
AcDbLine
 10
3.272601729382586
 20
8.556695879665995
 11
3.187441629779642
 21
8.556695879665995
  0
LINE
  5
2FB
100
AcDbEntity
  8
dwgmodels.com
  6
ByLayer
 62
  183
370
   -1
100
AcDbLine
 10
3.230021679144556
 20
8.514115830193646
 11
3.230021679144556
 21
8.599275929138344
  0
LINE
  5
2FC
100
AcDbEntity
  8
dwgmodels.com
  6
ByLayer
 62
  183
370
   -1
100
AcDbLine
 10
3.44292192683497
 20
8.045735285888384
 11
3.357761828108778
 21
8.045735285888384
  0
LINE
  5
2FD
100
AcDbEntity
  8
dwgmodels.com
  6
ByLayer
 62
  183
370
   -1
100
AcDbLine
 10
3.400341877470055
 20
8.003155236415978
 11
3.400341877470055
 21
8.088315335360733
  0
LINE
  5
2FE
100
AcDbEntity
  8
dwgmodels.com
  6
ByLayer
 62
  183
370
   -1
100
AcDbLine
 10
3.272601729382586
 20
7.875415087998931
 11
3.187441629779642
 21
7.875415087998931
  0
LINE
  5
2FF
100
AcDbEntity
  8
dwgmodels.com
  6
ByLayer
 62
  183
370
   -1
100
AcDbLine
 10
3.272601729382586
 20
8.216055483777836
 11
3.187441629779642
 21
8.216055483777836
  0
LINE
  5
300
100
AcDbEntity
  8
dwgmodels.com
  6
ByLayer
 62
  183
370
   -1
100
AcDbLine
 10
3.230021679144556
 20
8.173475434305431
 11
3.230021679144556
 21
8.258635533359438
  0
LINE
  5
301
100
AcDbEntity
  8
dwgmodels.com
  6
ByLayer
 62
  183
370
   -1
100
AcDbLine
 10
3.44292192683497
 20
7.705094890000169
 11
3.357761828108778
 21
7.705094890000169
  0
LINE
  5
302
100
AcDbEntity
  8
dwgmodels.com
  6
ByLayer
 62
  183
370
   -1
100
AcDbLine
 10
3.400341877470055
 20
7.66251484052782
 11
3.400341877470055
 21
7.747674939472518
  0
LINE
  5
303
100
AcDbEntity
  8
dwgmodels.com
  6
ByLayer
 62
  183
370
   -1
100
AcDbLine
 10
3.230021679144556
 20
7.832835038526525
 11
3.230021679144556
 21
7.91799513747128
  0
LINE
  5
304
100
AcDbEntity
  8
dwgmodels.com
  6
ByLayer
 62
  183
370
   -1
100
AcDbLine
 10
3.10228153105345
 20
8.386375681776542
 11
3.017121432327258
 21
8.386375681776542
  0
LINE
  5
305
100
AcDbEntity
  8
dwgmodels.com
  6
ByLayer
 62
  183
370
   -1
100
AcDbLine
 10
3.10228153105345
 20
8.045735285888384
 11
3.017121432327258
 21
8.045735285888384
  0
LINE
  5
306
100
AcDbEntity
  8
dwgmodels.com
  6
ByLayer
 62
  183
370
   -1
100
AcDbLine
 10
2.889381283363036
 20
9.195396621970019
 11
2.889381283363036
 21
9.258782567338301
  0
LINE
  5
307
100
AcDbEntity
  8
dwgmodels.com
  6
ByLayer
 62
  183
370
   -1
100
AcDbLine
 10
2.931961332727951
 20
9.237976671442368
 11
2.846801234001759
 21
9.237976671442368
  0
LINE
  5
308
100
AcDbEntity
  8
dwgmodels.com
  6
ByLayer
 62
  183
370
   -1
100
AcDbLine
 10
2.931961332727951
 20
8.897336275554153
 11
2.846801234001759
 21
8.897336275554153
  0
LINE
  5
309
100
AcDbEntity
  8
dwgmodels.com
  6
ByLayer
 62
  183
370
   -1
100
AcDbLine
 10
2.761641135275568
 20
9.067656473443662
 11
2.676481036549376
 21
9.067656473443662
  0
LINE
  5
30A
100
AcDbEntity
  8
dwgmodels.com
  6
ByLayer
 62
  183
370
   -1
100
AcDbLine
 10
2.719061085910653
 20
9.025076423971257
 11
2.719061085910653
 21
9.110236522916011
  0
LINE
  5
30B
100
AcDbEntity
  8
dwgmodels.com
  6
ByLayer
 62
  183
370
   -1
100
AcDbLine
 10
3.059701481692173
 20
9.025076423971257
 11
3.059701481692173
 21
9.110236522916011
  0
LINE
  5
30C
100
AcDbEntity
  8
dwgmodels.com
  6
ByLayer
 62
  183
370
   -1
100
AcDbLine
 10
3.44292192683497
 20
9.067656473443662
 11
3.357761828108778
 21
9.067656473443662
  0
LINE
  5
30D
100
AcDbEntity
  8
dwgmodels.com
  6
ByLayer
 62
  183
370
   -1
100
AcDbLine
 10
3.400341877470055
 20
9.025076423971257
 11
3.400341877470055
 21
9.110236522916011
  0
LINE
  5
30E
100
AcDbEntity
  8
dwgmodels.com
  6
ByLayer
 62
  183
370
   -1
100
AcDbLine
 10
3.272601729382586
 20
9.237976671442368
 11
3.187441629779642
 21
9.237976671442368
  0
LINE
  5
30F
100
AcDbEntity
  8
dwgmodels.com
  6
ByLayer
 62
  183
370
   -1
100
AcDbLine
 10
3.272601729382586
 20
8.897336275554153
 11
3.187441629779642
 21
8.897336275554153
  0
LINE
  5
310
100
AcDbEntity
  8
dwgmodels.com
  6
ByLayer
 62
  183
370
   -1
100
AcDbLine
 10
3.230021679144556
 20
9.195396621970019
 11
3.230021679144556
 21
9.258782567338301
  0
LINE
  5
311
100
AcDbEntity
  8
dwgmodels.com
  6
ByLayer
 62
  183
370
   -1
100
AcDbLine
 10
3.10228153105345
 20
9.067656473443662
 11
3.017121432327258
 21
9.067656473443662
  0
LINE
  5
312
100
AcDbEntity
  8
dwgmodels.com
  6
ByLayer
 62
  183
370
   -1
100
AcDbLine
 10
2.761641135275568
 20
8.727016077664757
 11
2.676481036549376
 21
8.727016077664757
  0
LINE
  5
313
100
AcDbEntity
  8
dwgmodels.com
  6
ByLayer
 62
  183
370
   -1
100
AcDbLine
 10
3.44292192683497
 20
8.727016077664757
 11
3.357761828108778
 21
8.727016077664757
  0
LINE
  5
314
100
AcDbEntity
  8
dwgmodels.com
  6
ByLayer
 62
  183
370
   -1
100
AcDbLine
 10
3.10228153105345
 20
8.727016077664757
 11
3.017121432327258
 21
8.727016077664757
  0
LINE
  5
315
100
AcDbEntity
  8
dwgmodels.com
  6
ByLayer
 62
  183
370
   -1
100
AcDbLine
 10
2.889381283363036
 20
8.854756226081804
 11
2.889381283363036
 21
8.939916325026559
  0
LINE
  5
316
100
AcDbEntity
  8
dwgmodels.com
  6
ByLayer
 62
  183
370
   -1
100
AcDbLine
 10
3.230021679144556
 20
8.854756226081804
 11
3.230021679144556
 21
8.939916325026559
  0
LINE
  5
317
100
AcDbEntity
  8
dwgmodels.com
  6
ByLayer
 62
  183
370
   -1
100
AcDbLine
 10
2.378420690132771
 20
8.684436028083098
 11
2.378420690132771
 21
8.769596127137106
  0
LINE
  5
318
100
AcDbEntity
  8
dwgmodels.com
  6
ByLayer
 62
  183
370
   -1
100
AcDbLine
 10
2.390392061581224
 20
7.023814098333105
 11
2.335840640771494
 21
7.023814098333105
  0
LINE
  5
319
100
AcDbEntity
  8
dwgmodels.com
  6
ByLayer
 62
  183
370
   -1
100
AcDbLine
 10
2.591320936950069
 20
6.853493900334342
 11
2.506160838223877
 21
6.853493900334342
  0
LINE
  5
31A
100
AcDbEntity
  8
dwgmodels.com
  6
ByLayer
 62
  183
370
   -1
100
AcDbLine
 10
2.378420690132771
 20
6.981234048860699
 11
2.378420690132771
 21
7.036122500475869
  0
LINE
  5
31B
100
AcDbEntity
  8
dwgmodels.com
  6
ByLayer
 62
  183
370
   -1
100
AcDbLine
 10
2.378420690132771
 20
8.343795632304193
 11
2.378420690132771
 21
8.428955731248891
  0
LINE
  5
31C
100
AcDbEntity
  8
dwgmodels.com
  6
ByLayer
 62
  183
370
   -1
100
AcDbLine
 10
2.548740887585154
 20
8.514115830193646
 11
2.548740887585154
 21
8.599275929138344
  0
LINE
  5
31D
100
AcDbEntity
  8
dwgmodels.com
  6
ByLayer
 62
  183
370
   -1
100
AcDbLine
 10
2.591320936950069
 20
8.556695879665995
 11
2.506160838223877
 21
8.556695879665995
  0
LINE
  5
31E
100
AcDbEntity
  8
dwgmodels.com
  6
ByLayer
 62
  183
370
   -1
100
AcDbLine
 10
2.421000739497686
 20
8.386375681776542
 11
2.335840640771494
 21
8.386375681776542
  0
LINE
  5
31F
100
AcDbEntity
  8
dwgmodels.com
  6
ByLayer
 62
  183
370
   -1
100
AcDbLine
 10
2.378420690132771
 20
8.003155236415978
 11
2.378420690132771
 21
8.088315335360733
  0
LINE
  5
320
100
AcDbEntity
  8
dwgmodels.com
  6
ByLayer
 62
  183
370
   -1
100
AcDbLine
 10
2.591320936950069
 20
7.875415087998931
 11
2.506160838223877
 21
7.875415087998931
  0
LINE
  5
321
100
AcDbEntity
  8
dwgmodels.com
  6
ByLayer
 62
  183
370
   -1
100
AcDbLine
 10
2.548740887585154
 20
8.173475434305431
 11
2.548740887585154
 21
8.258635533359438
  0
LINE
  5
322
100
AcDbEntity
  8
dwgmodels.com
  6
ByLayer
 62
  183
370
   -1
100
AcDbLine
 10
2.591320936950069
 20
8.216055483777836
 11
2.506160838223877
 21
8.216055483777836
  0
LINE
  5
323
100
AcDbEntity
  8
dwgmodels.com
  6
ByLayer
 62
  183
370
   -1
100
AcDbLine
 10
2.378420690132771
 20
7.699695165359401
 11
2.378420690132771
 21
7.747674939472518
  0
LINE
  5
324
100
AcDbEntity
  8
dwgmodels.com
  6
ByLayer
 62
  183
370
   -1
100
AcDbLine
 10
2.548740887585154
 20
7.832835038526525
 11
2.548740887585154
 21
7.91799513747128
  0
LINE
  5
325
100
AcDbEntity
  8
dwgmodels.com
  6
ByLayer
 62
  183
370
   -1
100
AcDbLine
 10
2.421000739497686
 20
8.045735285888384
 11
2.335840640771494
 21
8.045735285888384
  0
LINE
  5
326
100
AcDbEntity
  8
dwgmodels.com
  6
ByLayer
 62
  183
370
   -1
100
AcDbLine
 10
2.384192550347507
 20
7.705094890000169
 11
2.335840640771494
 21
7.705094890000169
  0
LINE
  5
327
100
AcDbEntity
  8
dwgmodels.com
  6
ByLayer
 62
  183
370
   -1
100
AcDbLine
 10
2.378420690132771
 20
9.025076423971257
 11
2.378420690132771
 21
9.110236522916011
  0
LINE
  5
328
100
AcDbEntity
  8
dwgmodels.com
  6
ByLayer
 62
  183
370
   -1
100
AcDbLine
 10
2.548740887585154
 20
9.195396621970019
 11
2.548740887585154
 21
9.258782567338301
  0
LINE
  5
329
100
AcDbEntity
  8
dwgmodels.com
  6
ByLayer
 62
  183
370
   -1
100
AcDbLine
 10
2.591320936950069
 20
9.237976671442368
 11
2.506160838223877
 21
9.237976671442368
  0
LINE
  5
32A
100
AcDbEntity
  8
dwgmodels.com
  6
ByLayer
 62
  183
370
   -1
100
AcDbLine
 10
2.591320936950069
 20
8.897336275554153
 11
2.506160838223877
 21
8.897336275554153
  0
LINE
  5
32B
100
AcDbEntity
  8
dwgmodels.com
  6
ByLayer
 62
  183
370
   -1
100
AcDbLine
 10
2.421000739497686
 20
9.067656473443662
 11
2.335840640771494
 21
9.067656473443662
  0
LINE
  5
32C
100
AcDbEntity
  8
dwgmodels.com
  6
ByLayer
 62
  183
370
   -1
100
AcDbLine
 10
2.421000739497686
 20
8.727016077664757
 11
2.335840640771494
 21
8.727016077664757
  0
LINE
  5
32D
100
AcDbEntity
  8
dwgmodels.com
  6
ByLayer
 62
  183
370
   -1
100
AcDbLine
 10
2.548740887585154
 20
8.854756226081804
 11
2.548740887585154
 21
8.939916325026559
  0
LWPOLYLINE
  5
32E
100
AcDbEntity
  8
dwgmodels.com
  6
ByLayer
 62
  183
370
   -1
100
AcDbPolyline
 90
    2
 70
    0
 43
0
 10
6.703103908410412
 20
3.51925570144374
 10
6.703103908410412
 20
2.146121649529277
  0
LWPOLYLINE
  5
32F
100
AcDbEntity
  8
dwgmodels.com
  6
ByLayer
 62
  183
370
   -1
100
AcDbPolyline
 90
    2
 70
    0
 43
0
 10
3.838281302963878
 20
6.606652834471504
 10
2.321615431155806
 20
6.606652834471504
  0
LINE
  5
330
100
AcDbEntity
  8
FURN
  6
ByLayer
 62
  256
370
   -1
100
AcDbLine
 10
4.063572570274118
 20
17.96683976019921
 11
15.62852428186306
 21
17.96683976019921
  0
ENDBLK
  5
8B
330
89
100
AcDbEntity
  8
0
100
AcDbBlockEnd
  0
BLOCK
  5
8D
330
8C
100
AcDbEntity
  8
0
100
AcDbBlockBegin
  2
BASIN CABINET_PLAN_COTTO SERENA C02607
 70
    0
 10
0
 20
0
  3
BASIN CABINET_PLAN_COTTO SERENA C02607
  1

  0
ARC
  5
331
100
AcDbEntity
  8
0
  6
ByLayer
 62
  256
370
   -1
100
AcDbCircle
 10
1.67347e-10
 20
-2360.680743282175
 40
2457.474653301536
100
AcDbArc
 50
85.54871523762598
 51
89.56099096843495
  0
ARC
  5
332
100
AcDbEntity
  8
0
  6
ByLayer
 62
  256
370
   -1
100
AcDbCircle
 10
1.67347e-10
 20
-2360.680743282175
 40
2457.474653301536
100
AcDbArc
 50
90.43900903198194
 51
94.451284762374
  0
ELLIPSE
  5
333
100
AcDbEntity
  8
0
  6
ByLayer
 62
  256
370
   -1
100
AcDbEllipse
 10
-1.45519e-11
 20
-3.638e-12
 30
0
 11
-272.0000000000002
 21
7.731e-13
 31
0
 40
0.8125000000000019
 41
3.431018825878189
 42
5.993759134890988
  0
ELLIPSE
  5
334
100
AcDbEntity
  8
0
  6
ByLayer
 62
  256
370
   -1
100
AcDbEllipse
 10
-7.275999999999999e-12
 20
-19.87888383311656
 30
0
 11
-240
 21
-1.3905e-12
 31
0
 40
0.75
 41
-1.570796326794897
 42
0.6522820116964825
  0
ELLIPSE
  5
335
100
AcDbEntity
  8
0
  6
ByLayer
 62
  256
370
   -1
100
AcDbEllipse
 10
-7.275999999999999e-12
 20
-19.87888383311656
 30
0
 11
-240
 21
-1.592e-13
 31
0
 40
0.75
 41
5.630903295483104
 42
7.853981633974483
  0
ELLIPSE
  5
336
100
AcDbEntity
  8
0
  6
ByLayer
 62
  256
370
   -1
100
AcDbEllipse
 10
-7.275999999999999e-12
 20
-178.8702036306931
 30
0
 11
-12.5
 21
0
 31
0
 40
0.6691930308351857
 41
0
 42
3.141592653589793
  0
ELLIPSE
  5
337
100
AcDbEntity
  8
0
  6
ByLayer
 62
  256
370
   -1
100
AcDbEllipse
 10
-7.275999999999999e-12
 20
-178.8702036306931
 30
0
 11
-12.5
 21
0
 31
0
 40
0.7523748214789703
 41
3.141592653589793
 42
6.283185307179585
  0
ELLIPSE
  5
338
100
AcDbEntity
  8
0
  6
ByLayer
 62
  256
370
   -1
100
AcDbEllipse
 10
-7.275999999999999e-12
 20
0
 30
0
 11
-320.0000000000003
 21
9.094999999999999e-13
 31
0
 40
0.8125000000000021
 41
1.570796326794896
 42
4.712388980384689
  0
ELLIPSE
  5
339
100
AcDbEntity
  8
0
  6
ByLayer
 62
  256
370
   -1
100
AcDbEllipse
 10
-7.275999999999999e-12
 20
0
 30
0
 11
-320.0000000000003
 21
9.094999999999999e-13
 31
0
 40
0.8125000000000021
 41
4.712388980384689
 42
7.853981633974483
  0
LINE
  5
33A
100
AcDbEntity
  8
0
  6
ByLayer
 62
  256
370
   -1
100
AcDbLine
 10
-25.02446558373049
 20
170
 11
-25.02446558373049
 21
141.0125646744855
  0
ARC
  5
33B
100
AcDbEntity
  8
0
  6
ByLayer
 62
  256
370
   -1
100
AcDbCircle
 10
-0.024465583730489
 20
170
 40
25
100
AcDbArc
 50
0
 51
180
  0
LINE
  5
33C
100
AcDbEntity
  8
0
  6
ByLayer
 62
  256
370
   -1
100
AcDbLine
 10
24.97553441626951
 20
170
 11
24.97553441626951
 21
141.0125646744855
  0
LINE
  5
33D
100
AcDbEntity
  8
0
  6
ByLayer
 62
  256
370
   -1
100
AcDbLine
 10
-25.02446558373049
 20
141.0125646744855
 11
-13.70497443159547
 21
60.0858662675164
  0
ARC
  5
33E
100
AcDbEntity
  8
0
  6
ByLayer
 62
  256
370
   -1
100
AcDbCircle
 10
-3.801384862345003
 20
61.47111485309142
 40
10
100
AcDbArc
 50
187.9624951574042
 51
270
  0
LINE
  5
33F
100
AcDbEntity
  8
0
  6
ByLayer
 62
  256
370
   -1
100
AcDbLine
 10
-3.801384862330451
 20
51.47111485309142
 11
3.801384862345003
 21
51.4711148530987
  0
ARC
  5
340
100
AcDbEntity
  8
0
  6
ByLayer
 62
  256
370
   -1
100
AcDbCircle
 10
3.801384862330451
 20
61.4711148530987
 40
10
100
AcDbArc
 50
270
 51
352.037504842596
  0
LINE
  5
341
100
AcDbEntity
  8
0
  6
ByLayer
 62
  256
370
   -1
100
AcDbLine
 10
25.02446558371594
 20
141.0125646744855
 11
13.70497443158092
 21
60.08586626752367
  0
ARC
  5
342
100
AcDbEntity
  8
0
  6
ByLayer
 62
  256
370
   -1
100
AcDbCircle
 10
-0.024465583730489
 20
150
 40
25
100
AcDbArc
 50
0
 51
180
  0
CIRCLE
  5
343
100
AcDbEntity
  8
0
  6
ByLayer
 62
  256
370
   -1
100
AcDbCircle
 10
-7.275999999999999e-12
 20
0
 40
35
  0
CIRCLE
  5
344
100
AcDbEntity
  8
0
  6
ByLayer
 62
  256
370
   -1
100
AcDbCircle
 10
-7.275999999999999e-12
 20
0
 40
22.5
  0
LINE
  5
345
100
AcDbEntity
  8
0
  6
ByLayer
 62
  256
370
   -1
100
AcDbLine
 10
-22.5
 20
0
 11
22.5
 21
0
  0
MTEXT
  5
346
100
AcDbEntity
  8
0 @ 1
  6
ByLayer
 62
  256
370
   -1
100
AcDbMText
 10
-64.97985129738663
 20
-79.22188579608337
 30
0
 40
5
 41
102.7777767177682
 71
    1
 72
    5
  1
\pxqc;COTTO SERENA_C02607
  7
Notes
210
0
220
0
230
1
 50
0
 73
    1
 44
1
  0
ENDBLK
  5
8E
330
8C
100
AcDbEntity
  8
0
100
AcDbBlockEnd
  0
BLOCK
  5
90
330
8F
100
AcDbEntity
  8
0
100
AcDbBlockBegin
  2
WC_PLAN_COTTO SYDNEY C1303
 70
    0
 10
0
 20
0
  3
WC_PLAN_COTTO SYDNEY C1303
  1

  0
LINE
  5
347
100
AcDbEntity
  8
0
  6
ByLayer
 62
  256
370
   -1
100
AcDbLine
 10
115
 20
0
 11
135
 21
-20
  0
LINE
  5
348
100
AcDbEntity
  8
0
  6
ByLayer
 62
  256
370
   -1
100
AcDbLine
 10
185
 20
-400
 11
185
 21
-500
  0
LINE
  5
349
100
AcDbEntity
  8
0
  6
ByLayer
 62
  256
370
   -1
100
AcDbLine
 10
65
 20
-270
 11
-65
 21
-270
  0
LINE
  5
34A
100
AcDbEntity
  8
0
  6
ByLayer
 62
  256
370
   -1
100
AcDbLine
 10
100.3784837502535
 20
-290
 11
-100.3784837502535
 21
-290
  0
LINE
  5
34B
100
AcDbEntity
  8
0
  6
ByLayer
 62
  256
370
   -1
100
AcDbLine
 10
115
 20
0
 11
-115
 21
0
  0
LINE
  5
34C
100
AcDbEntity
  8
0
  6
ByLayer
 62
  256
370
   -1
100
AcDbLine
 10
170
 20
-20
 11
-170
 21
-20
  0
ARC
  5
34D
100
AcDbEntity
  8
0
  6
ByLayer
 62
  256
370
   -1
100
AcDbCircle
 10
170
 20
-45
 40
25
100
AcDbArc
 50
0
 51
90
  0
ELLIPSE
  5
34E
100
AcDbEntity
  8
0
  6
ByLayer
 62
  256
370
   -1
100
AcDbEllipse
 10
0
 20
-500
 30
0
 11
0
 21
250
 31
0
 40
0.7400000000000001
 41
0.5735131044230953
 42
5.709672202756491
  0
LINE
  5
34F
100
AcDbEntity
  8
0
  6
ByLayer
 62
  256
370
   -1
100
AcDbLine
 10
195
 20
-140.2241801652599
 11
195
 21
-45
  0
ARC
  5
350
100
AcDbEntity
  8
0
  6
ByLayer
 62
  256
370
   -1
100
AcDbCircle
 10
145
 20
-140.2241801652599
 40
50
100
AcDbArc
 50
277.5946433684812
 51
0
  0
LINE
  5
351
100
AcDbEntity
  8
0
  6
ByLayer
 62
  256
370
   -1
100
AcDbLine
 10
-195
 20
-140.2241801652599
 11
-195
 21
-45
  0
ARC
  5
352
100
AcDbEntity
  8
0
  6
ByLayer
 62
  256
370
   -1
100
AcDbCircle
 10
-145
 20
-140.2241801652599
 40
50
100
AcDbArc
 50
180
 51
262.4053566315188
  0
ARC
  5
353
100
AcDbEntity
  8
0
  6
ByLayer
 62
  256
370
   -1
100
AcDbCircle
 10
-170
 20
-45
 40
25
100
AcDbArc
 50
90
 51
180
  0
LINE
  5
354
100
AcDbEntity
  8
0
  6
ByLayer
 62
  256
370
   -1
100
AcDbLine
 10
-115
 20
0
 11
-135
 21
-20
  0
LINE
  5
355
100
AcDbEntity
  8
0
  6
ByLayer
 62
  256
370
   -1
100
AcDbLine
 10
0
 20
-210
 11
151.6081860045451
 21
-189.785575199392
  0
LINE
  5
356
100
AcDbEntity
  8
0
  6
ByLayer
 62
  256
370
   -1
100
AcDbLine
 10
0
 20
-210
 11
-151.6081860045524
 21
-189.785575199392
  0
LINE
  5
357
100
AcDbEntity
  8
0
  6
ByLayer
 62
  256
370
   -1
100
AcDbLine
 10
185
 20
-400
 11
151.6081860045451
 21
-189.785575199392
  0
LINE
  5
358
100
AcDbEntity
  8
0
  6
ByLayer
 62
  256
370
   -1
100
AcDbLine
 10
-185
 20
-400
 11
-185
 21
-500
  0
LINE
  5
359
100
AcDbEntity
  8
0
  6
ByLayer
 62
  256
370
   -1
100
AcDbLine
 10
-185
 20
-400
 11
-151.6081860045524
 21
-189.785575199392
  0
LINE
  5
35A
100
AcDbEntity
  8
0
  6
ByLayer
 62
  256
370
   -1
100
AcDbLine
 10
65
 20
-270
 11
75
 21
-290
  0
LINE
  5
35B
100
AcDbEntity
  8
0
  6
ByLayer
 62
  256
370
   -1
100
AcDbLine
 10
-65
 20
-270
 11
-75
 21
-290
  0
CIRCLE
  5
35C
100
AcDbEntity
  8
0
  6
ByLayer
 62
  256
370
   -1
100
AcDbCircle
 10
0
 20
-110
 40
25
  0
LINE
  5
35D
100
AcDbEntity
  8
0
  6
ByLayer
 62
  256
370
   -1
100
AcDbLine
 10
-25
 20
-110
 11
25
 21
-110
  0
MTEXT
  5
35E
100
AcDbEntity
  8
0
  6
ByLayer
 62
  256
370
   -1
100
AcDbMText
 10
-60.82525641990651
 20
-40.25594953539985
 30
0
 40
5
 41
102.6388878288799
 71
    1
 72
    5
  1
\pxqc;COTTO SYDNEY_C 1303
  7
STANDARD
210
0
220
0
230
1
 50
0
 73
    1
 44
1
  0
ENDBLK
  5
91
330
8F
100
AcDbEntity
  8
0
100
AcDbBlockEnd
  0
BLOCK
  5
93
330
92
100
AcDbEntity
  8
0
100
AcDbBlockBegin
  2
A$C05cd1a33
 70
    0
 10
0
 20
0
  3
A$C05cd1a33
  1

  0
LWPOLYLINE
  5
35F
100
AcDbEntity
  8
FURN
  6
ByLayer
 62
  256
370
    0
100
AcDbPolyline
 90
    8
 70
    1
 43
0
 10
50.41521182990618
 20
78.75453640380692
 10
50.41521182990618
 20
19.15453640371379
 42
-0.414213562373095
 10
48.41521182990618
 20
17.15453640371379
 10
20.81521183214136
 20
17.15453640371379
 42
-0.414213562373095
 10
18.81521183214136
 20
19.15453640371379
 10
18.81521183214136
 20
78.75453640380692
 42
-0.414213562373095
 10
20.81521183214136
 20
80.75453640380692
 10
48.41521182990618
 20
80.75453640380692
 42
-0.414213562373095
  0
INSERT
  5
360
100
AcDbEntity
  8
FURN
  6
CONTINUOUS
 62
  256
370
    0
100
AcDbBlockReference
  2
A$C64AA05FE
 10
47.0249463634409
 20
55.13607747456342
 30
0
 41
0.9065734764729022
 42
0.9065734764729022
 43
0
 50
0
 70
    1
 71
    1
 44
0
 45
0
  0
INSERT
  5
361
100
AcDbEntity
  8
FURN
  6
CONTINUOUS
 62
  256
370
    0
100
AcDbBlockReference
  2
A$C64AA05FE
 10
47.0249463634409
 20
25.52426675551453
 30
0
 41
0.9065734764729022
 42
0.9065734764729022
 43
0
 50
0
 70
    1
 71
    1
 44
0
 45
0
  0
INSERT
  5
362
100
AcDbEntity
  8
FURN
  6
CONTINUOUS
 62
  256
370
    0
100
AcDbBlockReference
  2
A$C64AA05FE
 10
22.20547729860664
 20
55.13607747456342
 30
0
 41
-0.9065734764729022
 42
0.9065734764729022
 43
0
 50
0
 70
    1
 71
    1
 44
0
 45
0
  0
INSERT
  5
363
100
AcDbEntity
  8
FURN
  6
CONTINUOUS
 62
  256
370
    0
100
AcDbBlockReference
  2
A$C64AA05FE
 10
22.20547729860664
 20
25.52426675551453
 30
0
 41
-0.9065734764729022
 42
0.9065734764729022
 43
0
 50
0
 70
    1
 71
    1
 44
0
 45
0
  0
INSERT
  5
364
100
AcDbEntity
  8
FURN
  6
CONTINUOUS
 62
  256
370
    0
100
AcDbBlockReference
  2
A$C64AA05FE
 10
25.44159933420137
 20
75.61261049949165
 30
0
 41
-0.9065734764729022
 42
0.9065734764729022
 43
0
 50
270
 70
    1
 71
    1
 44
0
 45
0
  0
INSERT
  5
365
100
AcDbEntity
  8
FURN
  6
CONTINUOUS
 62
  256
370
    0
100
AcDbBlockReference
  2
A$C64AA05FE
 10
25.44159933420137
 20
22.29646230802906
 30
0
 41
0.9065734764729022
 42
0.9065734764729022
 43
0
 50
270
 70
    1
 71
    1
 44
0
 45
0
  0
LWPOLYLINE
  5
366
100
AcDbEntity
  8
FURN
  6
ByLayer
 62
  256
370
    0
100
AcDbPolyline
 90
    8
 70
    1
 43
0
 10
51.61521182985962
 20
78.75453640380692
 10
51.61521182985962
 20
19.15453640371379
 42
-0.414213562373095
 10
48.41521182990618
 20
15.95453640376036
 10
20.81521183214136
 20
15.95453640376036
 42
-0.414213562373095
 10
17.61521183218792
 20
19.15453640371379
 10
17.61521183218792
 20
78.75453640380692
 42
-0.4142135623730954
 10
20.81521183214136
 20
81.95453640376036
 10
48.41521182990618
 20
81.95453640376036
 42
-0.4142135623730957
  0
ENDBLK
  5
94
330
92
100
AcDbEntity
  8
0
100
AcDbBlockEnd
  0
ENDSEC
  0
SECTION
  2
ENTITIES
  0
LINE
  5
367
100
AcDbEntity
  8
WALL
  6
ByLayer
 62
  256
370
    0
100
AcDbLine
 10
36522.31314333927
 20
-428.9395204819273
 11
36522.31314333927
 21
-548.9395204819273
  0
LINE
  5
368
100
AcDbEntity
  8
WALL
  6
ByLayer
 62
  256
370
    0
100
AcDbLine
 10
36522.31314333927
 20
-553.939520481927
 11
36522.31314333927
 21
-637.939520481927
  0
LINE
  5
369
100
AcDbEntity
  8
WALL
  6
ByLayer
 62
  256
370
    0
100
AcDbLine
 10
36522.31314333928
 20
-642.9395204819273
 11
36522.31314333928
 21
-690.939520481927
  0
LINE
  5
36A
100
AcDbEntity
  8
WALL
  6
ByLayer
 62
  256
370
    0
100
AcDbLine
 10
36522.31314333928
 20
-695.9395204819273
 11
36522.31314333927
 21
-827.9395204819273
  0
LINE
  5
36B
100
AcDbEntity
  8
WALL
  6
ByLayer
 62
  256
370
    0
100
AcDbLine
 10
36666.31314333927
 20
-695.9395204819268
 11
36666.31314333927
 21
-700.939520481923
  0
LINE
  5
36C
100
AcDbEntity
  8
WALL
  6
ByLayer
 62
  256
370
    0
100
AcDbLine
 10
36666.31314333927
 20
-742.0823776247853
 11
36666.31314333927
 21
-827.939520481927
  0
LINE
  5
36D
100
AcDbEntity
  8
WALL
  6
ByLayer
 62
  256
370
    0
100
AcDbLine
 10
36671.31314333927
 20
-690.9395204819268
 11
36671.31314333927
 21
-700.9395204819266
  0
LINE
  5
36E
100
AcDbEntity
  8
WALL
  6
ByLayer
 62
  256
370
    0
100
AcDbLine
 10
36671.31314333927
 20
-742.0823776247853
 11
36671.31314333927
 21
-762.939520481928
  0
LINE
  5
36F
100
AcDbEntity
  8
WALL
  6
ByLayer
 62
  256
370
    0
100
AcDbLine
 10
36671.31314333927
 20
-767.939520481928
 11
36671.31314333927
 21
-832.9395204819273
  0
LINE
  5
370
100
AcDbEntity
  8
WALL
  6
ByLayer
 62
  256
370
    0
100
AcDbLine
 10
36618.31314333927
 20
-690.939520481927
 11
36618.31314333927
 21
-685.939520481927
  0
LINE
  5
371
100
AcDbEntity
  8
WALL
  6
ByLayer
 62
  256
370
    0
100
AcDbLine
 10
36618.31314333927
 20
-655.0823776247887
 11
36618.31314333927
 21
-642.9395204819273
  0
LINE
  5
372
100
AcDbEntity
  8
WALL
  6
ByLayer
 62
  256
370
    0
100
AcDbLine
 10
36623.31314333927
 20
-690.9395204819268
 11
36623.31314333927
 21
-685.939520481927
  0
LINE
  5
373
100
AcDbEntity
  8
WALL
  6
ByLayer
 62
  256
370
    0
100
AcDbLine
 10
36623.31314333927
 20
-655.0823776247887
 11
36623.31314333927
 21
-642.9395204819273
  0
LINE
  5
374
100
AcDbEntity
  8
WALL
  6
ByLayer
 62
  256
370
    0
100
AcDbLine
 10
36666.31314333927
 20
-548.9395204819273
 11
36666.31314333927
 21
-428.9395204819273
  0
LINE
  5
375
100
AcDbEntity
  8
WALL
  6
ByLayer
 62
  256
370
    0
100
AcDbLine
 10
36671.31314333927
 20
-548.9395204819273
 11
36671.31314333927
 21
-428.9395204819273
  0
LINE
  5
376
100
AcDbEntity
  8
WALL
  6
ByLayer
 62
  256
370
    0
100
AcDbLine
 10
36771.31314333928
 20
-548.9395204819273
 11
36771.31314333927
 21
-428.9395204819277
  0
LINE
  5
377
100
AcDbEntity
  8
WALL
  6
ByLayer
 62
  256
370
    0
100
AcDbLine
 10
36776.31314333928
 20
-548.9395204819273
 11
36776.31314333927
 21
-428.9395204819277
  0
LINE
  5
378
100
AcDbEntity
  8
WALL
  6
ByLayer
 62
  256
370
    0
100
AcDbLine
 10
36920.31314333927
 20
-428.9395204819273
 11
36920.31314333927
 21
-548.939520481927
  0
LINE
  5
379
100
AcDbEntity
  8
WALL
  6
ByLayer
 62
  256
370
    0
100
AcDbLine
 10
36920.31314333927
 20
-553.9395204819268
 11
36920.31314333927
 21
-637.939520481927
  0
LINE
  5
37A
100
AcDbEntity
  8
FURN
  6
ByLayer
 62
  256
370
    0
100
AcDbLine
 10
36896.31314333927
 20
-577.939520481927
 11
36896.31314333927
 21
-637.939520481927
  0
LINE
  5
37B
100
AcDbEntity
  8
WALL
  6
ByLayer
 62
  256
370
    0
100
AcDbLine
 10
36920.31314333927
 20
-642.939520481927
 11
36920.31314333928
 21
-690.9395204819275
  0
LINE
  5
37C
100
AcDbEntity
  8
WALL
  6
ByLayer
 62
  256
370
    0
100
AcDbLine
 10
36920.31314333927
 20
-695.9395204819277
 11
36920.31314333928
 21
-827.9395204819277
  0
LINE
  5
37D
100
AcDbEntity
  8
WALL
  6
ByLayer
 62
  256
370
    0
100
AcDbLine
 10
36836.31314333927
 20
-553.939520481927
 11
36836.31314333927
 21
-602.0823776247889
  0
LINE
  5
37E
100
AcDbEntity
  8
WALL
  6
ByLayer
 62
  256
370
    0
100
AcDbLine
 10
36836.31314333927
 20
-632.939520481927
 11
36836.31314333927
 21
-637.9395204819273
  0
LINE
  5
37F
100
AcDbEntity
  8
WALL
  6
ByLayer
 62
  256
370
    0
100
AcDbLine
 10
36836.31314333927
 20
-642.9395204819273
 11
36836.31314333927
 21
-655.0823776247887
  0
LINE
  5
380
100
AcDbEntity
  8
WALL
  6
ByLayer
 62
  256
370
    0
100
AcDbLine
 10
36836.31314333927
 20
-685.9395204819273
 11
36836.31314333927
 21
-690.9395204819273
  0
LINE
  5
381
100
AcDbEntity
  8
WALL
  6
ByLayer
 62
  256
370
    0
100
AcDbLine
 10
36831.31314333927
 20
-553.939520481927
 11
36831.31314333928
 21
-602.0823776247889
  0
LINE
  5
382
100
AcDbEntity
  8
WALL
  6
ByLayer
 62
  256
370
    0
100
AcDbLine
 10
36831.31314333927
 20
-632.939520481927
 11
36831.31314333927
 21
-655.0823776247887
  0
LINE
  5
383
100
AcDbEntity
  8
WALL
  6
ByLayer
 62
  256
370
    0
100
AcDbLine
 10
36831.31314333927
 20
-685.9395204819273
 11
36831.31314333927
 21
-690.9395204819273
  0
LINE
  5
384
100
AcDbEntity
  8
WALL
  6
ByLayer
 62
  256
370
    0
100
AcDbLine
 10
36776.31314333927
 20
-695.9395204819273
 11
36776.31314333927
 21
-827.9395204819273
  0
LINE
  5
385
100
AcDbEntity
  8
WALL
  6
ByLayer
 62
  256
370
    0
100
AcDbLine
 10
36781.31314333927
 20
-690.9395204819273
 11
36781.31314333927
 21
-695.9395204819273
  0
LINE
  5
386
100
AcDbEntity
  8
WALL
  6
ByLayer
 62
  256
370
    0
100
AcDbLine
 10
36771.31314333927
 20
-690.9395204819273
 11
36771.31314333927
 21
-762.9395204819275
  0
LINE
  5
387
100
AcDbEntity
  8
WALL
  6
ByLayer
 62
  256
370
    0
100
AcDbLine
 10
36771.31314333927
 20
-767.9395204819275
 11
36771.31314333927
 21
-832.9395204819273
  0
LINE
  5
388
100
AcDbEntity
  8
WALL
  6
ByLayer
 62
  256
370
    0
100
AcDbLine
 10
36925.31314333927
 20
-423.9395204819273
 11
36925.31314333927
 21
-832.9395204819273
  0
LINE
  5
389
100
AcDbEntity
  8
WALL
  6
ByLayer
 62
  256
370
    0
100
AcDbLine
 10
36517.31314333927
 20
-423.9395204819273
 11
36517.31314333927
 21
-832.9395204819273
  0
LINE
  5
38A
100
AcDbEntity
  8
WALL
  6
ByLayer
 62
  256
370
    0
100
AcDbLine
 10
36522.31314333927
 20
-827.939520481927
 11
36666.31314333927
 21
-827.939520481927
  0
LINE
  5
38B
100
AcDbEntity
  8
WALL
  6
ByLayer
 62
  256
370
    0
100
AcDbLine
 10
36776.31314333927
 20
-827.9395204819273
 11
36920.31314333927
 21
-827.9395204819275
  0
LINE
  5
38C
100
AcDbEntity
  8
WALL
  6
ByLayer
 62
  256
370
    0
100
AcDbLine
 10
36671.31314333927
 20
-767.9395204819277
 11
36725.17028619641
 21
-767.9395204819275
  0
LINE
  5
38D
100
AcDbEntity
  8
WALL
  6
ByLayer
 62
  256
370
    0
100
AcDbLine
 10
36766.31314333927
 20
-767.9395204819273
 11
36771.31314333927
 21
-767.9395204819273
  0
LINE
  5
38E
100
AcDbEntity
  8
WALL
  6
ByLayer
 62
  256
370
    0
100
AcDbLine
 10
36671.31314333927
 20
-762.9395204819277
 11
36725.17028619641
 21
-762.9395204819275
  0
LINE
  5
38F
100
AcDbEntity
  8
WALL
  6
ByLayer
 62
  256
370
    0
100
AcDbLine
 10
36766.31314333927
 20
-762.9395204819273
 11
36771.31314333927
 21
-762.9395204819273
  0
LINE
  5
390
100
AcDbEntity
  8
WALL
  6
ByLayer
 62
  256
370
    0
100
AcDbLine
 10
36776.31314333927
 20
-695.9395204819273
 11
36781.31314333927
 21
-695.9395204819273
  0
LINE
  5
391
100
AcDbEntity
  8
WALL
  6
ByLayer
 62
  256
370
    0
100
AcDbLine
 10
36822.45600048214
 20
-695.9395204819273
 11
36920.31314333928
 21
-695.9395204819275
  0
LINE
  5
392
100
AcDbEntity
  8
WALL
  6
ByLayer
 62
  256
370
    0
100
AcDbLine
 10
36771.31314333927
 20
-690.9395204819273
 11
36781.31314333927
 21
-690.9395204819273
  0
LINE
  5
393
100
AcDbEntity
  8
WALL
  6
ByLayer
 62
  256
370
    0
100
AcDbLine
 10
36822.45600048214
 20
-690.9395204819273
 11
36831.31314333927
 21
-690.9395204819273
  0
LINE
  5
394
100
AcDbEntity
  8
WALL
  6
ByLayer
 62
  256
370
    0
100
AcDbLine
 10
36836.31314333927
 20
-690.9395204819273
 11
36920.31314333927
 21
-690.9395204819273
  0
LINE
  5
395
100
AcDbEntity
  8
WALL
  6
ByLayer
 62
  256
370
    0
100
AcDbLine
 10
36836.31314333927
 20
-642.9395204819273
 11
36920.31314333927
 21
-642.939520481927
  0
LINE
  5
396
100
AcDbEntity
  8
WALL
  6
ByLayer
 62
  256
370
    0
100
AcDbLine
 10
36836.31314333927
 20
-637.9395204819273
 11
36920.31314333927
 21
-637.939520481927
  0
LINE
  5
397
100
AcDbEntity
  8
WALL
  6
ByLayer
 62
  256
370
    0
100
AcDbLine
 10
36522.31314333928
 20
-695.939520481927
 11
36666.31314333927
 21
-695.9395204819268
  0
LINE
  5
398
100
AcDbEntity
  8
WALL
  6
ByLayer
 62
  256
370
    0
100
AcDbLine
 10
36522.31314333928
 20
-690.939520481927
 11
36618.31314333927
 21
-690.939520481927
  0
LINE
  5
399
100
AcDbEntity
  8
WALL
  6
ByLayer
 62
  256
370
    0
100
AcDbLine
 10
36623.31314333927
 20
-690.9395204819266
 11
36671.31314333927
 21
-690.9395204819268
  0
LINE
  5
39A
100
AcDbEntity
  8
WALL
  6
ByLayer
 62
  256
370
    0
100
AcDbLine
 10
36618.31314333927
 20
-685.939520481927
 11
36623.31314333927
 21
-685.939520481927
  0
LINE
  5
39B
100
AcDbEntity
  8
WALL
  6
ByLayer
 62
  256
370
    0
100
AcDbLine
 10
36522.31314333927
 20
-642.9395204819273
 11
36618.31314333927
 21
-642.9395204819275
  0
LINE
  5
39C
100
AcDbEntity
  8
WALL
  6
ByLayer
 62
  256
370
    0
100
AcDbLine
 10
36623.31314333927
 20
-642.9395204819275
 11
36653.31314333928
 21
-642.9395204819275
  0
LINE
  5
39D
100
AcDbEntity
  8
WALL
  6
ByLayer
 62
  256
370
    0
100
AcDbLine
 10
36522.31314333927
 20
-637.9395204819273
 11
36653.31314333927
 21
-637.9395204819273
  0
LINE
  5
39E
100
AcDbEntity
  8
WALL
  6
ByLayer
 62
  256
370
    0
100
AcDbLine
 10
36522.31314333927
 20
-553.939520481927
 11
36620.17028619641
 21
-553.9395204819275
  0
LINE
  5
39F
100
AcDbEntity
  8
WALL
  6
ByLayer
 62
  256
370
    0
100
AcDbLine
 10
36661.31314333927
 20
-553.9395204819275
 11
36683.31314333927
 21
-553.9395204819273
  0
LINE
  5
3A0
100
AcDbEntity
  8
WALL
  6
ByLayer
 62
  256
370
    0
100
AcDbLine
 10
36759.31314333928
 20
-553.9395204819268
 11
36781.31314333927
 21
-553.9395204819273
  0
LINE
  5
3A1
100
AcDbEntity
  8
WALL
  6
ByLayer
 62
  256
370
    0
100
AcDbLine
 10
36822.45600048214
 20
-553.9395204819273
 11
36831.31314333927
 21
-553.939520481927
  0
LINE
  5
3A2
100
AcDbEntity
  8
WALL
  6
ByLayer
 62
  256
370
    0
100
AcDbLine
 10
36836.31314333927
 20
-553.939520481927
 11
36920.31314333927
 21
-553.939520481927
  0
LINE
  5
3A3
100
AcDbEntity
  8
FURN
  6
ByLayer
 62
  256
370
    0
100
AcDbLine
 10
36836.31314333927
 20
-577.939520481927
 11
36896.31314333927
 21
-577.939520481927
  0
LINE
  5
3A4
100
AcDbEntity
  8
WALL
  6
ByLayer
 62
  256
370
    0
100
AcDbLine
 10
36522.31314333927
 20
-548.939520481927
 11
36620.17028619641
 21
-548.9395204819273
  0
LINE
  5
3A5
100
AcDbEntity
  8
WALL
  6
ByLayer
 62
  256
370
    0
100
AcDbLine
 10
36661.31314333928
 20
-548.9395204819273
 11
36666.31314333927
 21
-548.939520481927
  0
LINE
  5
3A6
100
AcDbEntity
  8
WALL
  6
ByLayer
 62
  256
370
    0
100
AcDbLine
 10
36671.31314333927
 20
-548.939520481927
 11
36683.31314333927
 21
-548.9395204819273
  0
LINE
  5
3A7
100
AcDbEntity
  8
WALL
  6
ByLayer
 62
  256
370
    0
100
AcDbLine
 10
36759.31314333928
 20
-548.9395204819268
 11
36771.31314333928
 21
-548.939520481927
  0
LINE
  5
3A8
100
AcDbEntity
  8
WALL
  6
ByLayer
 62
  256
370
    0
100
AcDbLine
 10
36776.31314333928
 20
-548.939520481927
 11
36781.31314333927
 21
-548.9395204819273
  0
LINE
  5
3A9
100
AcDbEntity
  8
WALL
  6
ByLayer
 62
  256
370
    0
100
AcDbLine
 10
36822.45600048214
 20
-548.9395204819273
 11
36920.31314333927
 21
-548.939520481927
  0
LINE
  5
3AA
100
AcDbEntity
  8
WALL
  6
ByLayer
 62
  256
370
    0
100
AcDbLine
 10
36522.31314333927
 20
-428.9395204819273
 11
36666.31314333927
 21
-428.9395204819275
  0
LINE
  5
3AB
100
AcDbEntity
  8
WALL
  6
ByLayer
 62
  256
370
    0
100
AcDbLine
 10
36671.31314333927
 20
-428.9395204819275
 11
36771.31314333927
 21
-428.9395204819275
  0
LINE
  5
3AC
100
AcDbEntity
  8
WALL
  6
ByLayer
 62
  256
370
    0
100
AcDbLine
 10
36776.31314333927
 20
-428.9395204819275
 11
36920.31314333927
 21
-428.9395204819273
  0
LINE
  5
3AD
100
AcDbEntity
  8
WALL
  6
ByLayer
 62
  256
370
    0
100
AcDbLine
 10
36517.31314333927
 20
-423.9395204819273
 11
36925.31314333927
 21
-423.9395204819273
  0
LINE
  5
3AE
100
AcDbEntity
  8
WALL
  6
ByLayer
 62
  256
370
    0
100
AcDbLine
 10
36517.31314333927
 20
-832.9395204819273
 11
36671.31314333927
 21
-832.9395204819273
  0
LINE
  5
3AF
100
AcDbEntity
  8
WALL
  6
ByLayer
 62
  256
370
    0
100
AcDbLine
 10
36771.31314333927
 20
-832.9395204819273
 11
36925.31314333927
 21
-832.9395204819273
  0
LINE
  5
3B0
100
AcDbEntity
  8
stair
  6
ByLayer
 62
  256
370
    0
100
AcDbLine
 10
36671.31314333927
 20
-863.9395204819273
 11
36771.31314333927
 21
-863.9395204819273
  0
LINE
  5
3B1
100
AcDbEntity
  8
stair
  6
ByLayer
 62
  256
370
    0
100
AcDbLine
 10
36661.31314333927
 20
-873.9395204819273
 11
36781.31314333927
 21
-873.9395204819273
  0
LINE
  5
3B2
100
AcDbEntity
  8
stair
  6
ByLayer
 62
  256
370
    0
100
AcDbLine
 10
36651.31314333927
 20
-883.9395204819273
 11
36791.31314333927
 21
-883.9395204819273
  0
LINE
  5
3B3
100
AcDbEntity
  8
stair
  6
ByLayer
 62
  256
370
    0
100
AcDbLine
 10
36671.31314333927
 20
-832.9395204819273
 11
36671.31314333927
 21
-863.9395204819273
  0
LINE
  5
3B4
100
AcDbEntity
  8
stair
  6
ByLayer
 62
  256
370
    0
100
AcDbLine
 10
36661.31314333927
 20
-832.9395204819273
 11
36661.31314333927
 21
-873.9395204819273
  0
LINE
  5
3B5
100
AcDbEntity
  8
stair
  6
ByLayer
 62
  256
370
    0
100
AcDbLine
 10
36651.31314333927
 20
-832.9395204819273
 11
36651.31314333927
 21
-883.9395204819273
  0
LINE
  5
3B6
100
AcDbEntity
  8
stair
  6
ByLayer
 62
  256
370
    0
100
AcDbLine
 10
36781.31314333927
 20
-832.9395204819273
 11
36781.31314333927
 21
-873.9395204819273
  0
LINE
  5
3B7
100
AcDbEntity
  8
stair
  6
ByLayer
 62
  256
370
    0
100
AcDbLine
 10
36771.31314333927
 20
-832.9395204819273
 11
36771.31314333927
 21
-863.9395204819273
  0
LINE
  5
3B8
100
AcDbEntity
  8
stair
  6
ByLayer
 62
  256
370
    0
100
AcDbLine
 10
36791.31314333927
 20
-832.9395204819273
 11
36791.31314333927
 21
-883.9395204819273
  0
INSERT
  5
3B9
100
AcDbEntity
  8
DOOR
  6
ByLayer
 62
  256
370
    0
100
AcDbBlockReference
  2
DOOR40
 10
36781.31314333927
 20
-690.9395204819273
 30
0
 41
-1.028571428571428
 42
1.028571428571428
 43
0
 50
180
 70
    1
 71
    1
 44
0
 45
0
  0
LINE
  5
3BA
100
AcDbEntity
  8
WALL
  6
ByLayer
 62
  256
370
    0
100
AcDbLine
 10
36822.45600048214
 20
-690.9395204819273
 11
36822.45600048214
 21
-695.9395204819273
  0
LINE
  5
3BB
100
AcDbEntity
  8
WALL
  6
ByLayer
 62
  256
370
    0
100
AcDbLine
 10
36671.31314333927
 20
-700.9395204819268
 11
36666.31314333927
 21
-700.9395204819232
  0
INSERT
  5
3BC
100
AcDbEntity
  8
DOOR
  6
ByLayer
 62
  256
370
    0
100
AcDbBlockReference
  2
DOOR40
 10
36671.31314333927
 20
-700.9395204819268
 30
0
 41
-1.028571428571428
 42
1.028571428571428
 43
0
 50
90
 70
    1
 71
    1
 44
0
 45
0
  0
LINE
  5
3BD
100
AcDbEntity
  8
WALL
  6
ByLayer
 62
  256
370
    0
100
AcDbLine
 10
36671.31314333927
 20
-742.0823776247855
 11
36666.31314333927
 21
-742.0823776247855
  0
LINE
  5
3BE
100
AcDbEntity
  8
WALL
  6
ByLayer
 62
  256
370
    0
100
AcDbLine
 10
36781.31314333927
 20
-553.9395204819273
 11
36781.31314333927
 21
-548.9395204819273
  0
INSERT
  5
3BF
100
AcDbEntity
  8
DOOR
  6
ByLayer
 62
  256
370
    0
100
AcDbBlockReference
  2
DOOR40
 10
36781.31314333927
 20
-553.9395204819273
 30
0
 41
1.028571428571428
 42
1.028571428571428
 43
0
 50
0
 70
    1
 71
    1
 44
0
 45
0
  0
LINE
  5
3C0
100
AcDbEntity
  8
WALL
  6
ByLayer
 62
  256
370
    0
100
AcDbLine
 10
36822.45600048214
 20
-553.9395204819273
 11
36822.45600048214
 21
-548.9395204819273
  0
LINE
  5
3C1
100
AcDbEntity
  8
WALL
  6
ByLayer
 62
  256
370
    0
100
AcDbLine
 10
36661.31314333927
 20
-553.9395204819273
 11
36661.31314333928
 21
-548.9395204819273
  0
INSERT
  5
3C2
100
AcDbEntity
  8
DOOR
  6
ByLayer
 62
  256
370
    0
100
AcDbBlockReference
  2
DOOR40
 10
36661.31314333927
 20
-553.9395204819273
 30
0
 41
-1.028571428571428
 42
1.028571428571428
 43
0
 50
0
 70
    1
 71
    1
 44
0
 45
0
  0
LINE
  5
3C3
100
AcDbEntity
  8
WALL
  6
ByLayer
 62
  256
370
    0
100
AcDbLine
 10
36620.17028619641
 20
-553.9395204819273
 11
36620.17028619641
 21
-548.9395204819273
  0
LINE
  5
3C4
100
AcDbEntity
  8
WALL
  6
ByLayer
 62
  256
370
    0
100
AcDbLine
 10
36683.31314333927
 20
-548.9395204819273
 11
36683.31314333927
 21
-553.9395204819275
  0
LINE
  5
3C5
100
AcDbEntity
  8
WALL
  6
ByLayer
 62
  256
370
    0
100
AcDbLine
 10
36759.31314333928
 20
-548.9395204819268
 11
36759.31314333928
 21
-553.939520481927
  0
INSERT
  5
3C6
100
AcDbEntity
  8
DOOR
  6
ByLayer
 62
  256
370
    0
100
AcDbBlockReference
  2
DOOR40
 10
36623.31314333927
 20
-685.939520481927
 30
0
 41
0.7714285714284634
 42
0.7714285714284634
 43
0
 50
90
 70
    1
 71
    1
 44
0
 45
0
  0
LINE
  5
3C7
100
AcDbEntity
  8
WALL
  6
ByLayer
 62
  256
370
    0
100
AcDbLine
 10
36623.31314333927
 20
-655.0823776247885
 11
36618.31314333928
 21
-655.0823776247885
  0
LINE
  5
3C8
100
AcDbEntity
  8
WALL
  6
ByLayer
 62
  256
370
    0
100
AcDbLine
 10
36836.31314333928
 20
-685.9395204819273
 11
36831.31314333927
 21
-685.9395204819273
  0
INSERT
  5
3C9
100
AcDbEntity
  8
DOOR
  6
ByLayer
 62
  256
370
    0
100
AcDbBlockReference
  2
DOOR40
 10
36831.31314333927
 20
-685.9395204819273
 30
0
 41
-0.7714285714284634
 42
0.7714285714284634
 43
0
 50
270
 70
    1
 71
    1
 44
0
 45
0
  0
LINE
  5
3CA
100
AcDbEntity
  8
WALL
  6
ByLayer
 62
  256
370
    0
100
AcDbLine
 10
36831.31314333927
 20
-655.0823776247887
 11
36836.31314333927
 21
-655.0823776247887
  0
LINE
  5
3CB
100
AcDbEntity
  8
WALL
  6
ByLayer
 62
  256
370
    0
100
AcDbLine
 10
36836.31314333928
 20
-632.9395204819273
 11
36831.31314333927
 21
-632.9395204819273
  0
INSERT
  5
3CC
100
AcDbEntity
  8
DOOR
  6
ByLayer
 62
  256
370
    0
100
AcDbBlockReference
  2
DOOR40
 10
36831.31314333927
 20
-632.9395204819273
 30
0
 41
-0.7714285714284634
 42
0.7714285714284634
 43
0
 50
270
 70
    1
 71
    1
 44
0
 45
0
  0
LINE
  5
3CD
100
AcDbEntity
  8
WALL
  6
ByLayer
 62
  256
370
    0
100
AcDbLine
 10
36831.31314333927
 20
-602.0823776247887
 11
36836.31314333927
 21
-602.0823776247887
  0
LINE
  5
3CE
100
AcDbEntity
  8
stair
  6
ByLayer
 62
  256
370
    0
100
AcDbLine
 10
36563.31314333927
 20
-637.9395204819309
 11
36563.31314333927
 21
-596.9395204819309
  0
LINE
  5
3CF
100
AcDbEntity
  8
stair
  6
ByLayer
 62
  256
370
    0
100
AcDbLine
 10
36563.31314333927
 20
-594.9395204819273
 11
36563.31314333927
 21
-553.9395204819273
  0
LINE
  5
3D0
100
AcDbEntity
  8
stair
  6
ByLayer
 62
  256
370
    0
100
AcDbLine
 10
36573.31314333927
 20
-594.9395204819273
 11
36573.31314333927
 21
-553.9395204819273
  0
LINE
  5
3D1
100
AcDbEntity
  8
stair
  6
ByLayer
 62
  256
370
    0
100
AcDbLine
 10
36583.31314333927
 20
-594.9395204819273
 11
36583.31314333927
 21
-553.9395204819273
  0
LINE
  5
3D2
100
AcDbEntity
  8
stair
  6
DASHED
 62
  256
370
    0
100
AcDbLine
 10
36593.31314333927
 20
-594.9395204819273
 11
36593.31314333927
 21
-553.9395204819273
  0
LINE
  5
3D3
100
AcDbEntity
  8
stair
  6
DASHED
 62
  256
370
    0
100
AcDbLine
 10
36603.31314333927
 20
-594.9395204819273
 11
36603.31314333927
 21
-553.9395204819273
  0
LINE
  5
3D4
100
AcDbEntity
  8
stair
  6
DASHED
 62
  256
370
    0
100
AcDbLine
 10
36613.31314333927
 20
-594.9395204819273
 11
36613.31314333927
 21
-553.9395204819273
  0
LINE
  5
3D5
100
AcDbEntity
  8
stair
  6
ByLayer
 62
  256
370
    0
100
AcDbLine
 10
36653.31314333927
 20
-637.9395204819309
 11
36653.31314333927
 21
-596.9395204819309
  0
LINE
  5
3D6
100
AcDbEntity
  8
rail
  6
ByLayer
 62
  256
370
    0
100
AcDbLine
 10
36653.31314333927
 20
-596.9395204819309
 11
36563.31314333927
 21
-596.9395204819309
  0
LINE
  5
3D7
100
AcDbEntity
  8
rail
  6
ByLayer
 62
  256
370
    0
100
AcDbLine
 10
36653.31314333927
 20
-594.9395204819309
 11
36563.31314333927
 21
-594.9395204819309
  0
LINE
  5
3D8
100
AcDbEntity
  8
rail
  6
ByLayer
 62
  256
370
    0
100
AcDbLine
 10
36653.31314333927
 20
-594.9395204819309
 11
36653.31314333927
 21
-596.9395204819309
  0
LINE
  5
3D9
100
AcDbEntity
  8
rail
  6
ByLayer
 62
  256
370
    0
100
AcDbLine
 10
36563.31314333927
 20
-594.9395204819273
 11
36563.31314333927
 21
-596.9395204819309
  0
LINE
  5
3DA
100
AcDbEntity
  8
stair
  6
ByLayer
 62
  256
370
    0
100
AcDbLine
 10
36573.31314333927
 20
-596.9395204819309
 11
36573.31314333927
 21
-637.9395204819309
  0
LINE
  5
3DB
100
AcDbEntity
  8
stair
  6
ByLayer
 62
  256
370
    0
100
AcDbLine
 10
36583.31314333927
 20
-596.9395204819309
 11
36583.31314333927
 21
-637.9395204819309
  0
LINE
  5
3DC
100
AcDbEntity
  8
stair
  6
ByLayer
 62
  256
370
    0
100
AcDbLine
 10
36593.31314333927
 20
-596.9395204819309
 11
36593.31314333927
 21
-637.9395204819309
  0
LINE
  5
3DD
100
AcDbEntity
  8
stair
  6
ByLayer
 62
  256
370
    0
100
AcDbLine
 10
36603.31314333927
 20
-596.9395204819309
 11
36603.31314333927
 21
-637.9395204819309
  0
LINE
  5
3DE
100
AcDbEntity
  8
stair
  6
ByLayer
 62
  256
370
    0
100
AcDbLine
 10
36613.31314333927
 20
-596.9395204819309
 11
36613.31314333927
 21
-637.9395204819309
  0
LINE
  5
3DF
100
AcDbEntity
  8
stair
  6
ByLayer
 62
  256
370
    0
100
AcDbLine
 10
36623.31314333927
 20
-596.9395204819309
 11
36623.31314333927
 21
-637.9395204819309
  0
LINE
  5
3E0
100
AcDbEntity
  8
stair
  6
ByLayer
 62
  256
370
    0
100
AcDbLine
 10
36633.31314333927
 20
-596.9395204819309
 11
36633.31314333927
 21
-637.9395204819309
  0
LINE
  5
3E1
100
AcDbEntity
  8
stair
  6
ByLayer
 62
  256
370
    0
100
AcDbLine
 10
36643.31314333927
 20
-596.9395204819309
 11
36643.31314333927
 21
-637.9395204819309
  0
LINE
  5
3E2
100
AcDbEntity
  8
rail
  6
ByLayer
 62
  256
370
    0
100
AcDbLine
 10
36653.31314333927
 20
-617.4395204819346
 11
36540.28523564393
 21
-617.4395204819346
  0
LINE
  5
3E3
100
AcDbEntity
  8
rail
  6
ByLayer
 62
  256
370
    0
100
AcDbLine
 10
36540.28523564393
 20
-617.4395204819346
 11
36540.28523564393
 21
-574.4395204819273
  0
LINE
  5
3E4
100
AcDbEntity
  8
rail
  6
DASHED
 62
  256
370
    0
100
AcDbLine
 10
36540.28523564393
 20
-574.4395204819273
 11
36613.31314333928
 21
-574.4395204819273
  0
LINE
  5
3E5
100
AcDbEntity
  8
rail
  6
DASHED
 62
  256
370
    0
100
AcDbLine
 10
36603.31314333928
 20
-583.2978356129358
 11
36613.31314333928
 21
-574.4395204819273
  0
LINE
  5
3E6
100
AcDbEntity
  8
rail
  6
DASHED
 62
  256
370
    0
100
AcDbLine
 10
36603.31314333928
 20
-565.5812053509187
 11
36613.31314333928
 21
-574.4395204819273
  0
MTEXT
  5
3E7
100
AcDbEntity
  8
text
  6
ByLayer
 62
  256
370
    0
100
AcDbMText
 10
36542.84846398952
 20
-559.7291315449227
 30
0
 40
8
 41
29.33333163731614
 71
    2
 72
    5
  1
STAIR 
  7
STANDARD
210
0
220
0
230
1
 50
0
 73
    1
 44
1
  0
LINE
  5
3E8
100
AcDbEntity
  8
stair
  6
ByLayer
 62
  256
370
    0
100
AcDbLine
 10
36633.31314333927
 20
-637.9395204819309
 11
36653.31314333927
 21
-637.9395204819309
  0
INSERT
  5
3E9
100
AcDbEntity
  8
DOOR
  6
ByLayer
 62
  256
370
    0
100
AcDbBlockReference
  2
DOOR40
 10
36766.31314333927
 20
-767.9395204819273
 30
0
 41
-1.028571428571428
 42
1.028571428571428
 43
0
 50
0
 70
    1
 71
    1
 44
0
 45
0
  0
LINE
  5
3EA
100
AcDbEntity
  8
WALL
  6
ByLayer
 62
  256
370
    0
100
AcDbLine
 10
36766.31314333927
 20
-767.9395204819273
 11
36766.31314333927
 21
-762.9395204819273
  0
LINE
  5
3EB
100
AcDbEntity
  8
WALL
  6
ByLayer
 62
  256
370
    0
100
AcDbLine
 10
36725.17028619641
 20
-767.9395204819273
 11
36725.17028619641
 21
-762.9395204819273
  0
LINE
  5
3EC
100
AcDbEntity
  8
Wall_SYN
  6
ByLayer
 62
  256
370
   -1
100
AcDbLine
 10
36564.31314333927
 20
-428.9395204819239
 11
36564.31314333927
 21
-423.9395204819289
  0
LINE
  5
3ED
100
AcDbEntity
  8
Wall_SYN
  6
ByLayer
 62
  256
370
   -1
100
AcDbLine
 10
36624.31314333927
 20
-428.9395204819239
 11
36624.31314333927
 21
-423.9395204819284
  0
LINE
  5
3EE
100
AcDbEntity
  8
WINDOW
  6
DASHED
 62
  256
370
   -1
100
AcDbLine
 10
36629.31314333927
 20
-415.9395204819311
 11
36559.31314333927
 21
-415.9395204819239
  0
LINE
  5
3EF
100
AcDbEntity
  8
WINDOW
  6
DASHED
 62
  256
370
   -1
100
AcDbLine
 10
36629.31314333927
 20
-423.9395204819311
 11
36629.31314333927
 21
-415.9395204819311
  0
LINE
  5
3F0
100
AcDbEntity
  8
WINDOW
  6
DASHED
 62
  256
370
   -1
100
AcDbLine
 10
36559.31314333927
 20
-423.9395204819311
 11
36559.31314333927
 21
-415.9395204819239
  0
LINE
  5
3F1
100
AcDbEntity
  8
Wall_SYN
  6
ByLayer
 62
  256
370
   -1
100
AcDbLine
 10
36691.31314333927
 20
-428.9395204819239
 11
36691.31314333927
 21
-423.9395204819289
  0
LINE
  5
3F2
100
AcDbEntity
  8
Wall_SYN
  6
ByLayer
 62
  256
370
   -1
100
AcDbLine
 10
36751.31314333927
 20
-428.9395204819239
 11
36751.31314333927
 21
-423.9395204819284
  0
LINE
  5
3F3
100
AcDbEntity
  8
WINDOW
  6
DASHED
 62
  256
370
   -1
100
AcDbLine
 10
36756.31314333927
 20
-415.9395204819311
 11
36686.31314333927
 21
-415.9395204819239
  0
LINE
  5
3F4
100
AcDbEntity
  8
WINDOW
  6
DASHED
 62
  256
370
   -1
100
AcDbLine
 10
36756.31314333927
 20
-423.9395204819311
 11
36756.31314333927
 21
-415.9395204819311
  0
LINE
  5
3F5
100
AcDbEntity
  8
WINDOW
  6
DASHED
 62
  256
370
   -1
100
AcDbLine
 10
36686.31314333927
 20
-423.9395204819311
 11
36686.31314333927
 21
-415.9395204819239
  0
LINE
  5
3F6
100
AcDbEntity
  8
Wall_SYN
  6
ByLayer
 62
  256
370
   -1
100
AcDbLine
 10
36818.31314333927
 20
-428.9395204819239
 11
36818.31314333927
 21
-423.9395204819289
  0
LINE
  5
3F7
100
AcDbEntity
  8
Wall_SYN
  6
ByLayer
 62
  256
370
   -1
100
AcDbLine
 10
36878.31314333927
 20
-428.9395204819239
 11
36878.31314333927
 21
-423.9395204819284
  0
LINE
  5
3F8
100
AcDbEntity
  8
WINDOW
  6
DASHED
 62
  256
370
   -1
100
AcDbLine
 10
36883.31314333927
 20
-415.9395204819311
 11
36813.31314333927
 21
-415.9395204819239
  0
LINE
  5
3F9
100
AcDbEntity
  8
WINDOW
  6
DASHED
 62
  256
370
   -1
100
AcDbLine
 10
36883.31314333927
 20
-423.9395204819311
 11
36883.31314333927
 21
-415.9395204819311
  0
LINE
  5
3FA
100
AcDbEntity
  8
WINDOW
  6
DASHED
 62
  256
370
   -1
100
AcDbLine
 10
36813.31314333927
 20
-423.9395204819311
 11
36813.31314333927
 21
-415.9395204819239
  0
LINE
  5
3FB
100
AcDbEntity
  8
Wall_SYN
  6
ByLayer
 62
  256
370
   -1
100
AcDbLine
 10
36920.31314333928
 20
-458.939520481927
 11
36925.31314333927
 21
-458.939520481927
  0
LINE
  5
3FC
100
AcDbEntity
  8
Wall_SYN
  6
ByLayer
 62
  256
370
   -1
100
AcDbLine
 10
36920.31314333928
 20
-518.939520481927
 11
36925.31314333927
 21
-518.939520481927
  0
LINE
  5
3FD
100
AcDbEntity
  8
WINDOW
  6
DASHED
 62
  256
370
   -1
100
AcDbLine
 10
36933.31314333927
 20
-523.939520481927
 11
36933.31314333928
 21
-453.9395204819198
  0
LINE
  5
3FE
100
AcDbEntity
  8
WINDOW
  6
DASHED
 62
  256
370
   -1
100
AcDbLine
 10
36925.31314333927
 20
-523.939520481927
 11
36933.31314333927
 21
-523.939520481927
  0
LINE
  5
3FF
100
AcDbEntity
  8
WINDOW
  6
DASHED
 62
  256
370
   -1
100
AcDbLine
 10
36925.31314333927
 20
-453.9395204819234
 11
36933.31314333928
 21
-453.9395204819198
  0
LINE
  5
400
100
AcDbEntity
  8
Wall_SYN
  6
ByLayer
 62
  256
370
   -1
100
AcDbLine
 10
36522.31314333927
 20
-518.9395204819273
 11
36517.31314333928
 21
-518.9395204819273
  0
LINE
  5
401
100
AcDbEntity
  8
Wall_SYN
  6
ByLayer
 62
  256
370
   -1
100
AcDbLine
 10
36522.31314333927
 20
-458.9395204819273
 11
36517.31314333928
 21
-458.9395204819273
  0
LINE
  5
402
100
AcDbEntity
  8
WINDOW
  6
DASHED
 62
  256
370
   -1
100
AcDbLine
 10
36509.31314333928
 20
-453.9395204819273
 11
36509.31314333927
 21
-523.9395204819346
  0
LINE
  5
403
100
AcDbEntity
  8
WINDOW
  6
DASHED
 62
  256
370
   -1
100
AcDbLine
 10
36517.31314333928
 20
-453.9395204819273
 11
36509.31314333928
 21
-453.9395204819273
  0
LINE
  5
404
100
AcDbEntity
  8
WINDOW
  6
DASHED
 62
  256
370
   -1
100
AcDbLine
 10
36517.31314333928
 20
-523.9395204819309
 11
36509.31314333927
 21
-523.9395204819346
  0
LINE
  5
405
100
AcDbEntity
  8
Wall_SYN
  6
ByLayer
 62
  256
370
   -1
100
AcDbLine
 10
36818.31314333927
 20
-827.9395204819282
 11
36818.31314333927
 21
-832.9395204819232
  0
LINE
  5
406
100
AcDbEntity
  8
Wall_SYN
  6
ByLayer
 62
  256
370
   -1
100
AcDbLine
 10
36878.31314333927
 20
-827.9395204819282
 11
36878.31314333927
 21
-832.9395204819236
  0
LINE
  5
407
100
AcDbEntity
  8
WINDOW
  6
DASHED
 62
  256
370
   -1
100
AcDbLine
 10
36883.31314333927
 20
-840.9395204819209
 11
36813.31314333927
 21
-840.9395204819282
  0
LINE
  5
408
100
AcDbEntity
  8
WINDOW
  6
DASHED
 62
  256
370
   -1
100
AcDbLine
 10
36883.31314333927
 20
-832.9395204819209
 11
36883.31314333927
 21
-840.9395204819209
  0
LINE
  5
409
100
AcDbEntity
  8
WINDOW
  6
DASHED
 62
  256
370
   -1
100
AcDbLine
 10
36813.31314333927
 20
-832.9395204819209
 11
36813.31314333927
 21
-840.9395204819282
  0
LINE
  5
40A
100
AcDbEntity
  8
Wall_SYN
  6
ByLayer
 62
  256
370
   -1
100
AcDbLine
 10
36564.31314333927
 20
-827.9395204819277
 11
36564.31314333927
 21
-832.9395204819227
  0
LINE
  5
40B
100
AcDbEntity
  8
Wall_SYN
  6
ByLayer
 62
  256
370
   -1
100
AcDbLine
 10
36624.31314333927
 20
-827.9395204819277
 11
36624.31314333927
 21
-832.9395204819232
  0
LINE
  5
40C
100
AcDbEntity
  8
WINDOW
  6
DASHED
 62
  256
370
   -1
100
AcDbLine
 10
36629.31314333927
 20
-840.9395204819205
 11
36559.31314333927
 21
-840.9395204819277
  0
LINE
  5
40D
100
AcDbEntity
  8
WINDOW
  6
DASHED
 62
  256
370
   -1
100
AcDbLine
 10
36629.31314333927
 20
-832.9395204819205
 11
36629.31314333927
 21
-840.9395204819205
  0
LINE
  5
40E
100
AcDbEntity
  8
WINDOW
  6
DASHED
 62
  256
370
   -1
100
AcDbLine
 10
36559.31314333927
 20
-832.9395204819205
 11
36559.31314333927
 21
-840.9395204819277
  0
LINE
  5
40F
100
AcDbEntity
  8
Wall_SYN
  6
ByLayer
 62
  256
370
   -1
100
AcDbLine
 10
36522.31314333927
 20
-625.939520481927
 11
36517.31314333928
 21
-625.939520481927
  0
LINE
  5
410
100
AcDbEntity
  8
Wall_SYN
  6
ByLayer
 62
  256
370
   -1
100
AcDbLine
 10
36522.31314333927
 20
-565.939520481927
 11
36517.31314333928
 21
-565.939520481927
  0
LINE
  5
411
100
AcDbEntity
  8
WINDOW
  6
DASHED
 62
  256
370
   -1
100
AcDbLine
 10
36509.31314333928
 20
-560.939520481927
 11
36509.31314333927
 21
-630.9395204819343
  0
LINE
  5
412
100
AcDbEntity
  8
WINDOW
  6
DASHED
 62
  256
370
   -1
100
AcDbLine
 10
36517.31314333928
 20
-560.939520481927
 11
36509.31314333928
 21
-560.939520481927
  0
LINE
  5
413
100
AcDbEntity
  8
WINDOW
  6
DASHED
 62
  256
370
   -1
100
AcDbLine
 10
36517.31314333928
 20
-630.9395204819307
 11
36509.31314333927
 21
-630.9395204819343
  0
LINE
  5
414
100
AcDbEntity
  8
Wall_SYN
  6
ByLayer
 62
  256
370
   -1
100
AcDbLine
 10
36522.31314333927
 20
-791.9395204819273
 11
36517.31314333928
 21
-791.9395204819273
  0
LINE
  5
415
100
AcDbEntity
  8
Wall_SYN
  6
ByLayer
 62
  256
370
   -1
100
AcDbLine
 10
36522.31314333927
 20
-731.9395204819273
 11
36517.31314333928
 21
-731.9395204819273
  0
LINE
  5
416
100
AcDbEntity
  8
WINDOW
  6
DASHED
 62
  256
370
   -1
100
AcDbLine
 10
36509.31314333928
 20
-726.9395204819273
 11
36509.31314333927
 21
-796.9395204819346
  0
LINE
  5
417
100
AcDbEntity
  8
WINDOW
  6
DASHED
 62
  256
370
   -1
100
AcDbLine
 10
36517.31314333928
 20
-726.9395204819273
 11
36509.31314333928
 21
-726.9395204819273
  0
LINE
  5
418
100
AcDbEntity
  8
WINDOW
  6
DASHED
 62
  256
370
   -1
100
AcDbLine
 10
36517.31314333928
 20
-796.9395204819309
 11
36509.31314333927
 21
-796.9395204819346
  0
LINE
  5
419
100
AcDbEntity
  8
Wall_SYN
  6
ByLayer
 62
  256
370
   -1
100
AcDbLine
 10
36920.31314333928
 20
-565.939520481927
 11
36925.31314333927
 21
-565.939520481927
  0
LINE
  5
41A
100
AcDbEntity
  8
Wall_SYN
  6
ByLayer
 62
  256
370
   -1
100
AcDbLine
 10
36920.31314333928
 20
-625.939520481927
 11
36925.31314333927
 21
-625.939520481927
  0
LINE
  5
41B
100
AcDbEntity
  8
WINDOW
  6
DASHED
 62
  256
370
   -1
100
AcDbLine
 10
36933.31314333927
 20
-630.939520481927
 11
36933.31314333928
 21
-560.9395204819198
  0
LINE
  5
41C
100
AcDbEntity
  8
WINDOW
  6
DASHED
 62
  256
370
   -1
100
AcDbLine
 10
36925.31314333927
 20
-630.939520481927
 11
36933.31314333927
 21
-630.939520481927
  0
LINE
  5
41D
100
AcDbEntity
  8
WINDOW
  6
DASHED
 62
  256
370
   -1
100
AcDbLine
 10
36925.31314333927
 20
-560.9395204819234
 11
36933.31314333928
 21
-560.9395204819198
  0
LINE
  5
41E
100
AcDbEntity
  8
Wall_SYN
  6
ByLayer
 62
  256
370
   -1
100
AcDbLine
 10
36920.31314333928
 20
-731.9395204819277
 11
36925.31314333927
 21
-731.9395204819277
  0
LINE
  5
41F
100
AcDbEntity
  8
Wall_SYN
  6
ByLayer
 62
  256
370
   -1
100
AcDbLine
 10
36920.31314333928
 20
-791.9395204819277
 11
36925.31314333927
 21
-791.9395204819277
  0
LINE
  5
420
100
AcDbEntity
  8
WINDOW
  6
DASHED
 62
  256
370
   -1
100
AcDbLine
 10
36933.31314333927
 20
-796.9395204819277
 11
36933.31314333928
 21
-726.9395204819205
  0
LINE
  5
421
100
AcDbEntity
  8
WINDOW
  6
DASHED
 62
  256
370
   -1
100
AcDbLine
 10
36925.31314333927
 20
-796.9395204819277
 11
36933.31314333927
 21
-796.9395204819277
  0
LINE
  5
422
100
AcDbEntity
  8
WINDOW
  6
DASHED
 62
  256
370
   -1
100
AcDbLine
 10
36925.31314333927
 20
-726.9395204819241
 11
36933.31314333928
 21
-726.9395204819205
  0
INSERT
  5
423
100
AcDbEntity
  8
FUR
  6
ByLayer
 62
  256
370
    0
100
AcDbBlockReference
  2
A$C05cd1a33
 10
36783.15794042316
 20
-658.7196267352633
 30
0
 41
1
 42
1
 43
0
 50
90
 70
    1
 71
    1
 44
0
 45
0
  0
MTEXT
  5
424
100
AcDbEntity
  8
text
  6
ByLayer
 62
  256
370
    0
100
AcDbMText
 10
36618.08854877108
 20
-786.2261236236998
 30
0
 40
8
 41
53.1111111111116
 71
    2
 72
    5
  1
BED ROOM
  7
STANDARD
210
0
220
0
230
1
 50
0
 73
    1
 44
1
  0
MTEXT
  5
425
100
AcDbEntity
  8
text
  6
ByLayer
 62
  256
370
    0
100
AcDbMText
 10
36619.37325033618
 20
-459.4379184151112
 30
0
 40
8
 41
53.1111111111116
 71
    2
 72
    5
  1
BED ROOM
  7
STANDARD
210
0
220
0
230
1
 50
0
 73
    1
 44
1
  0
MTEXT
  5
426
100
AcDbEntity
  8
text
  6
ByLayer
 62
  256
370
    0
100
AcDbMText
 10
36824.34275552494
 20
-458.5047727159108
 30
0
 40
8
 41
53.1111111111116
 71
    2
 72
    5
  1
BED ROOM
  7
STANDARD
210
0
220
0
230
1
 50
0
 73
    1
 44
1
  0
MTEXT
  5
427
100
AcDbEntity
  8
text
  6
ByLayer
 62
  256
370
    0
100
AcDbMText
 10
36723.09716544923
 20
-484.531235532723
 30
0
 40
8
 41
62.88888888888889
 71
    2
 72
    5
  1
PRAY ROOM
  7
STANDARD
210
0
220
0
230
1
 50
0
 73
    1
 44
1
  0
MTEXT
  5
428
100
AcDbEntity
  8
text
  6
ByLayer
 62
  256
370
    0
100
AcDbMText
 10
36862.90808408585
 20
-589.5824466471793
 30
0
 40
8
 41
40.88888888888938
 71
    2
 72
    5
  1
KITCHEN 
  7
STANDARD
210
0
220
0
230
1
 50
0
 73
    1
 44
1
  0
MTEXT
  5
429
100
AcDbEntity
  8
text
  6
ByLayer
 62
  256
370
    0
100
AcDbMText
 10
36880.04858178484
 20
-676.4226654672063
 30
0
 40
8
 41
33.77777777777777
 71
    2
 72
    5
  1
TOILET
  7
STANDARD
210
0
220
0
230
1
 50
0
 73
    1
 44
1
  0
MTEXT
  5
42A
100
AcDbEntity
  8
text
  6
ByLayer
 62
  256
370
    0
100
AcDbMText
 10
36566.08455575741
 20
-678.0776180841931
 30
0
 40
8
 41
33.77777777777777
 71
    2
 72
    5
  1
TOILET
  7
STANDARD
210
0
220
0
230
1
 50
0
 73
    1
 44
1
  0
MTEXT
  5
42B
100
AcDbEntity
  8
text
  6
ByLayer
 62
  256
370
    0
100
AcDbMText
 10
36734.55743870737
 20
-620.0271397130389
 30
0
 40
8
 41
31.1111111111116
 71
    2
 72
    5
  1
DINING 
  7
STANDARD
210
0
220
0
230
1
 50
0
 73
    1
 44
1
  0
MTEXT
  5
42C
100
AcDbEntity
  8
text
  6
ByLayer
 62
  256
370
    0
100
AcDbMText
 10
36722.63737248223
 20
-828.0072481270734
 30
0
 40
8
 41
32.0000000000005
 71
    2
 72
    5
  1
PORCH 
  7
STANDARD
210
0
220
0
230
1
 50
0
 73
    1
 44
1
  0
LINE
  5
42D
100
AcDbEntity
  8
WALL
  6
ByLayer
 62
  256
370
    0
100
AcDbLine
 10
36653.31314333927
 20
-637.9395204819309
 11
36653.31314333927
 21
-642.9395204819275
  0
DIMENSION
  5
42E
100
AcDbEntity
  8
hatch
  6
ByLayer
 62
  256
370
    0
100
AcDbDimension
  2
*D1
 10
36925.31314333927
 20
-400.2845081454798
 30
0
 11
36721.31314333927
 21
-400.2845081454798
 31
0
 70
   32
 71
    5
 72
    0
  3
WORKING
 53
0
210
0
220
0
230
1
100
AcDbAlignedDimension
 13
36517.31314333927
 23
-453.5753248443623
 33
0
 14
36925.31314333927
 24
-453.5753248443623
 34
0
100
AcDbRotatedDimension
  0
DIMENSION
  5
42F
100
AcDbEntity
  8
hatch
  6
ByLayer
 62
  256
370
    0
100
AcDbDimension
  2
*D2
 10
36493.79485159284
 20
-883.9395204819278
 30
0
 11
36493.79485159284
 21
-653.9395204819378
 31
0
 70
   32
 71
    5
 72
    0
  3
WORKING
 53
0
210
0
220
0
230
1
100
AcDbAlignedDimension
 13
36535.06845964174
 23
-423.9395204819273
 33
0
 14
36669.06845964174
 24
-883.9395204819273
 34
0
 50
90
100
AcDbRotatedDimension
  0
INSERT
  5
430
100
AcDbEntity
  8
FURN
  6
ByLayer
 62
  256
370
    0
100
AcDbBlockReference
  2
A$C625a09c8
 10
36615.38646038649
 20
-538.9464651304752
 30
0
 41
-5.844683936724634
 42
5.844683936724634
 43
0
 50
0
 70
    1
 71
    1
 44
0
 45
0
  0
INSERT
  5
431
100
AcDbEntity
  8
FURN
  6
ByLayer
 62
  256
370
    0
100
AcDbBlockReference
  2
A$C625a09c8
 10
36615.38646038651
 20
-717.6785253300914
 30
0
 41
5.844683936724634
 42
5.844683936724634
 43
0
 50
180
 70
    1
 71
    1
 44
0
 45
0
  0
MTEXT
  5
432
100
AcDbEntity
  8
text
  6
ByLayer
 62
  256
370
    0
100
AcDbMText
 10
36822.56143112527
 20
-784.6096242917672
 30
0
 40
8
 41
53.1111111111116
 71
    2
 72
    5
  1
BED ROOM
  7
STANDARD
210
0
220
0
230
1
 50
0
 73
    1
 44
1
  0
INSERT
  5
433
100
AcDbEntity
  8
FURN
  6
ByLayer
 62
  256
370
    0
100
AcDbBlockReference
  2
A$C625a09c8
 10
36824.61260855725
 20
-717.6785253300914
 30
0
 41
-5.844683936724634
 42
5.844683936724634
 43
0
 50
180
 70
    1
 71
    1
 44
0
 45
0
  0
INSERT
  5
434
100
AcDbEntity
  8
FURN
  6
ByLayer
 62
  256
370
    0
100
AcDbBlockReference
  2
A$C625a09c8
 10
36826.46722948943
 20
-538.9464651304752
 30
0
 41
5.844683936724634
 42
5.844683936724634
 43
0
 50
0
 70
    1
 71
    1
 44
0
 45
0
  0
DIMENSION
  5
435
100
AcDbEntity
  8
hatch
  6
ByLayer
 62
  256
370
    0
100
AcDbDimension
  2
*D3
 10
36920.31314333927
 20
-705.7869782690104
 30
0
 11
36848.31314333927
 21
-705.7869782690104
 31
0
 70
   32
 71
    5
 72
    0
  3
WORKING
 53
0
210
0
220
0
230
1
100
AcDbAlignedDimension
 13
36776.31314333927
 23
-704.9159921139653
 33
0
 14
36920.31314333927
 24
-704.9159921139496
 34
0
100
AcDbRotatedDimension
  0
DIMENSION
  5
436
100
AcDbEntity
  8
hatch
  6
ByLayer
 62
  256
370
    0
100
AcDbDimension
  2
*D4
 10
36671.31314333927
 20
-706.6579644240555
 30
0
 11
36721.31314333927
 21
-706.6579644240555
 31
0
 70
   32
 71
    5
 72
    0
  3
WORKING
 53
0
210
0
220
0
230
1
100
AcDbAlignedDimension
 13
36771.31314333927
 23
-705.7869782690104
 33
0
 14
36671.31314333927
 24
-700.9395204819266
 34
0
100
AcDbRotatedDimension
  0
DIMENSION
  5
437
100
AcDbEntity
  8
hatch
  6
ByLayer
 62
  256
370
    0
100
AcDbDimension
  2
*D5
 10
36522.31314333928
 20
-707.2286382051534
 30
0
 11
36594.31314333928
 21
-707.2286382051534
 31
0
 70
   32
 71
    5
 72
    0
  3
WORKING
 53
0
210
0
220
0
230
1
100
AcDbAlignedDimension
 13
36666.31314333927
 23
-695.9395204819268
 33
0
 14
36522.31314333928
 24
-695.9395204819273
 34
0
100
AcDbRotatedDimension
  0
DIMENSION
  5
438
100
AcDbEntity
  8
hatch
  6
ByLayer
 62
  256
370
    0
100
AcDbDimension
  2
*D6
 10
36782.0914828293
 20
-428.9395204819277
 30
0
 11
36782.0914828293
 21
-488.9395204819378
 31
0
 70
   32
 71
    5
 72
    0
  3
WORKING
 53
0
210
0
220
0
230
1
100
AcDbAlignedDimension
 13
36776.31314333928
 23
-548.939520481927
 33
0
 14
36776.31314333928
 24
-428.9395204819275
 34
0
 50
90
100
AcDbRotatedDimension
  0
DIMENSION
  5
439
100
AcDbEntity
  8
hatch
  6
ByLayer
 62
  256
370
    0
100
AcDbDimension
  2
*D7
 10
36920.31314333927
 20
-540.3081375613619
 30
0
 11
36848.31314333928
 21
-540.3081375613619
 31
0
 70
   32
 71
    5
 72
    0
  3
WORKING
 53
0
210
0
220
0
230
1
100
AcDbAlignedDimension
 13
36776.31314333928
 23
-540.3081375613619
 33
0
 14
36920.31314333927
 24
-540.3081375613619
 34
0
100
AcDbRotatedDimension
  0
DIMENSION
  5
43A
100
AcDbEntity
  8
hatch
  6
ByLayer
 62
  256
370
    0
100
AcDbDimension
  2
*D8
 10
36671.31314333927
 20
-538.4817807853542
 30
0
 11
36721.31314333928
 21
-538.4817807853542
 31
0
 70
   32
 71
    5
 72
    0
  3
WORKING
 53
0
210
0
220
0
230
1
100
AcDbAlignedDimension
 13
36771.31314333928
 23
-540.3081375613799
 33
0
 14
36671.31314333927
 24
-540.3081375613799
 34
0
100
AcDbRotatedDimension
  0
DIMENSION
  5
43B
100
AcDbEntity
  8
hatch
  6
ByLayer
 62
  256
370
    0
100
AcDbDimension
  2
*D9
 10
36522.31314333927
 20
-541.4141158914135
 30
0
 11
36594.31314333927
 21
-541.4141158914135
 31
0
 70
   32
 71
    5
 72
    0
  3
WORKING
 53
0
210
0
220
0
230
1
100
AcDbAlignedDimension
 13
36666.31314333927
 23
-538.4817807853542
 33
0
 14
36522.31314333927
 24
-538.4817807853542
 34
0
100
AcDbRotatedDimension
  0
DIMENSION
  5
43C
100
AcDbEntity
  8
hatch
  6
ByLayer
 62
  256
370
    0
100
AcDbDimension
  2
*D10
 10
36661.38959759075
 20
-548.9395204819275
 30
0
 11
36661.38959759074
 21
-488.9395204819379
 31
0
 70
   32
 71
    5
 72
    0
  3
WORKING
 53
0
210
0
220
0
230
1
100
AcDbAlignedDimension
 13
36666.31314333927
 23
-428.9395204819275
 33
0
 14
36666.31314333927
 24
-548.9395204819273
 34
0
 50
90
100
AcDbRotatedDimension
  0
INSERT
  5
43D
100
AcDbEntity
  8
Fixture
  6
ByLayer
 62
  256
370
   -1
100
AcDbBlockReference
  2
BASIN CABINET_PLAN_COTTO SERENA C02607
 10
36581.74272215041
 20
-653.2865337689582
 30
0
 41
-0.03913894
 42
0.03913894
 43
0
 50
0
 70
    1
 71
    1
 44
0
 45
0
  0
INSERT
  5
43E
100
AcDbEntity
  8
Fixture
  6
ByLayer
 62
  256
370
   -1
100
AcDbBlockReference
  2
WC_PLAN_COTTO SYDNEY C1303
 10
36522.55154333556
 20
-667.7287362950995
 30
0
 41
-0.03913894
 42
0.03913894
 43
0
 50
90
 70
    1
 71
    1
 44
0
 45
0
  0
INSERT
  5
43F
100
AcDbEntity
  8
Fixture
  6
ByLayer
 62
  256
370
   -1
100
AcDbBlockReference
  2
BASIN CABINET_PLAN_COTTO SERENA C02607
 10
36864.38839872288
 20
-653.2865337689582
 30
0
 41
0.03913894
 42
0.03913894
 43
0
 50
0
 70
    1
 71
    1
 44
0
 45
0
  0
INSERT
  5
440
100
AcDbEntity
  8
Fixture
  6
ByLayer
 62
  256
370
   -1
100
AcDbBlockReference
  2
WC_PLAN_COTTO SYDNEY C1303
 10
36919.63427860675
 20
-667.7287362950995
 30
0
 41
0.03913894
 42
0.03913894
 43
0
 50
270
 70
    1
 71
    1
 44
0
 45
0
  0
LWPOLYLINE
  5
441
100
AcDbEntity
  8
PinCAD.com
  6
ByLayer
 62
  256
370
   -1
100
AcDbPolyline
 90
    4
 70
    1
 43
0
 10
36637.7119271899
 20
-914.0938615823969
 10
36848.04717920101
 20
-914.0938615823969
 10
36848.04717920101
 20
-946.9454245496473
 10
36637.7119271899
 20
-946.9454245496473
  0
HATCH
  5
442
100
AcDbEntity
  8
PinCAD.com
  6
ByLayer
 62
    8
370
   -1
100
AcDbHatch
 10
0
 20
0
 30
0
210
0
220
0
230
1
  2
SOLID
 70
    1
 71
    0
 91
    2
 92
    0
 93
    8
 72
    1
 10
37185.64769307408
 20
-367.0631018517267
 11
37185.64769307408
 21
-914.0938615823969
 72
    1
 10
37185.64769307408
 20
-914.0938615823969
 11
36848.04717920101
 21
-914.0938615823969
 72
    1
 10
36848.04717920101
 20
-914.0938615823969
 11
36848.04717920101
 21
-946.9454245496473
 72
    1
 10
36848.04717920101
 20
-946.9454245496473
 11
37218.49925604133
 21
-946.9454245496474
 72
    1
 10
37218.49925604133
 20
-946.9454245496474
 11
37218.49925604133
 21
-334.2115388844763
 72
    1
 10
37218.49925604133
 20
-334.2115388844763
 11
36917.71697500041
 21
-334.2115388844763
 72
    1
 10
36917.71697500041
 20
-334.2115388844763
 11
36917.71697500041
 21
-367.0631018517267
 72
    1
 10
36917.71697500041
 20
-367.0631018517267
 11
37185.64769307408
 21
-367.0631018517267
 97
    0
 92
    0
 93
    8
 72
    1
 10
36591.25322603569
 20
-367.0631018517267
 11
36591.25322603569
 21
-334.2115388844763
 72
    1
 10
36591.25322603569
 20
-334.2115388844763
 11
36274.56039979382
 21
-334.2115388844763
 72
    1
 10
36274.56039979382
 20
-334.2115388844763
 11
36274.56039979382
 21
-946.9454245496472
 72
    1
 10
36274.56039979382
 20
-946.9454245496472
 11
36637.7119271899
 21
-946.9454245496473
 72
    1
 10
36637.7119271899
 20
-946.9454245496473
 11
36637.7119271899
 21
-914.0938615823969
 72
    1
 10
36637.7119271899
 20
-914.0938615823969
 11
36307.41196276107
 21
-914.0938615823969
 72
    1
 10
36307.41196276107
 20
-914.0938615823969
 11
36307.41196276107
 21
-367.0631018517267
 72
    1
 10
36307.41196276107
 20
-367.0631018517267
 11
36591.25322603569
 21
-367.0631018517267
 97
    0
 75
    0
 76
    1
 98
    0
  0
LWPOLYLINE
  5
443
100
AcDbEntity
  8
PinCAD.com
  6
ByLayer
 62
  256
370
   -1
100
AcDbPolyline
 90
    4
 70
    1
 43
0
 10
36637.7119271899
 20
-914.0938615823969
 10
36848.04717920101
 20
-914.0938615823969
 10
36848.04717920101
 20
-946.9454245496473
 10
36637.7119271899
 20
-946.9454245496473
  0
LWPOLYLINE
  5
444
100
AcDbEntity
  8
PinCAD.com
  6
ByLayer
 62
  256
370
   -1
100
AcDbPolyline
 90
    4
 70
    1
 43
0
 10
36307.41196276107
 20
-367.0631018517267
 10
37185.64769307408
 20
-367.0631018517267
 10
37185.64769307408
 20
-914.0938615823969
 10
36307.41196276107
 20
-914.0938615823969
  0
LWPOLYLINE
  5
445
100
AcDbEntity
  8
PinCAD.com
  6
ByLayer
 62
  256
370
   -1
100
AcDbPolyline
 90
    4
 70
    1
 43
0
 10
36274.56039979382
 20
-334.2115388844763
 10
37218.49925604133
 20
-334.2115388844763
 10
37218.49925604133
 20
-946.9454245496473
 10
36274.56039979382
 20
-946.9454245496473
  0
MTEXT
  5
446
100
AcDbEntity
  8
PinCAD.com
  6
CONTINUOUS
 62
  256
370
   -1
100
AcDbMText
 10
36693.94824015997
 20
-923.3175241939932
 30
0
 40
13.06681270001307
 41
92.91955697787418
 71
    1
 72
    5
  1
PinCAD.com
  7
iso
210
0
220
0
230
1
 50
0
 73
    1
 44
1
  0
LWPOLYLINE
  5
447
100
AcDbEntity
  8
PinCAD.com
  6
ByLayer
 62
  256
370
   -1
100
AcDbPolyline
 90
    4
 70
    1
 43
0
 10
36591.25322603569
 20
-334.2115388844763
 10
36917.71697500041
 20
-334.2115388844763
 10
36917.71697500041
 20
-367.0631018517267
 10
36591.25322603569
 20
-367.0631018517267
  0
MTEXT
  5
448
100
AcDbEntity
  8
PinCAD.com
  6
CONTINUOUS
 62
  256
370
   -1
100
AcDbMText
 10
36614.71900515356
 20
-344.7683009121412
 30
0
 40
11.76013143001176
 41
344.3194752075146
 71
    1
 72
    5
  1
4 bedroom house plans pdf free download
  7
iso
210
0
220
0
230
1
 50
0
 73
    1
 44
1
  0
HATCH
  5
449
100
AcDbEntity
  8
SLAB LINE
  6
ByLayer
 62
    8
370
   -1
100
AcDbHatch
 10
0
 20
0
 30
0
210
0
220
0
230
1
  2
ANSI31
 70
    0
 71
    0
 91
    3
 92
    0
 93
    6
 72
    1
 10
36564.31314333927
 20
-423.9395204819273
 11
36517.31314333927
 21
-423.9395204819273
 72
    1
 10
36517.31314333927
 20
-423.9395204819273
 11
36517.31314333927
 21
-458.9395204819273
 72
    1
 10
36517.31314333927
 20
-458.9395204819273
 11
36522.31314333927
 21
-458.9395204819273
 72
    1
 10
36522.31314333927
 20
-458.9395204819273
 11
36522.31314333927
 21
-428.9395204819273
 72
    1
 10
36522.31314333927
 20
-428.9395204819273
 11
36564.31314333927
 21
-428.9395204819273
 72
    1
 10
36564.31314333927
 20
-428.9395204819273
 11
36564.31314333927
 21
-423.9395204819273
 97
    0
 92
    0
 93
   12
 72
    1
 10
36691.31314333927
 20
-423.9395204819273
 11
36624.31314333927
 21
-423.9395204819273
 72
    1
 10
36624.31314333927
 20
-423.9395204819273
 11
36624.31314333927
 21
-428.9395204819274
 72
    1
 10
36624.31314333927
 20
-428.9395204819274
 11
36666.31314333927
 21
-428.9395204819275
 72
    1
 10
36666.31314333927
 20
-428.9395204819275
 11
36666.31314333927
 21
-548.939520481927
 72
    1
 10
36666.31314333927
 20
-548.939520481927
 11
36661.31314333927
 21
-548.9395204819273
 72
    1
 10
36661.31314333927
 20
-548.9395204819273
 11
36661.31314333927
 21
-553.9395204819275
 72
    1
 10
36661.31314333927
 20
-553.9395204819275
 11
36683.31314333927
 21
-553.9395204819273
 72
    1
 10
36683.31314333927
 20
-553.9395204819273
 11
36683.31314333927
 21
-548.9395204819273
 72
    1
 10
36683.31314333927
 20
-548.9395204819273
 11
36671.31314333927
 21
-548.939520481927
 72
    1
 10
36671.31314333927
 20
-548.939520481927
 11
36671.31314333927
 21
-428.9395204819275
 72
    1
 10
36671.31314333927
 20
-428.9395204819275
 11
36691.31314333927
 21
-428.9395204819275
 72
    1
 10
36691.31314333927
 20
-428.9395204819275
 11
36691.31314333927
 21
-423.9395204819273
 97
    0
 92
    0
 93
    8
 72
    1
 10
36620.17028619641
 20
-548.9395204819273
 11
36522.31314333927
 21
-548.939520481927
 72
    1
 10
36522.31314333927
 20
-548.939520481927
 11
36522.31314333927
 21
-518.9395204819273
 72
    1
 10
36522.31314333927
 20
-518.9395204819273
 11
36517.31314333927
 21
-518.9395204819273
 72
    1
 10
36517.31314333927
 20
-518.9395204819273
 11
36517.31314333927
 21
-565.939520481927
 72
    1
 10
36517.31314333927
 20
-565.939520481927
 11
36522.31314333927
 21
-565.939520481927
 72
    1
 10
36522.31314333927
 20
-565.939520481927
 11
36522.31314333927
 21
-553.939520481927
 72
    1
 10
36522.31314333927
 20
-553.939520481927
 11
36620.17028619641
 21
-553.9395204819275
 72
    1
 10
36620.17028619641
 20
-553.9395204819275
 11
36620.17028619641
 21
-548.9395204819273
 97
    0
 75
    0
 76
    1
 52
0
 41
1
 77
    0
 78
    0
 98
    0
  0
HATCH
  5
44A
100
AcDbEntity
  8
SLAB LINE
  6
ByLayer
 62
    8
370
   -1
100
AcDbHatch
 10
0
 20
0
 30
0
210
0
220
0
230
1
  2
ANSI31
 70
    0
 71
    0
 91
    3
 92
    0
 93
   12
 72
    1
 10
36818.31314333927
 20
-423.9395204819273
 11
36751.31314333927
 21
-423.9395204819273
 72
    1
 10
36751.31314333927
 20
-423.9395204819273
 11
36751.31314333927
 21
-428.9395204819275
 72
    1
 10
36751.31314333927
 20
-428.9395204819275
 11
36771.31314333927
 21
-428.9395204819275
 72
    1
 10
36771.31314333927
 20
-428.9395204819275
 11
36771.31314333928
 21
-548.939520481927
 72
    1
 10
36771.31314333928
 20
-548.939520481927
 11
36759.31314333928
 21
-548.9395204819268
 72
    1
 10
36759.31314333928
 20
-548.9395204819268
 11
36759.31314333928
 21
-553.9395204819268
 72
    1
 10
36759.31314333928
 20
-553.9395204819268
 11
36781.31314333927
 21
-553.9395204819273
 72
    1
 10
36781.31314333927
 20
-553.9395204819273
 11
36781.31314333927
 21
-548.9395204819273
 72
    1
 10
36781.31314333927
 20
-548.9395204819273
 11
36776.31314333928
 21
-548.939520481927
 72
    1
 10
36776.31314333928
 20
-548.939520481927
 11
36776.31314333927
 21
-428.9395204819275
 72
    1
 10
36776.31314333927
 20
-428.9395204819275
 11
36818.31314333927
 21
-428.9395204819274
 72
    1
 10
36818.31314333927
 20
-428.9395204819274
 11
36818.31314333927
 21
-423.9395204819273
 97
    0
 92
    0
 93
    6
 72
    1
 10
36925.31314333927
 20
-423.9395204819273
 11
36878.31314333927
 21
-423.9395204819273
 72
    1
 10
36878.31314333927
 20
-423.9395204819273
 11
36878.31314333927
 21
-428.9395204819273
 72
    1
 10
36878.31314333927
 20
-428.9395204819273
 11
36920.31314333927
 21
-428.9395204819273
 72
    1
 10
36920.31314333927
 20
-428.9395204819273
 11
36920.31314333927
 21
-458.939520481927
 72
    1
 10
36920.31314333927
 20
-458.939520481927
 11
36925.31314333927
 21
-458.939520481927
 72
    1
 10
36925.31314333927
 20
-458.939520481927
 11
36925.31314333927
 21
-423.9395204819273
 97
    0
 92
    0
 93
   13
 72
    1
 10
36925.31314333927
 20
-518.939520481927
 11
36920.31314333927
 21
-518.939520481927
 72
    1
 10
36920.31314333927
 20
-518.939520481927
 11
36920.31314333927
 21
-548.939520481927
 72
    1
 10
36920.31314333927
 20
-548.939520481927
 11
36822.45600048213
 21
-548.9395204819273
 72
    1
 10
36822.45600048213
 20
-548.9395204819273
 11
36822.45600048213
 21
-553.9395204819273
 72
    1
 10
36822.45600048213
 20
-553.9395204819273
 11
36831.31314333927
 21
-553.939520481927
 72
    1
 10
36831.31314333927
 20
-553.939520481927
 11
36831.31314333928
 21
-602.0823776247887
 72
    1
 10
36831.31314333928
 20
-602.0823776247887
 11
36835.17028619641
 21
-602.0823776247887
 72
    1
 10
36835.17028619641
 20
-602.0823776247887
 11
36836.31314333927
 21
-602.0823776247887
 72
    1
 10
36836.31314333927
 20
-602.0823776247887
 11
36836.31314333927
 21
-553.939520481927
 72
    1
 10
36836.31314333927
 20
-553.939520481927
 11
36920.31314333927
 21
-553.939520481927
 72
    1
 10
36920.31314333927
 20
-553.939520481927
 11
36920.31314333927
 21
-565.939520481927
 72
    1
 10
36920.31314333927
 20
-565.939520481927
 11
36925.31314333927
 21
-565.939520481927
 72
    1
 10
36925.31314333927
 20
-565.939520481927
 11
36925.31314333927
 21
-518.939520481927
 97
    0
 75
    0
 76
    1
 52
0
 41
1
 77
    0
 78
    0
 98
    0
  0
HATCH
  5
44B
100
AcDbEntity
  8
SLAB LINE
  6
ByLayer
 62
    8
370
   -1
100
AcDbHatch
 10
0
 20
0
 30
0
210
0
220
0
230
1
  2
ANSI31
 70
    0
 71
    0
 91
    3
 92
    0
 93
   21
 72
    1
 10
36925.31314333927
 20
-625.939520481927
 11
36920.31314333927
 21
-625.939520481927
 72
    1
 10
36920.31314333927
 20
-625.939520481927
 11
36920.31314333927
 21
-637.939520481927
 72
    1
 10
36920.31314333927
 20
-637.939520481927
 11
36836.31314333927
 21
-637.9395204819273
 72
    1
 10
36836.31314333927
 20
-637.9395204819273
 11
36836.31314333927
 21
-632.9395204819273
 72
    1
 10
36836.31314333927
 20
-632.9395204819273
 11
36831.31314333927
 21
-632.9395204819273
 72
    1
 10
36831.31314333927
 20
-632.9395204819273
 11
36831.31314333927
 21
-655.0823776247887
 72
    1
 10
36831.31314333927
 20
-655.0823776247887
 11
36835.17028619641
 21
-655.0823776247887
 72
    1
 10
36835.17028619641
 20
-655.0823776247887
 11
36836.31314333927
 21
-655.0823776247887
 72
    1
 10
36836.31314333927
 20
-655.0823776247887
 11
36836.31314333927
 21
-642.9395204819273
 72
    1
 10
36836.31314333927
 20
-642.9395204819273
 11
36920.31314333927
 21
-642.939520481927
 72
    1
 10
36920.31314333927
 20
-642.939520481927
 11
36920.31314333928
 21
-690.9395204819273
 72
    1
 10
36920.31314333928
 20
-690.9395204819273
 11
36836.31314333927
 21
-690.9395204819273
 72
    1
 10
36836.31314333927
 20
-690.9395204819273
 11
36836.31314333927
 21
-685.9395204819273
 72
    1
 10
36836.31314333927
 20
-685.9395204819273
 11
36831.31314333927
 21
-685.9395204819273
 72
    1
 10
36831.31314333927
 20
-685.9395204819273
 11
36831.31314333927
 21
-690.9395204819273
 72
    1
 10
36831.31314333927
 20
-690.9395204819273
 11
36822.45600048213
 21
-690.9395204819273
 72
    1
 10
36822.45600048213
 20
-690.9395204819273
 11
36822.45600048213
 21
-695.9395204819273
 72
    1
 10
36822.45600048213
 20
-695.9395204819273
 11
36920.31314333927
 21
-695.9395204819275
 72
    1
 10
36920.31314333927
 20
-695.9395204819275
 11
36920.31314333928
 21
-731.9395204819277
 72
    1
 10
36920.31314333928
 20
-731.9395204819277
 11
36925.31314333927
 21
-731.9395204819277
 72
    1
 10
36925.31314333927
 20
-731.9395204819277
 11
36925.31314333927
 21
-625.939520481927
 97
    0
 92
    0
 93
   12
 72
    1
 10
36776.31314333927
 20
-695.9395204819273
 11
36781.31314333927
 21
-695.9395204819273
 72
    1
 10
36781.31314333927
 20
-695.9395204819273
 11
36781.31314333927
 21
-690.9395204819273
 72
    1
 10
36781.31314333927
 20
-690.9395204819273
 11
36771.31314333927
 21
-690.9395204819273
 72
    1
 10
36771.31314333927
 20
-690.9395204819273
 11
36771.31314333927
 21
-762.9395204819273
 72
    1
 10
36771.31314333927
 20
-762.9395204819273
 11
36766.31314333927
 21
-762.9395204819273
 72
    1
 10
36766.31314333927
 20
-762.9395204819273
 11
36766.31314333927
 21
-767.9395204819273
 72
    1
 10
36766.31314333927
 20
-767.9395204819273
 11
36771.31314333927
 21
-767.9395204819273
 72
    1
 10
36771.31314333927
 20
-767.9395204819273
 11
36771.31314333927
 21
-832.9395204819273
 72
    1
 10
36771.31314333927
 20
-832.9395204819273
 11
36818.31314333927
 21
-832.9395204819273
 72
    1
 10
36818.31314333927
 20
-832.9395204819273
 11
36818.31314333927
 21
-827.9395204819273
 72
    1
 10
36818.31314333927
 20
-827.9395204819273
 11
36776.31314333927
 21
-827.9395204819273
 72
    1
 10
36776.31314333927
 20
-827.9395204819273
 11
36776.31314333927
 21
-695.9395204819273
 97
    0
 92
    0
 93
    6
 72
    1
 10
36925.31314333927
 20
-791.9395204819277
 11
36920.31314333928
 21
-791.9395204819277
 72
    1
 10
36920.31314333928
 20
-791.9395204819277
 11
36920.31314333928
 21
-827.9395204819275
 72
    1
 10
36920.31314333928
 20
-827.9395204819275
 11
36878.31314333927
 21
-827.9395204819275
 72
    1
 10
36878.31314333927
 20
-827.9395204819275
 11
36878.31314333927
 21
-832.9395204819273
 72
    1
 10
36878.31314333927
 20
-832.9395204819273
 11
36925.31314333927
 21
-832.9395204819273
 72
    1
 10
36925.31314333927
 20
-832.9395204819273
 11
36925.31314333927
 21
-791.9395204819277
 97
    0
 75
    0
 76
    1
 52
0
 41
1
 77
    0
 78
    0
 98
    0
  0
HATCH
  5
44C
100
AcDbEntity
  8
SLAB LINE
  6
ByLayer
 62
    8
370
   -1
100
AcDbHatch
 10
0
 20
0
 30
0
210
0
220
0
230
1
  2
ANSI31
 70
    0
 71
    0
 91
    3
 92
    0
 93
   24
 72
    1
 10
36653.31314333927
 20
-637.9395204819309
 11
36633.31314333927
 21
-637.9395204819309
 72
    1
 10
36633.31314333927
 20
-637.9395204819309
 11
36522.31314333927
 21
-637.9395204819273
 72
    1
 10
36522.31314333927
 20
-637.9395204819273
 11
36522.31314333927
 21
-625.939520481927
 72
    1
 10
36522.31314333927
 20
-625.939520481927
 11
36517.31314333927
 21
-625.939520481927
 72
    1
 10
36517.31314333927
 20
-625.939520481927
 11
36517.31314333927
 21
-731.9395204819273
 72
    1
 10
36517.31314333927
 20
-731.9395204819273
 11
36522.31314333928
 21
-731.9395204819273
 72
    1
 10
36522.31314333928
 20
-731.9395204819273
 11
36522.31314333928
 21
-695.939520481927
 72
    1
 10
36522.31314333928
 20
-695.939520481927
 11
36666.31314333927
 21
-695.9395204819268
 72
    1
 10
36666.31314333927
 20
-695.9395204819268
 11
36666.31314333927
 21
-700.9395204819268
 72
    1
 10
36666.31314333927
 20
-700.9395204819268
 11
36671.31314333927
 21
-700.9395204819268
 72
    1
 10
36671.31314333927
 20
-700.9395204819268
 11
36671.31314333927
 21
-690.9395204819268
 72
    1
 10
36671.31314333927
 20
-690.9395204819268
 11
36623.31314333927
 21
-690.9395204819266
 72
    1
 10
36623.31314333927
 20
-690.9395204819266
 11
36623.31314333927
 21
-685.939520481927
 72
    1
 10
36623.31314333927
 20
-685.939520481927
 11
36619.45600048213
 21
-685.939520481927
 72
    1
 10
36619.45600048213
 20
-685.939520481927
 11
36618.31314333927
 21
-685.939520481927
 72
    1
 10
36618.31314333927
 20
-685.939520481927
 11
36618.31314333927
 21
-690.939520481927
 72
    1
 10
36618.31314333927
 20
-690.939520481927
 11
36522.31314333928
 21
-690.939520481927
 72
    1
 10
36522.31314333928
 20
-690.939520481927
 11
36522.31314333928
 21
-642.9395204819273
 72
    1
 10
36522.31314333928
 20
-642.9395204819273
 11
36618.31314333927
 21
-642.9395204819275
 72
    1
 10
36618.31314333927
 20
-642.9395204819275
 11
36618.31314333927
 21
-655.0823776247885
 72
    1
 10
36618.31314333927
 20
-655.0823776247885
 11
36623.31314333927
 21
-655.0823776247885
 72
    1
 10
36623.31314333927
 20
-655.0823776247885
 11
36623.31314333927
 21
-642.9395204819275
 72
    1
 10
36623.31314333927
 20
-642.9395204819275
 11
36653.31314333927
 21
-642.9395204819275
 72
    1
 10
36653.31314333927
 20
-642.9395204819275
 11
36653.31314333927
 21
-637.9395204819309
 97
    0
 92
    0
 93
   10
 72
    1
 10
36671.31314333927
 20
-742.0823776247839
 11
36666.31314333927
 21
-742.0823776247839
 72
    1
 10
36666.31314333927
 20
-742.0823776247839
 11
36666.31314333927
 21
-827.939520481927
 72
    1
 10
36666.31314333927
 20
-827.939520481927
 11
36624.31314333927
 21
-827.939520481927
 72
    1
 10
36624.31314333927
 20
-827.939520481927
 11
36624.31314333927
 21
-832.9395204819273
 72
    1
 10
36624.31314333927
 20
-832.9395204819273
 11
36671.31314333927
 21
-832.9395204819273
 72
    1
 10
36671.31314333927
 20
-832.9395204819273
 11
36671.31314333927
 21
-767.9395204819277
 72
    1
 10
36671.31314333927
 20
-767.9395204819277
 11
36725.17028619641
 21
-767.9395204819275
 72
    1
 10
36725.17028619641
 20
-767.9395204819275
 11
36725.17028619641
 21
-762.9395204819275
 72
    1
 10
36725.17028619641
 20
-762.9395204819275
 11
36671.31314333927
 21
-762.9395204819277
 72
    1
 10
36671.31314333927
 20
-762.9395204819277
 11
36671.31314333927
 21
-742.0823776247839
 97
    0
 92
    0
 93
    6
 72
    1
 10
36564.31314333927
 20
-827.939520481927
 11
36522.31314333927
 21
-827.939520481927
 72
    1
 10
36522.31314333927
 20
-827.939520481927
 11
36522.31314333928
 21
-791.9395204819273
 72
    1
 10
36522.31314333928
 20
-791.9395204819273
 11
36517.31314333927
 21
-791.9395204819273
 72
    1
 10
36517.31314333927
 20
-791.9395204819273
 11
36517.31314333927
 21
-832.9395204819273
 72
    1
 10
36517.31314333927
 20
-832.9395204819273
 11
36564.31314333927
 21
-832.9395204819273
 72
    1
 10
36564.31314333927
 20
-832.9395204819273
 11
36564.31314333927
 21
-827.939520481927
 97
    0
 75
    0
 76
    1
 52
0
 41
1
 77
    0
 78
    0
 98
    0
  0
ENDSEC
  0
SECTION
  2
OBJECTS
  0
DICTIONARY
  5
C
330
0
100
AcDbDictionary
281
    1
  3
ACAD_GROUP
350
D
  0
DICTIONARY
  5
D
330
C
100
AcDbDictionary
281
    1
  0
PLOTSETTINGS
  5
44D
100
AcDbPlotSettings
  6
1x1
 40
0
 41
0
 42
0
 43
0
  0
ENDSEC
  0
EOF
