999
dxfrw 0.6.3
  0
SECTION
  2
HEADER
  9
$ACADVER
  1
AC1021
  9
$DWGCODEPAGE
  3
ANSI_1252
  9
$INSBASE
 10
0
 20
0
 30
0
  9
$EXTMIN
 10
1e+20
 20
1e+20
 30
1e+20
  9
$EXTMAX
 10
-1e+20
 20
-1e+20
 30
-1e+20
  9
$LIMMIN
 10
0
 20
0
  9
$LIMMAX
 10
420
 20
297
  9
$ORTHOMODE
 70
    0
  9
$REGENMODE
 70
    1
  9
$FILLMODE
 70
    1
  9
$QTEXTMODE
 70
    0
  9
$MIRRTEXT
 70
    0
  9
$LTSCALE
 40
1
  9
$ATTMODE
 70
    0
  9
$TEXTSIZE
 40
2.5
  9
$TRACEWID
 40
15.68
  9
$TEXTSTYLE
  7
STANDARD
  9
$CLAYER
  8
0
  9
$CELTYPE
  6
BYLAYER
  9
$CECOLOR
 62
  256
  9
$DIMSCALE
 40
2.5
  9
$DIMASZ
 40
2.5
  9
$DIMEXO
 40
0.625
  9
$DIMDLI
 40
3.75
  9
$DIMRND
 40
0
  9
$DIMDLE
 40
0
  9
$DIMEXE
 40
1.25
  9
$DIMTP
 40
0
  9
$DIMTM
 40
0
  9
$DIMTXT
 40
2.5
  9
$DIMCEN
 40
2.5
  9
$DIMTSZ
 40
0
  9
$DIMTOL
 70
    0
  9
$DIMLIM
 70
    0
  9
$DIMTIH
 70
    0
  9
$DIMTOH
 70
    0
  9
$DIMSE1
 70
    0
  9
$DIMSE2
 70
    0
  9
$DIMTAD
 70
    1
  9
$DIMZIN
 70
    8
  9
$DIMBLK
  1

  9
$DIMASO
 70
    1
  9
$DIMSHO
 70
    1
  9
$DIMPOST
  1

  9
$DIMAPOST
  1

  9
$DIMALT
 70
    0
  9
$DIMALTD
 70
    3
  9
$DIMALTF
 40
0.03937
  9
$DIMLFAC
 40
1
  9
$DIMTOFL
 70
    1
  9
$DIMTVP
 40
0
  9
$DIMTIX
 70
    0
  9
$DIMSOXD
 70
    0
  9
$DIMSAH
 70
    0
  9
$DIMBLK1
  1

  9
$DIMBLK2
  1

  9
$DIMSTYLE
  2
STANDARD
  9
$DIMCLRD
 70
    0
  9
$DIMCLRE
 70
    0
  9
$DIMCLRT
 70
    0
  9
$DIMTFAC
 40
1
  9
$DIMGAP
 40
0.625
  9
$LUNITS
 70
    2
  9
$LUPREC
 70
    4
  9
$SKETCHINC
 40
1
  9
$FILLETRAD
 40
0
  9
$AUNITS
 70
    0
  9
$AUPREC
 70
    2
  9
$MENU
  1
.
  9
$ELEVATION
 40
0
  9
$PELEVATION
 40
0
  9
$THICKNESS
 40
0
  9
$LIMCHECK
 70
    0
  9
$BLIPMODE
 70
    0
  9
$CHAMFERA
 40
0
  9
$CHAMFERB
 40
0
  9
$SKPOLY
 70
    0
  9
$USRTIMER
 70
    1
  9
$ANGBASE
 50
0
  9
$ANGDIR
 70
    0
  9
$PDMODE
 70
   34
  9
$PDSIZE
 40
0
  9
$PLINEWID
 40
0
  9
$COORDS
 70
    2
  9
$SPLFRAME
 70
    0
  9
$SPLINETYPE
 70
    2
  9
$SPLINESEGS
 70
    8
  9
$ATTDIA
 70
    1
  9
$ATTREQ
 70
    1
  9
$HANDLING
 70
    1
  9
$HANDSEED
  5
20000
  9
$SURFTAB1
 70
    6
  9
$SURFTAB2
 70
    6
  9
$SURFTYPE
 70
    6
  9
$SURFU
 70
    6
  9
$SURFV
 70
    6
  9
$UCSNAME
  2

  9
$UCSORG
 10
0
 20
0
 30
0
  9
$UCSXDIR
 10
1
 20
0
 30
0
  9
$UCSYDIR
 10
0
 20
1
 30
0
  9
$PUCSNAME
  2

  9
$PUCSORG
 10
0
 20
0
 30
0
  9
$PUCSXDIR
 10
1
 20
0
 30
0
  9
$PUCSYDIR
 10
0
 20
1
 30
0
  9
$USERI1
 70
    0
  9
$USERI2
 70
    0
  9
$USERI3
 70
    0
  9
$USERI4
 70
    0
  9
$USERI5
 70
    0
  9
$USERR1
 40
0
  9
$USERR2
 40
0
  9
$USERR3
 40
0
  9
$USERR4
 40
0
  9
$USERR5
 40
0
  9
$WORLDVIEW
 70
    1
  9
$SHADEDGE
 70
    3
  9
$SHADEDIF
 70
   70
  9
$TILEMODE
 70
    1
  9
$MAXACTVP
 70
   64
  9
$PLIMCHECK
 70
    0
  9
$PEXTMIN
 10
0
 20
0
 30
0
  9
$PEXTMAX
 10
0
 20
0
 30
0
  9
$PLIMMIN
 10
0
 20
0
  9
$PLIMMAX
 10
297
 20
210
  9
$UNITMODE
 70
    0
  9
$VISRETAIN
 70
    1
  9
$PLINEGEN
 70
    0
  9
$PSLTSCALE
 70
    1
  0
ENDSEC
  0
SECTION
  2
TABLES
  0
TABLE
  2
VPORT
 70
    1
  0
VPORT
  2
*ACTIVE
 70
   64
 10
0
 20
0
 11
1
 21
1
 12
-117.143901768943
 22
-9.257493375501502
 13
0
 23
0
 14
10
 24
10
 15
10
 25
10
 16
0
 26
0
 36
1
 17
208.8110975085442
 27
118.7900024337716
 37
0
 40
10.76903516309433
 41
21.26260339955476
 42
50
 43
0
 44
0
 50
0
 51
0
 71
   16
 72
 1000
 73
    1
 74
    3
 75
    0
 76
    0
 77
    0
 78
    0
  0
ENDTAB
  0
TABLE
  2
LTYPE
 70
    4
  0
LTYPE
  2
BYBLOCK
 70
    0
  3

 72
   65
 73
    0
 40
0
  0
LTYPE
  2
BYLAYER
 70
    0
  3

 72
   65
 73
    0
 40
0
  0
LTYPE
  2
CONTINUOUS
 70
    0
  3
Solid line
 72
   65
 73
    0
 40
0
  0
LTYPE
  2
CENTER2
 70
   64
  3
Center (.5x) ___ _ ___ _ ___ _ ___ _ ___ _ ___
 72
   65
 73
    4
 40
1.125
 49
0.75
 49
-0.125
 49
0.125
 49
-0.125
  0
LTYPE
  2
PHANTOM2
 70
   64
  3
Phantom (.5x) ___ _ _ ___ _ _ ___ _ _ ___ _ _
 72
   65
 73
    6
 40
1.25
 49
0.625
 49
-0.125
 49
0.125
 49
-0.125
 49
0.125
 49
-0.125
  0
LTYPE
  2
HIDDEN
 70
   64
  3
Hidden __ __ __ __ __ __ __ __ __ __ __ __ __ _
 72
   65
 73
    2
 40
0.375
 49
0.25
 49
-0.125
  0
LTYPE
  2
DASHED
 70
   64
  3
Dashed __ __ __ __ __ __ __ __ __ __ __ __ __ _
 72
   65
 73
    2
 40
0.75
 49
0.5
 49
-0.25
  0
LTYPE
  2
HIDDEN2
 70
   64
  3
Hidden (.5x) _ _ _ _ _ _ _ _ _ _ _ _ _ _ _ _ _
 72
   65
 73
    2
 40
0.1875
 49
0.125
 49
-0.0625
  0
ENDTAB
  0
TABLE
  2
LAYER
 70
    1
  0
LAYER
  2
PAVIMENTAZIONE - FLOORING
 70
   64
 62
  250
  6
CONTINUOUS
  0
LAYER
  2
SEZIONI MEDIE - SMALL SECTIONS
 70
   64
 62
    2
  6
CONTINUOUS
  0
LAYER
  2
DOOR
 70
   64
 62
  252
  6
CONTINUOUS
  0
LAYER
  2
WINDOW
 70
   64
 62
  256
  6
CONTINUOUS
  0
LAYER
  2
PROIEZIONI FINISSIME - FINE LINES
 70
   64
 62
  251
  6
CONTINUOUS
  0
LAYER
  2
PROIEZIONI - PROJECTIONS
 70
   64
 62
  Bilocale-dwg-18.dwg145
  6
CONTINUOUS
  0
LAYER
  2
QUOTE - DIMENSION
 70
   64
 62
  252
  6
CONTINUOUS
  0
LAYER
  2
ARREDI ATTREZZATURE - FURNITURE
 70
   64
 62
  175
  6
CONTINUOUS
  0
LAYER
  2
WALL
 70
   64
 62
    7
  6
CONTINUOUS
  0
LAYER
  2
MURATURA TRATTEGGI - HATCH WALLS
 70
   64
 62
  256
  6
CONTINUOUS
  0
LAYER
  2
WWW.ARCHWEB.COM
 70
   64
 62
    2
  6
CONTINUOUS
  0
LAYER
  2
DEFPOINTS
 70
   64
 62
    7
  6
CONTINUOUS
  0
LAYER
  2
0
 70
   64
 62
    7
  6
CONTINUOUS
  0
ENDTAB
  0
TABLE
  2
STYLE
 70
    3
  0
STYLE
  2
ROMANS
 70
   64
 40
-1.745183207532068e+253
 41
1.836742352022215e-231
 50
3.669577474508982e-279
 71
  240
 42
-7.125103951912048
  3
ROMANS.SHX
  4

  0
STYLE
  2
ARCH-DIM
 70
   64
 40
6.450559298189826e-263
 41
0
 50
0
 71
  153
 42
0
  3
ROMANS.SHX
  4

  0
STYLE
  2
AW
 70
   68
 40
1
 41
0
 50
0
 71
  153
 42
0
  3
ARIAL.TTF
  4

  0
STYLE
  2
STANDARD
 70
   64
 40
4.104536801298376e-288
 41
-3.697638014312608e+154
 50
3.546271409154057e-308
 71
   16
 42
0
  3
ARIAL.TTF
  4

  0
ENDTAB
  0
TABLE
  2
VIEW
 70
    0
  0
ENDTAB
  0
TABLE
  2
UCS
 70
    0
  0
ENDTAB
  0
TABLE
  2
APPID
 70
    1
  0
APPID
  2
ACAD
 70
    0
  0
APPID
  2
AEC_MEMBER_STYLE_AUTOTRIM_XDATA
 70
   80
  0
APPID
  2
REVCLOUDPROPS
 70
   80
  0
APPID
  2
ACAD_TC
 70
   80
  0
APPID
  2
ACADANNOAV
 70
   64
  0
APPID
  2
AEC_OBJVER_INFO
 70
   80
  0
APPID
  2
AECBASE
 70
   80
  0
APPID
  2
ACAD_DSTYLE_DIMRADIAL_EXTENSION
 70
   80
  0
APPID
  2
DCO15
 70
   80
  0
APPID
  2
ACAD_SPLINE_DATA
 70
   64
  0
APPID
  2
ACDBDYNAMICBLOCKTRUENAME2
 70
   80
  0
APPID
  2
ACADCODEPAGEINFO
 70
   64
  0
APPID
  2
GRADIENTCOLOR2ACI
 70
   80
  0
APPID
  2
PLOTTRANSPARENCY
 70
   64
  0
APPID
  2
GRADIENTCOLOR1ACI
 70
   80
  0
APPID
  2
ACAD_DSTYLE_DIMJOGGED_JOGANGLE_SYMBOL
 70
   80
  0
APPID
  2
AUTOR
 70
   80
  0
APPID
  2
ACDBBLOCKREPETAG
 70
   64
  0
APPID
  2
ACLAYERTOOLS
 70
   64
  0
APPID
  2
ACAECLAYERSTANDARD
 70
   64
  0
APPID
  2
ACADANNOPO
 70
   64
  0
APPID
  2
PE_URL
 70
   64
  0
APPID
  2
ACCMTRANSPARENCY
 70
   64
  0
APPID
  2
MANULPOINTSASSOCIATIVE
 70
   64
  0
APPID
  2
ACAD_EXEMPT_FROM_CAD_STANDARDS
 70
   64
  0
APPID
  2
ACAD_DSTYLE_DIMTALN
 70
   80
  0
APPID
  2
ACAD_NAV_VCDISPLAY
 70
   64
  0
APPID
  2
ACAD_PSEXT
 70
   64
  0
APPID
  2
ACAD_DSTYLE_DIMBREAK
 70
   64
  0
APPID
  2
ACAD_SPLINE_DATA2
 70
   80
  0
APPID
  2
ACAD_OBJECT_CHANGE_GUID
 70
   80
  0
APPID
  2
HATCHBACKGROUNDCOLOR
 70
   64
  0
APPID
  2
ACDBDYNAMICBLOCKGUID
 70
   64
  0
APPID
  2
ACAD_DSTYLE_DIM_EXT1_LINETYPE
 70
   80
  0
APPID
  2
ACAD_DSTYLE_DIMJAG
 70
   64
  0
APPID
  2
ACADANNOTATIVE
 70
   64
  0
APPID
  2
ACAD_MLEADERVER
 70
   80
  0
APPID
  2
RAK
 70
   80
  0
APPID
  2
ACAUTHENVIRON
 70
   80
  0
APPID
  2
ACADANNOMONITORALERTICONDISABLED
 70
   64
  0
APPID
  2
ACDBDYNAMICBLOCKTRUENAME
 70
   64
  0
APPID
  2
ACAD_DSTYLE_DIM_LINETYPE
 70
   64
  0
APPID
  2
ACAD_DSTYLE_DIMEXT_LENGTH
 70
   80
  0
APPID
  2
ACAD_DSTYLE_DIM_EXT2_LINETYPE
 70
   80
  0
APPID
  2
ACADSTRINGINFO
 70
   64
  0
ENDTAB
  0
TABLE
  2
DIMSTYLE
 70
    1
  0
DIMSTYLE
  2
ANNOTATIVE-UK
 70
    0
 40
1
 41
0.18
 42
0.0625
 43
0.38
 44
0.18
 45
0
 46
0
 47
0
 48
0
 49
1
140
0.18
141
0.09
142
0
143
25.4
144
1
145
0
146
1
147
0.09
 71
    0
 72
    0
 73
    0
 74
    1
 75
    0
 76
    0
 77
    0
 78
    0
170
    0
171
    2
172
    0
173
    0
174
    0
175
    0
176
    0
177
    0
178
    0
  0
DIMSTYLE
  2
AEC_STAIR_M
 70
    0
 40
1
 41
0.18
 42
0.0625
 43
0.38
 44
0.18
 45
0
 46
0
 47
0
 48
0
 49
1
140
0.18
141
0.09
142
0
143
25.4
144
1
145
0
146
1
147
0.09
 71
    0
 72
    0
 73
    0
 74
    1
 75
    0
 76
    0
 77
    0
 78
    0
170
    0
171
    2
172
    0
173
    0
174
    0
175
    0
176
    0
177
    0
178
    0
  0
DIMSTYLE
  2
AW
 70
    0
 40
1
 41
0.18
 42
0.0625
 43
0.38
 44
0.18
 45
0
 46
0
 47
0
 48
0
 49
1
140
0.18
141
0.09
142
0
143
25.4
144
1
145
0
146
1
147
0.09
 71
    0
 72
    0
 73
    0
 74
    1
 75
    0
 76
    0
 77
    0
 78
    0
170
    0
171
    2
172
    0
173
    0
174
    0
175
    0
176
    0
177
    0
178
    0
  0
DIMSTYLE
  2
STANDARD
 70
    0
 40
1
 41
0.18
 42
0.0625
 43
0.38
 44
0.18
 45
0
 46
0
 47
0
 48
0
 49
1
140
0.18
141
0.09
142
0
143
25.4
144
1
145
0
146
1
147
0.09
 71
    0
 72
    0
 73
    0
 74
    1
 75
    0
 76
    0
 77
    0
 78
    0
170
    0
171
    2
172
    0
173
    0
174
    0
175
    0
176
    0
177
    0
178
    0
  0
ENDTAB
  0
ENDSEC
  0
SECTION
  2
BLOCKS
  0
BLOCK
  8
0
  2
$MODEL_SPACE
 70
    0
 10
0
 20
0
 30
0
  3
$MODEL_SPACE
  1

  0
ENDBLK
  8
0
  0
BLOCK
  8
0
  2
$PAPER_SPACE
 70
    0
 10
0
 20
0
 30
0
  3
$PAPER_SPACE
  1

  0
ENDBLK
  8
0
  0
BLOCK
  8
0
  2
*D25
 70
   65
 10
0
 20
0
  3
*D25
  1

  0
LINE
  5
31
  8
QUOTE - DIMENSION
  6
BYLAYER
 62
    0
 10
87.70304108064438
 20
105.7110865416895
 11
87.70304108064438
 21
105.4819437613689
  0
LINE
  5
32
  8
QUOTE - DIMENSION
  6
BYLAYER
 62
    0
 10
95.26807699768842
 20
105.7110865416895
 11
95.26807699768842
 21
105.4819437613689
  0
LINE
  5
33
  8
QUOTE - DIMENSION
  6
BYLAYER
 62
    0
 10
87.70304108064438
 20
105.5119437613689
 11
95.26807699768842
 21
105.5119437613689
  0
INSERT
  5
34
  8
QUOTE - DIMENSION
  6
BYLAYER
 62
    0
  2
_OBLIQUE
 10
87.70304108064438
 20
105.5119437613689
 30
0
 41
0.03
 42
0.03
 43
0.03
 50
180
 70
    1
 71
    1
 44
0
 45
0
  0
INSERT
  5
35
  8
QUOTE - DIMENSION
  6
BYLAYER
 62
    0
  2
_OBLIQUE
 10
95.26807699768842
 20
105.5119437613689
 30
0
 41
0.03
 42
0.03
 43
0.03
 50
0
 70
    1
 71
    1
 44
0
 45
0
  0
POINT
  5
36
  8
DEFPOINTS
  6
BYLAYER
 62
    0
 10
87.70304108064438
 20
105.7110865416895
  0
POINT
  5
37
  8
DEFPOINTS
  6
BYLAYER
 62
    0
 10
95.26807699768842
 20
105.7110865416895
  0
POINT
  5
38
  8
DEFPOINTS
  6
BYLAYER
 62
    0
 10
95.26807699768842
 20
105.5119437613689
  0
ENDBLK
  8
0
  0
BLOCK
  8
0
  2
APPENDI ABITI- CLOTHS HUNGER
 70
   64
 10
0
 20
0
  3
APPENDI ABITI- CLOTHS HUNGER
  1

  0
LINE
  5
39
  8
ARREDI ATTREZZATURE - FURNITURE
  6
BYLAYER
 62
  256
 10
1745.091549079881
 20
1915.889474101511
 11
1745.091549079881
 21
1915.854206142759
  0
LINE
  5
3A
  8
ARREDI ATTREZZATURE - FURNITURE
  6
BYLAYER
 62
  256
 10
1744.591549079882
 20
1917.665114322778
 11
1745.091549079881
 21
1917.665265207061
  0
LINE
  5
3B
  8
ARREDI ATTREZZATURE - FURNITURE
  6
BYLAYER
 62
    2
 10
1744.926031372166
 20
1916.797066662947
 11
1744.626817038632
 21
1916.797066662947
  0
LINE
  5
3C
  8
ARREDI ATTREZZATURE - FURNITURE
  6
BYLAYER
 62
    2
 10
1744.626817038632
 20
1916.797066662947
 11
1744.626817038632
 21
1915.88947410151
  0
LINE
  5
3D
  8
ARREDI ATTREZZATURE - FURNITURE
  6
BYLAYER
 62
    2
 10
1744.626817038632
 20
1915.88947410151
 11
1745.091549079881
 21
1915.88947410151
  0
LINE
  5
3E
  8
ARREDI ATTREZZATURE - FURNITURE
  6
BYLAYER
 62
    2
 10
1744.926031372166
 20
1916.832334621698
 11
1744.926031372166
 21
1916.797066662947
  0
LINE
  5
3F
  8
ARREDI ATTREZZATURE - FURNITURE
  6
HIDDEN
 62
  256
 10
1744.926031372166
 20
1916.797066662947
 11
1744.926031372166
 21
1915.88947410151
  0
POLYLINE
  5
40
  8
ARREDI ATTREZZATURE - FURNITURE
  6
BYLAYER
 62
  256
 66
    1
 10
0
 20
0
 30
0
 70
    1
  0
VERTEX
  5
41
  8
ARREDI ATTREZZATURE - FURNITURE
  6
BYLAYER
 62
  256
 10
1744.671944675554
 20
1916.211260370946
 30
0
  0
VERTEX
  5
42
  8
ARREDI ATTREZZATURE - FURNITURE
  6
BYLAYER
 62
  256
 10
1744.672465436423
 20
1916.211306828667
 30
0
  0
VERTEX
  5
43
  8
ARREDI ATTREZZATURE - FURNITURE
  6
BYLAYER
 62
  256
 10
1744.672984942733
 20
1916.211446089908
 30
0
  0
VERTEX
  5
44
  8
ARREDI ATTREZZATURE - FURNITURE
  6
BYLAYER
 62
  256
 10
1744.673501942948
 20
1916.211677819177
 30
0
  0
VERTEX
  5
45
  8
ARREDI ATTREZZATURE - FURNITURE
  6
BYLAYER
 62
  256
 10
1744.67401519157
 20
1916.212001458219
 30
0
  0
VERTEX
  5
46
  8
ARREDI ATTREZZATURE - FURNITURE
  6
BYLAYER
 62
  256
 10
1744.674523452137
 20
1916.212416227357
 30
0
  0
VERTEX
  5
47
  8
ARREDI ATTREZZATURE - FURNITURE
  6
BYLAYER
 62
  256
 10
1744.675025500205
 20
1916.212921127378
 30
0
  0
VERTEX
  5
48
  8
ARREDI ATTREZZATURE - FURNITURE
  6
BYLAYER
 62
  256
 10
1744.675520126298
 20
1916.213514941932
 30
0
  0
VERTEX
  5
49
  8
ARREDI ATTREZZATURE - FURNITURE
  6
BYLAYER
 62
  256
 10
1744.676006138816
 20
1916.214196240469
 30
0
  0
VERTEX
  5
4A
  8
ARREDI ATTREZZATURE - FURNITURE
  6
BYLAYER
 62
  256
 10
1744.676482366913
 20
1916.21496338168
 30
0
  0
VERTEX
  5
4B
  8
ARREDI ATTREZZATURE - FURNITURE
  6
BYLAYER
 62
  256
 10
1744.676947663315
 20
1916.215814517455
 30
0
  0
VERTEX
  5
4C
  8
ARREDI ATTREZZATURE - FURNITURE
  6
BYLAYER
 62
  256
 10
1744.67740090708
 20
1916.216747597334
 30
0
  0
VERTEX
  5
4D
  8
ARREDI ATTREZZATURE - FURNITURE
  6
BYLAYER
 62
  256
 10
1744.677841006307
 20
1916.217760373445
 30
0
  0
VERTEX
  5
4E
  8
ARREDI ATTREZZATURE - FURNITURE
  6
BYLAYER
 62
  256
 10
1744.678266900755
 20
1916.218850405923
 30
0
  0
VERTEX
  5
4F
  8
ARREDI ATTREZZATURE - FURNITURE
  6
BYLAYER
 62
  256
 10
1744.67867756441
 20
1916.220015068782
 30
0
  0
VERTEX
  5
50
  8
ARREDI ATTREZZATURE - FURNITURE
  6
BYLAYER
 62
  256
 10
1744.679072007946
 20
1916.221251556249
 30
0
  0
VERTEX
  5
51
  8
ARREDI ATTREZZATURE - FURNITURE
  6
BYLAYER
 62
  256
 10
1744.679449281113
 20
1916.222556889517
 30
0
  0
VERTEX
  5
52
  8
ARREDI ATTREZZATURE - FURNITURE
  6
BYLAYER
 62
  256
 10
1744.679808475029
 20
1916.223927923923
 30
0
  0
VERTEX
  5
53
  8
ARREDI ATTREZZATURE - FURNITURE
  6
BYLAYER
 62
  256
 10
1744.680148724363
 20
1916.225361356526
 30
0
  0
VERTEX
  5
54
  8
ARREDI ATTREZZATURE - FURNITURE
  6
BYLAYER
 62
  256
 10
1744.680469209424
 20
1916.226853734061
 30
0
  0
VERTEX
  5
55
  8
ARREDI ATTREZZATURE - FURNITURE
  6
BYLAYER
 62
  256
 10
1744.680769158137
 20
1916.22840146126
 30
0
  0
VERTEX
  5
56
  8
ARREDI ATTREZZATURE - FURNITURE
  6
BYLAYER
 62
  256
 10
1744.681047847898
 20
1916.230000809512
 30
0
  0
VERTEX
  5
57
  8
ARREDI ATTREZZATURE - FURNITURE
  6
BYLAYER
 62
  256
 10
1744.68130460732
 20
1916.231647925848
 30
0
  0
VERTEX
  5
58
  8
ARREDI ATTREZZATURE - FURNITURE
  6
BYLAYER
 62
  256
 10
1744.681538817847
 20
1916.23333884222
 30
0
  0
VERTEX
  5
59
  8
ARREDI ATTREZZATURE - FURNITURE
  6
BYLAYER
 62
  256
 10
1744.681749915244
 20
1916.235069485061
 30
0
  0
VERTEX
  5
5A
  8
ARREDI ATTREZZATURE - FURNITURE
  6
BYLAYER
 62
  256
 10
1744.68193739096
 20
1916.236835685103
 30
0
  0
VERTEX
  5
5B
  8
ARREDI ATTREZZATURE - FURNITURE
  6
BYLAYER
 62
  256
 10
1744.682100793349
 20
1916.238633187414
 30
0
  0
VERTEX
  5
5C
  8
ARREDI ATTREZZATURE - FURNITURE
  6
BYLAYER
 62
  256
 10
1744.682239728761
 20
1916.240457661654
 30
0
  0
VERTEX
  5
5D
  8
ARREDI ATTREZZATURE - FURNITURE
  6
BYLAYER
 62
  256
 10
1744.682353862488
 20
1916.242304712505
 30
0
  0
VERTEX
  5
5E
  8
ARREDI ATTREZZATURE - FURNITURE
  6
BYLAYER
 62
  256
 10
1744.682442919572
 20
1916.244169890259
 30
0
  0
VERTEX
  5
5F
  8
ARREDI ATTREZZATURE - FURNITURE
  6
BYLAYER
 62
  256
 10
1744.682506685467
 20
1916.24604870154
 30
0
  0
VERTEX
  5
60
  8
ARREDI ATTREZZATURE - FURNITURE
  6
BYLAYER
 62
  256
 10
1744.682545006554
 20
1916.247936620126
 30
0
  0
VERTEX
  5
61
  8
ARREDI ATTREZZATURE - FURNITURE
  6
BYLAYER
 62
  256
 10
1744.682557790516
 20
1916.249829097858
 30
0
  0
VERTEX
  5
62
  8
ARREDI ATTREZZATURE - FURNITURE
  6
BYLAYER
 62
  256
 10
1744.682545006554
 20
1916.251721575589
 30
0
  0
VERTEX
  5
63
  8
ARREDI ATTREZZATURE - FURNITURE
  6
BYLAYER
 62
  256
 10
1744.682506685467
 20
1916.253609494176
 30
0
  0
VERTEX
  5
64
  8
ARREDI ATTREZZATURE - FURNITURE
  6
BYLAYER
 62
  256
 10
1744.682442919572
 20
1916.255488305457
 30
0
  0
VERTEX
  5
65
  8
ARREDI ATTREZZATURE - FURNITURE
  6
BYLAYER
 62
  256
 10
1744.682353862488
 20
1916.257353483211
 30
0
  0
VERTEX
  5
66
  8
ARREDI ATTREZZATURE - FURNITURE
  6
BYLAYER
 62
  256
 10
1744.682239728761
 20
1916.259200534062
 30
0
  0
VERTEX
  5
67
  8
ARREDI ATTREZZATURE - FURNITURE
  6
BYLAYER
 62
  256
 10
1744.682100793349
 20
1916.261025008302
 30
0
  0
VERTEX
  5
68
  8
ARREDI ATTREZZATURE - FURNITURE
  6
BYLAYER
 62
  256
 10
1744.68193739096
 20
1916.262822510613
 30
0
  0
VERTEX
  5
69
  8
ARREDI ATTREZZATURE - FURNITURE
  6
BYLAYER
 62
  256
 10
1744.681749915244
 20
1916.264588710654
 30
0
  0
VERTEX
  5
6A
  8
ARREDI ATTREZZATURE - FURNITURE
  6
BYLAYER
 62
  256
 10
1744.681538817847
 20
1916.266319353496
 30
0
  0
VERTEX
  5
6B
  8
ARREDI ATTREZZATURE - FURNITURE
  6
BYLAYER
 62
  256
 10
1744.68130460732
 20
1916.268010269868
 30
0
  0
VERTEX
  5
6C
  8
ARREDI ATTREZZATURE - FURNITURE
  6
BYLAYER
 62
  256
 10
1744.681047847898
 20
1916.269657386203
 30
0
  0
VERTEX
  5
6D
  8
ARREDI ATTREZZATURE - FURNITURE
  6
BYLAYER
 62
  256
 10
1744.680769158137
 20
1916.271256734456
 30
0
  0
VERTEX
  5
6E
  8
ARREDI ATTREZZATURE - FURNITURE
  6
BYLAYER
 62
  256
 10
1744.680469209424
 20
1916.272804461654
 30
0
  0
VERTEX
  5
6F
  8
ARREDI ATTREZZATURE - FURNITURE
  6
BYLAYER
 62
  256
 10
1744.680148724363
 20
1916.274296839189
 30
0
  0
VERTEX
  5
70
  8
ARREDI ATTREZZATURE - FURNITURE
  6
BYLAYER
 62
  256
 10
1744.679808475029
 20
1916.275730271793
 30
0
  0
VERTEX
  5
71
  8
ARREDI ATTREZZATURE - FURNITURE
  6
BYLAYER
 62
  256
 10
1744.679449281113
 20
1916.277101306199
 30
0
  0
VERTEX
  5
72
  8
ARREDI ATTREZZATURE - FURNITURE
  6
BYLAYER
 62
  256
 10
1744.679072007946
 20
1916.278406639467
 30
0
  0
VERTEX
  5
73
  8
ARREDI ATTREZZATURE - FURNITURE
  6
BYLAYER
 62
  256
 10
1744.67867756441
 20
1916.279643126934
 30
0
  0
VERTEX
  5
74
  8
ARREDI ATTREZZATURE - FURNITURE
  6
BYLAYER
 62
  256
 10
1744.678266900755
 20
1916.280807789793
 30
0
  0
VERTEX
  5
75
  8
ARREDI ATTREZZATURE - FURNITURE
  6
BYLAYER
 62
  256
 10
1744.677841006307
 20
1916.28189782227
 30
0
  0
VERTEX
  5
76
  8
ARREDI ATTREZZATURE - FURNITURE
  6
BYLAYER
 62
  256
 10
1744.67740090708
 20
1916.282910598381
 30
0
  0
VERTEX
  5
77
  8
ARREDI ATTREZZATURE - FURNITURE
  6
BYLAYER
 62
  256
 10
1744.676947663315
 20
1916.28384367826
 30
0
  0
VERTEX
  5
78
  8
ARREDI ATTREZZATURE - FURNITURE
  6
BYLAYER
 62
  256
 10
1744.676482366913
 20
1916.284694814036
 30
0
  0
VERTEX
  5
79
  8
ARREDI ATTREZZATURE - FURNITURE
  6
BYLAYER
 62
  256
 10
1744.676006138816
 20
1916.285461955247
 30
0
  0
VERTEX
  5
7A
  8
ARREDI ATTREZZATURE - FURNITURE
  6
BYLAYER
 62
  256
 10
1744.675520126298
 20
1916.286143253783
 30
0
  0
VERTEX
  5
7B
  8
ARREDI ATTREZZATURE - FURNITURE
  6
BYLAYER
 62
  256
 10
1744.675025500205
 20
1916.286737068338
 30
0
  0
VERTEX
  5
7C
  8
ARREDI ATTREZZATURE - FURNITURE
  6
BYLAYER
 62
  256
 10
1744.674523452137
 20
1916.287241968358
 30
0
  0
VERTEX
  5
7D
  8
ARREDI ATTREZZATURE - FURNITURE
  6
BYLAYER
 62
  256
 10
1744.67401519157
 20
1916.287656737497
 30
0
  0
VERTEX
  5
7E
  8
ARREDI ATTREZZATURE - FURNITURE
  6
BYLAYER
 62
  256
 10
1744.673501942948
 20
1916.287980376538
 30
0
  0
VERTEX
  5
7F
  8
ARREDI ATTREZZATURE - FURNITURE
  6
BYLAYER
 62
  256
 10
1744.672984942733
 20
1916.288212105808
 30
0
  0
VERTEX
  5
80
  8
ARREDI ATTREZZATURE - FURNITURE
  6
BYLAYER
 62
  256
 10
1744.672465436423
 20
1916.288351367049
 30
0
  0
VERTEX
  5
81
  8
ARREDI ATTREZZATURE - FURNITURE
  6
BYLAYER
 62
  256
 10
1744.671944675554
 20
1916.28839782477
 30
0
  0
VERTEX
  5
82
  8
ARREDI ATTREZZATURE - FURNITURE
  6
BYLAYER
 62
  256
 10
1744.671423914686
 20
1916.288351367049
 30
0
  0
VERTEX
  5
83
  8
ARREDI ATTREZZATURE - FURNITURE
  6
BYLAYER
 62
  256
 10
1744.670904408376
 20
1916.288212105808
 30
0
  0
VERTEX
  5
84
  8
ARREDI ATTREZZATURE - FURNITURE
  6
BYLAYER
 62
  256
 10
1744.67038740816
 20
1916.287980376538
 30
0
  0
VERTEX
  5
85
  8
ARREDI ATTREZZATURE - FURNITURE
  6
BYLAYER
 62
  256
 10
1744.669874159539
 20
1916.287656737497
 30
0
  0
VERTEX
  5
86
  8
ARREDI ATTREZZATURE - FURNITURE
  6
BYLAYER
 62
  256
 10
1744.669365898971
 20
1916.287241968358
 30
0
  0
VERTEX
  5
87
  8
ARREDI ATTREZZATURE - FURNITURE
  6
BYLAYER
 62
  256
 10
1744.668863850903
 20
1916.286737068338
 30
0
  0
VERTEX
  5
88
  8
ARREDI ATTREZZATURE - FURNITURE
  6
BYLAYER
 62
  256
 10
1744.668369224811
 20
1916.286143253783
 30
0
  0
VERTEX
  5
89
  8
ARREDI ATTREZZATURE - FURNITURE
  6
BYLAYER
 62
  256
 10
1744.667883212293
 20
1916.285461955247
 30
0
  0
VERTEX
  5
8A
  8
ARREDI ATTREZZATURE - FURNITURE
  6
BYLAYER
 62
  256
 10
1744.667406984195
 20
1916.284694814036
 30
0
  0
VERTEX
  5
8B
  8
ARREDI ATTREZZATURE - FURNITURE
  6
BYLAYER
 62
  256
 10
1744.666941687793
 20
1916.28384367826
 30
0
  0
VERTEX
  5
8C
  8
ARREDI ATTREZZATURE - FURNITURE
  6
BYLAYER
 62
  256
 10
1744.666488444028
 20
1916.282910598381
 30
0
  0
VERTEX
  5
8D
  8
ARREDI ATTREZZATURE - FURNITURE
  6
BYLAYER
 62
  256
 10
1744.666048344802
 20
1916.28189782227
 30
0
  0
VERTEX
  5
8E
  8
ARREDI ATTREZZATURE - FURNITURE
  6
BYLAYER
 62
  256
 10
1744.665622450353
 20
1916.280807789793
 30
0
  0
VERTEX
  5
8F
  8
ARREDI ATTREZZATURE - FURNITURE
  6
BYLAYER
 62
  256
 10
1744.665211786698
 20
1916.279643126934
 30
0
  0
VERTEX
  5
90
  8
ARREDI ATTREZZATURE - FURNITURE
  6
BYLAYER
 62
  256
 10
1744.664817343163
 20
1916.278406639467
 30
0
  0
VERTEX
  5
91
  8
ARREDI ATTREZZATURE - FURNITURE
  6
BYLAYER
 62
  256
 10
1744.664440069995
 20
1916.277101306199
 30
0
  0
VERTEX
  5
92
  8
ARREDI ATTREZZATURE - FURNITURE
  6
BYLAYER
 62
  256
 10
1744.66408087608
 20
1916.275730271793
 30
0
  0
VERTEX
  5
93
  8
ARREDI ATTREZZATURE - FURNITURE
  6
BYLAYER
 62
  256
 10
1744.663740626746
 20
1916.274296839189
 30
0
  0
VERTEX
  5
94
  8
ARREDI ATTREZZATURE - FURNITURE
  6
BYLAYER
 62
  256
 10
1744.663420141684
 20
1916.272804461654
 30
0
  0
VERTEX
  5
95
  8
ARREDI ATTREZZATURE - FURNITURE
  6
BYLAYER
 62
  256
 10
1744.663120192972
 20
1916.271256734456
 30
0
  0
VERTEX
  5
96
  8
ARREDI ATTREZZATURE - FURNITURE
  6
BYLAYER
 62
  256
 10
1744.66284150321
 20
1916.269657386203
 30
0
  0
VERTEX
  5
97
  8
ARREDI ATTREZZATURE - FURNITURE
  6
BYLAYER
 62
  256
 10
1744.662584743788
 20
1916.268010269868
 30
0
  0
VERTEX
  5
98
  8
ARREDI ATTREZZATURE - FURNITURE
  6
BYLAYER
 62
  256
 10
1744.662350533262
 20
1916.266319353496
 30
0
  0
VERTEX
  5
99
  8
ARREDI ATTREZZATURE - FURNITURE
  6
BYLAYER
 62
  256
 10
1744.662139435865
 20
1916.264588710654
 30
0
  0
VERTEX
  5
9A
  8
ARREDI ATTREZZATURE - FURNITURE
  6
BYLAYER
 62
  256
 10
1744.661951960149
 20
1916.262822510613
 30
0
  0
VERTEX
  5
9B
  8
ARREDI ATTREZZATURE - FURNITURE
  6
BYLAYER
 62
  256
 10
1744.661788557759
 20
1916.261025008302
 30
0
  0
VERTEX
  5
9C
  8
ARREDI ATTREZZATURE - FURNITURE
  6
BYLAYER
 62
  256
 10
1744.661649622347
 20
1916.259200534062
 30
0
  0
VERTEX
  5
9D
  8
ARREDI ATTREZZATURE - FURNITURE
  6
BYLAYER
 62
  256
 10
1744.66153548862
 20
1916.257353483211
 30
0
  0
VERTEX
  5
9E
  8
ARREDI ATTREZZATURE - FURNITURE
  6
BYLAYER
 62
  256
 10
1744.661446431536
 20
1916.255488305457
 30
0
  0
VERTEX
  5
9F
  8
ARREDI ATTREZZATURE - FURNITURE
  6
BYLAYER
 62
  256
 10
1744.661382665642
 20
1916.253609494176
 30
0
  0
VERTEX
  5
A0
  8
ARREDI ATTREZZATURE - FURNITURE
  6
BYLAYER
 62
  256
 10
1744.661344344554
 20
1916.251721575589
 30
0
  0
VERTEX
  5
A1
  8
ARREDI ATTREZZATURE - FURNITURE
  6
BYLAYER
 62
  256
 10
1744.661331560592
 20
1916.249829097858
 30
0
  0
VERTEX
  5
A2
  8
ARREDI ATTREZZATURE - FURNITURE
  6
BYLAYER
 62
  256
 10
1744.661344344554
 20
1916.247936620126
 30
0
  0
VERTEX
  5
A3
  8
ARREDI ATTREZZATURE - FURNITURE
  6
BYLAYER
 62
  256
 10
1744.661382665642
 20
1916.24604870154
 30
0
  0
VERTEX
  5
A4
  8
ARREDI ATTREZZATURE - FURNITURE
  6
BYLAYER
 62
  256
 10
1744.661446431536
 20
1916.244169890259
 30
0
  0
VERTEX
  5
A5
  8
ARREDI ATTREZZATURE - FURNITURE
  6
BYLAYER
 62
  256
 10
1744.66153548862
 20
1916.242304712505
 30
0
  0
VERTEX
  5
A6
  8
ARREDI ATTREZZATURE - FURNITURE
  6
BYLAYER
 62
  256
 10
1744.661649622347
 20
1916.240457661654
 30
0
  0
VERTEX
  5
A7
  8
ARREDI ATTREZZATURE - FURNITURE
  6
BYLAYER
 62
  256
 10
1744.661788557759
 20
1916.238633187414
 30
0
  0
VERTEX
  5
A8
  8
ARREDI ATTREZZATURE - FURNITURE
  6
BYLAYER
 62
  256
 10
1744.661951960149
 20
1916.236835685103
 30
0
  0
VERTEX
  5
A9
  8
ARREDI ATTREZZATURE - FURNITURE
  6
BYLAYER
 62
  256
 10
1744.662139435865
 20
1916.235069485061
 30
0
  0
VERTEX
  5
AA
  8
ARREDI ATTREZZATURE - FURNITURE
  6
BYLAYER
 62
  256
 10
1744.662350533262
 20
1916.23333884222
 30
0
  0
VERTEX
  5
AB
  8
ARREDI ATTREZZATURE - FURNITURE
  6
BYLAYER
 62
  256
 10
1744.662584743788
 20
1916.231647925848
 30
0
  0
VERTEX
  5
AC
  8
ARREDI ATTREZZATURE - FURNITURE
  6
BYLAYER
 62
  256
 10
1744.66284150321
 20
1916.230000809512
 30
0
  0
VERTEX
  5
AD
  8
ARREDI ATTREZZATURE - FURNITURE
  6
BYLAYER
 62
  256
 10
1744.663120192972
 20
1916.22840146126
 30
0
  0
VERTEX
  5
AE
  8
ARREDI ATTREZZATURE - FURNITURE
  6
BYLAYER
 62
  256
 10
1744.663420141684
 20
1916.226853734061
 30
0
  0
VERTEX
  5
AF
  8
ARREDI ATTREZZATURE - FURNITURE
  6
BYLAYER
 62
  256
 10
1744.663740626746
 20
1916.225361356526
 30
0
  0
VERTEX
  5
B0
  8
ARREDI ATTREZZATURE - FURNITURE
  6
BYLAYER
 62
  256
 10
1744.66408087608
 20
1916.223927923923
 30
0
  0
VERTEX
  5
B1
  8
ARREDI ATTREZZATURE - FURNITURE
  6
BYLAYER
 62
  256
 10
1744.664440069995
 20
1916.222556889517
 30
0
  0
VERTEX
  5
B2
  8
ARREDI ATTREZZATURE - FURNITURE
  6
BYLAYER
 62
  256
 10
1744.664817343163
 20
1916.221251556249
 30
0
  0
VERTEX
  5
B3
  8
ARREDI ATTREZZATURE - FURNITURE
  6
BYLAYER
 62
  256
 10
1744.665211786698
 20
1916.220015068782
 30
0
  0
VERTEX
  5
B4
  8
ARREDI ATTREZZATURE - FURNITURE
  6
BYLAYER
 62
  256
 10
1744.665622450353
 20
1916.218850405923
 30
0
  0
VERTEX
  5
B5
  8
ARREDI ATTREZZATURE - FURNITURE
  6
BYLAYER
 62
  256
 10
1744.666048344802
 20
1916.217760373445
 30
0
  0
VERTEX
  5
B6
  8
ARREDI ATTREZZATURE - FURNITURE
  6
BYLAYER
 62
  256
 10
1744.666488444028
 20
1916.216747597334
 30
0
  0
VERTEX
  5
B7
  8
ARREDI ATTREZZATURE - FURNITURE
  6
BYLAYER
 62
  256
 10
1744.666941687793
 20
1916.215814517455
 30
0
  0
VERTEX
  5
B8
  8
ARREDI ATTREZZATURE - FURNITURE
  6
BYLAYER
 62
  256
 10
1744.667406984195
 20
1916.21496338168
 30
0
  0
VERTEX
  5
B9
  8
ARREDI ATTREZZATURE - FURNITURE
  6
BYLAYER
 62
  256
 10
1744.667883212293
 20
1916.214196240469
 30
0
  0
VERTEX
  5
BA
  8
ARREDI ATTREZZATURE - FURNITURE
  6
BYLAYER
 62
  256
 10
1744.668369224811
 20
1916.213514941932
 30
0
  0
VERTEX
  5
BB
  8
ARREDI ATTREZZATURE - FURNITURE
  6
BYLAYER
 62
  256
 10
1744.668863850903
 20
1916.212921127378
 30
0
  0
VERTEX
  5
BC
  8
ARREDI ATTREZZATURE - FURNITURE
  6
BYLAYER
 62
  256
 10
1744.669365898971
 20
1916.212416227357
 30
0
  0
VERTEX
  5
BD
  8
ARREDI ATTREZZATURE - FURNITURE
  6
BYLAYER
 62
  256
 10
1744.669874159539
 20
1916.212001458219
 30
0
  0
VERTEX
  5
BE
  8
ARREDI ATTREZZATURE - FURNITURE
  6
BYLAYER
 62
  256
 10
1744.67038740816
 20
1916.211677819177
 30
0
  0
VERTEX
  5
BF
  8
ARREDI ATTREZZATURE - FURNITURE
  6
BYLAYER
 62
  256
 10
1744.670904408376
 20
1916.211446089908
 30
0
  0
VERTEX
  5
C0
  8
ARREDI ATTREZZATURE - FURNITURE
  6
BYLAYER
 62
  256
 10
1744.671423914686
 20
1916.211306828667
 30
0
  0
SEQEND
  5
C1
  8
ARREDI ATTREZZATURE - FURNITURE
  6
BYLAYER
 62
  256
  0
CIRCLE
  5
C2
  8
ARREDI ATTREZZATURE - FURNITURE
  6
BYLAYER
 62
  256
 10
1744.719855578467
 20
1917.504965551957
 40
0.02130349242293051
  0
LINE
  5
C3
  8
ARREDI ATTREZZATURE - FURNITURE
  6
BYLAYER
 62
  256
 10
1744.691763486155
 20
1917.504965551957
 11
1744.657386174666
 21
1917.504965551957
  0
LINE
  5
C4
  8
ARREDI ATTREZZATURE - FURNITURE
  6
BYLAYER
 62
  256
 10
1744.719855578467
 20
1917.476873459644
 11
1744.719855578467
 21
1917.442496148156
  0
LINE
  5
C5
  8
ARREDI ATTREZZATURE - FURNITURE
  6
BYLAYER
 62
  256
 10
1744.747947670779
 20
1917.504965551957
 11
1744.782324982267
 21
1917.504965551957
  0
LINE
  5
C6
  8
ARREDI ATTREZZATURE - FURNITURE
  6
BYLAYER
 62
  256
 10
1744.719855578467
 20
1917.533057644268
 11
1744.719855578467
 21
1917.567434955757
  0
CIRCLE
  5
C7
  8
ARREDI ATTREZZATURE - FURNITURE
  6
BYLAYER
 62
  256
 10
1744.951447908571
 20
1917.504965551957
 40
0.02130349242293051
  0
LINE
  5
C8
  8
ARREDI ATTREZZATURE - FURNITURE
  6
BYLAYER
 62
  256
 10
1744.92335581626
 20
1917.504965551957
 11
1744.888978504771
 21
1917.504965551957
  0
LINE
  5
C9
  8
ARREDI ATTREZZATURE - FURNITURE
  6
BYLAYER
 62
  256
 10
1744.951447908571
 20
1917.476873459644
 11
1744.951447908571
 21
1917.442496148156
  0
LINE
  5
CA
  8
ARREDI ATTREZZATURE - FURNITURE
  6
BYLAYER
 62
  256
 10
1744.979540000884
 20
1917.504965551957
 11
1745.013917312372
 21
1917.504965551957
  0
LINE
  5
CB
  8
ARREDI ATTREZZATURE - FURNITURE
  6
BYLAYER
 62
  256
 10
1744.951447908571
 20
1917.533057644268
 11
1744.951447908571
 21
1917.567434955757
  0
LINE
  5
CC
  8
ARREDI ATTREZZATURE - FURNITURE
  6
BYLAYER
 62
  256
 10
1745.091549079881
 20
1915.88947410151
 11
1745.091549079881
 21
1917.665265207061
  0
POLYLINE
  5
CD
  8
ARREDI ATTREZZATURE - FURNITURE
  6
BYLAYER
 62
  256
 66
    1
 10
0
 20
0
 30
0
 70
    1
  0
VERTEX
  5
CE
  8
ARREDI ATTREZZATURE - FURNITURE
  6
BYLAYER
 62
  256
 10
1744.671944675554
 20
1916.01065381427
 30
0
  0
VERTEX
  5
CF
  8
ARREDI ATTREZZATURE - FURNITURE
  6
BYLAYER
 62
  256
 10
1744.672465436423
 20
1916.010700271991
 30
0
  0
VERTEX
  5
D0
  8
ARREDI ATTREZZATURE - FURNITURE
  6
BYLAYER
 62
  256
 10
1744.672984942733
 20
1916.010839533232
 30
0
  0
VERTEX
  5
D1
  8
ARREDI ATTREZZATURE - FURNITURE
  6
BYLAYER
 62
  256
 10
1744.673501942948
 20
1916.011071262502
 30
0
  0
VERTEX
  5
D2
  8
ARREDI ATTREZZATURE - FURNITURE
  6
BYLAYER
 62
  256
 10
1744.67401519157
 20
1916.011394901543
 30
0
  0
VERTEX
  5
D3
  8
ARREDI ATTREZZATURE - FURNITURE
  6
BYLAYER
 62
  256
 10
1744.674523452137
 20
1916.011809670682
 30
0
  0
VERTEX
  5
D4
  8
ARREDI ATTREZZATURE - FURNITURE
  6
BYLAYER
 62
  256
 10
1744.675025500205
 20
1916.012314570702
 30
0
  0
VERTEX
  5
D5
  8
ARREDI ATTREZZATURE - FURNITURE
  6
BYLAYER
 62
  256
 10
1744.675520126298
 20
1916.012908385257
 30
0
  0
VERTEX
  5
D6
  8
ARREDI ATTREZZATURE - FURNITURE
  6
BYLAYER
 62
  256
 10
1744.676006138816
 20
1916.013589683793
 30
0
  0
VERTEX
  5
D7
  8
ARREDI ATTREZZATURE - FURNITURE
  6
BYLAYER
 62
  256
 10
1744.676482366913
 20
1916.014356825004
 30
0
  0
VERTEX
  5
D8
  8
ARREDI ATTREZZATURE - FURNITURE
  6
BYLAYER
 62
  256
 10
1744.676947663315
 20
1916.01520796078
 30
0
  0
VERTEX
  5
D9
  8
ARREDI ATTREZZATURE - FURNITURE
  6
BYLAYER
 62
  256
 10
1744.67740090708
 20
1916.016141040659
 30
0
  0
VERTEX
  5
DA
  8
ARREDI ATTREZZATURE - FURNITURE
  6
BYLAYER
 62
  256
 10
1744.677841006307
 20
1916.01715381677
 30
0
  0
VERTEX
  5
DB
  8
ARREDI ATTREZZATURE - FURNITURE
  6
BYLAYER
 62
  256
 10
1744.678266900755
 20
1916.018243849247
 30
0
  0
VERTEX
  5
DC
  8
ARREDI ATTREZZATURE - FURNITURE
  6
BYLAYER
 62
  256
 10
1744.67867756441
 20
1916.019408512106
 30
0
  0
VERTEX
  5
DD
  8
ARREDI ATTREZZATURE - FURNITURE
  6
BYLAYER
 62
  256
 10
1744.679072007946
 20
1916.020644999573
 30
0
  0
VERTEX
  5
DE
  8
ARREDI ATTREZZATURE - FURNITURE
  6
BYLAYER
 62
  256
 10
1744.679449281113
 20
1916.021950332841
 30
0
  0
VERTEX
  5
DF
  8
ARREDI ATTREZZATURE - FURNITURE
  6
BYLAYER
 62
  256
 10
1744.679808475029
 20
1916.023321367247
 30
0
  0
VERTEX
  5
E0
  8
ARREDI ATTREZZATURE - FURNITURE
  6
BYLAYER
 62
  256
 10
1744.680148724363
 20
1916.024754799851
 30
0
  0
VERTEX
  5
E1
  8
ARREDI ATTREZZATURE - FURNITURE
  6
BYLAYER
 62
  256
 10
1744.680469209424
 20
1916.026247177386
 30
0
  0
VERTEX
  5
E2
  8
ARREDI ATTREZZATURE - FURNITURE
  6
BYLAYER
 62
  256
 10
1744.680769158137
 20
1916.027794904584
 30
0
  0
VERTEX
  5
E3
  8
ARREDI ATTREZZATURE - FURNITURE
  6
BYLAYER
 62
  256
 10
1744.681047847898
 20
1916.029394252837
 30
0
  0
VERTEX
  5
E4
  8
ARREDI ATTREZZATURE - FURNITURE
  6
BYLAYER
 62
  256
 10
1744.68130460732
 20
1916.031041369172
 30
0
  0
VERTEX
  5
E5
  8
ARREDI ATTREZZATURE - FURNITURE
  6
BYLAYER
 62
  256
 10
1744.681538817847
 20
1916.032732285544
 30
0
  0
VERTEX
  5
E6
  8
ARREDI ATTREZZATURE - FURNITURE
  6
BYLAYER
 62
  256
 10
1744.681749915244
 20
1916.034462928386
 30
0
  0
VERTEX
  5
E7
  8
ARREDI ATTREZZATURE - FURNITURE
  6
BYLAYER
 62
  256
 10
1744.68193739096
 20
1916.036229128427
 30
0
  0
VERTEX
  5
E8
  8
ARREDI ATTREZZATURE - FURNITURE
  6
BYLAYER
 62
  256
 10
1744.682100793349
 20
1916.038026630738
 30
0
  0
VERTEX
  5
E9
  8
ARREDI ATTREZZATURE - FURNITURE
  6
BYLAYER
 62
  256
 10
1744.682239728761
 20
1916.039851104978
 30
0
  0
VERTEX
  5
EA
  8
ARREDI ATTREZZATURE - FURNITURE
  6
BYLAYER
 62
  256
 10
1744.682353862488
 20
1916.041698155829
 30
0
  0
VERTEX
  5
EB
  8
ARREDI ATTREZZATURE - FURNITURE
  6
BYLAYER
 62
  256
 10
1744.682442919572
 20
1916.043563333583
 30
0
  0
VERTEX
  5
EC
  8
ARREDI ATTREZZATURE - FURNITURE
  6
BYLAYER
 62
  256
 10
1744.682506685467
 20
1916.045442144864
 30
0
  0
VERTEX
  5
ED
  8
ARREDI ATTREZZATURE - FURNITURE
  6
BYLAYER
 62
  256
 10
1744.682545006554
 20
1916.047330063451
 30
0
  0
VERTEX
  5
EE
  8
ARREDI ATTREZZATURE - FURNITURE
  6
BYLAYER
 62
  256
 10
1744.682557790516
 20
1916.049222541182
 30
0
  0
VERTEX
  5
EF
  8
ARREDI ATTREZZATURE - FURNITURE
  6
BYLAYER
 62
  256
 10
1744.682545006554
 20
1916.051115018914
 30
0
  0
VERTEX
  5
F0
  8
ARREDI ATTREZZATURE - FURNITURE
  6
BYLAYER
 62
  256
 10
1744.682506685467
 20
1916.0530029375
 30
0
  0
VERTEX
  5
F1
  8
ARREDI ATTREZZATURE - FURNITURE
  6
BYLAYER
 62
  256
 10
1744.682442919572
 20
1916.054881748781
 30
0
  0
VERTEX
  5
F2
  8
ARREDI ATTREZZATURE - FURNITURE
  6
BYLAYER
 62
  256
 10
1744.682353862488
 20
1916.056746926535
 30
0
  0
VERTEX
  5
F3
  8
ARREDI ATTREZZATURE - FURNITURE
  6
BYLAYER
 62
  256
 10
1744.682239728761
 20
1916.058593977386
 30
0
  0
VERTEX
  5
F4
  8
ARREDI ATTREZZATURE - FURNITURE
  6
BYLAYER
 62
  256
 10
1744.682100793349
 20
1916.060418451626
 30
0
  0
VERTEX
  5
F5
  8
ARREDI ATTREZZATURE - FURNITURE
  6
BYLAYER
 62
  256
 10
1744.68193739096
 20
1916.062215953937
 30
0
  0
VERTEX
  5
F6
  8
ARREDI ATTREZZATURE - FURNITURE
  6
BYLAYER
 62
  256
 10
1744.681749915244
 20
1916.063982153979
 30
0
  0
VERTEX
  5
F7
  8
ARREDI ATTREZZATURE - FURNITURE
  6
BYLAYER
 62
  256
 10
1744.681538817847
 20
1916.06571279682
 30
0
  0
VERTEX
  5
F8
  8
ARREDI ATTREZZATURE - FURNITURE
  6
BYLAYER
 62
  256
 10
1744.68130460732
 20
1916.067403713192
 30
0
  0
VERTEX
  5
F9
  8
ARREDI ATTREZZATURE - FURNITURE
  6
BYLAYER
 62
  256
 10
1744.681047847898
 20
1916.069050829528
 30
0
  0
VERTEX
  5
FA
  8
ARREDI ATTREZZATURE - FURNITURE
  6
BYLAYER
 62
  256
 10
1744.680769158137
 20
1916.07065017778
 30
0
  0
VERTEX
  5
FB
  8
ARREDI ATTREZZATURE - FURNITURE
  6
BYLAYER
 62
  256
 10
1744.680469209424
 20
1916.072197904979
 30
0
  0
VERTEX
  5
FC
  8
ARREDI ATTREZZATURE - FURNITURE
  6
BYLAYER
 62
  256
 10
1744.680148724363
 20
1916.073690282514
 30
0
  0
VERTEX
  5
FD
  8
ARREDI ATTREZZATURE - FURNITURE
  6
BYLAYER
 62
  256
 10
1744.679808475029
 20
1916.075123715117
 30
0
  0
VERTEX
  5
FE
  8
ARREDI ATTREZZATURE - FURNITURE
  6
BYLAYER
 62
  256
 10
1744.679449281113
 20
1916.076494749523
 30
0
  0
VERTEX
  5
FF
  8
ARREDI ATTREZZATURE - FURNITURE
  6
BYLAYER
 62
  256
 10
1744.679072007946
 20
1916.077800082791
 30
0
  0
VERTEX
  5
100
  8
ARREDI ATTREZZATURE - FURNITURE
  6
BYLAYER
 62
  256
 10
1744.67867756441
 20
1916.079036570258
 30
0
  0
VERTEX
  5
101
  8
ARREDI ATTREZZATURE - FURNITURE
  6
BYLAYER
 62
  256
 10
1744.678266900755
 20
1916.080201233117
 30
0
  0
VERTEX
  5
102
  8
ARREDI ATTREZZATURE - FURNITURE
  6
BYLAYER
 62
  256
 10
1744.677841006307
 20
1916.081291265595
 30
0
  0
VERTEX
  5
103
  8
ARREDI ATTREZZATURE - FURNITURE
  6
BYLAYER
 62
  256
 10
1744.67740090708
 20
1916.082304041706
 30
0
  0
VERTEX
  5
104
  8
ARREDI ATTREZZATURE - FURNITURE
  6
BYLAYER
 62
  256
 10
1744.676947663315
 20
1916.083237121585
 30
0
  0
VERTEX
  5
105
  8
ARREDI ATTREZZATURE - FURNITURE
  6
BYLAYER
 62
  256
 10
1744.676482366913
 20
1916.08408825736
 30
0
  0
VERTEX
  5
106
  8
ARREDI ATTREZZATURE - FURNITURE
  6
BYLAYER
 62
  256
 10
1744.676006138816
 20
1916.084855398571
 30
0
  0
VERTEX
  5
107
  8
ARREDI ATTREZZATURE - FURNITURE
  6
BYLAYER
 62
  256
 10
1744.675520126298
 20
1916.085536697108
 30
0
  0
VERTEX
  5
108
  8
ARREDI ATTREZZATURE - FURNITURE
  6
BYLAYER
 62
  256
 10
1744.675025500205
 20
1916.086130511662
 30
0
  0
VERTEX
  5
109
  8
ARREDI ATTREZZATURE - FURNITURE
  6
BYLAYER
 62
  256
 10
1744.674523452137
 20
1916.086635411683
 30
0
  0
VERTEX
  5
10A
  8
ARREDI ATTREZZATURE - FURNITURE
  6
BYLAYER
 62
  256
 10
1744.67401519157
 20
1916.087050180821
 30
0
  0
VERTEX
  5
10B
  8
ARREDI ATTREZZATURE - FURNITURE
  6
BYLAYER
 62
  256
 10
1744.673501942948
 20
1916.087373819863
 30
0
  0
VERTEX
  5
10C
  8
ARREDI ATTREZZATURE - FURNITURE
  6
BYLAYER
 62
  256
 10
1744.672984942733
 20
1916.087605549132
 30
0
  0
VERTEX
  5
10D
  8
ARREDI ATTREZZATURE - FURNITURE
  6
BYLAYER
 62
  256
 10
1744.672465436423
 20
1916.087744810373
 30
0
  0
VERTEX
  5
10E
  8
ARREDI ATTREZZATURE - FURNITURE
  6
BYLAYER
 62
  256
 10
1744.671944675554
 20
1916.087791268094
 30
0
  0
VERTEX
  5
10F
  8
ARREDI ATTREZZATURE - FURNITURE
  6
BYLAYER
 62
  256
 10
1744.671423914686
 20
1916.087744810373
 30
0
  0
VERTEX
  5
110
  8
ARREDI ATTREZZATURE - FURNITURE
  6
BYLAYER
 62
  256
 10
1744.670904408376
 20
1916.087605549132
 30
0
  0
VERTEX
  5
111
  8
ARREDI ATTREZZATURE - FURNITURE
  6
BYLAYER
 62
  256
 10
1744.67038740816
 20
1916.087373819863
 30
0
  0
VERTEX
  5
112
  8
ARREDI ATTREZZATURE - FURNITURE
  6
BYLAYER
 62
  256
 10
1744.669874159539
 20
1916.087050180821
 30
0
  0
VERTEX
  5
113
  8
ARREDI ATTREZZATURE - FURNITURE
  6
BYLAYER
 62
  256
 10
1744.669365898971
 20
1916.086635411683
 30
0
  0
VERTEX
  5
114
  8
ARREDI ATTREZZATURE - FURNITURE
  6
BYLAYER
 62
  256
 10
1744.668863850903
 20
1916.086130511662
 30
0
  0
VERTEX
  5
115
  8
ARREDI ATTREZZATURE - FURNITURE
  6
BYLAYER
 62
  256
 10
1744.668369224811
 20
1916.085536697108
 30
0
  0
VERTEX
  5
116
  8
ARREDI ATTREZZATURE - FURNITURE
  6
BYLAYER
 62
  256
 10
1744.667883212293
 20
1916.084855398571
 30
0
  0
VERTEX
  5
117
  8
ARREDI ATTREZZATURE - FURNITURE
  6
BYLAYER
 62
  256
 10
1744.667406984195
 20
1916.08408825736
 30
0
  0
VERTEX
  5
118
  8
ARREDI ATTREZZATURE - FURNITURE
  6
BYLAYER
 62
  256
 10
1744.666941687793
 20
1916.083237121585
 30
0
  0
VERTEX
  5
119
  8
ARREDI ATTREZZATURE - FURNITURE
  6
BYLAYER
 62
  256
 10
1744.666488444028
 20
1916.082304041706
 30
0
  0
VERTEX
  5
11A
  8
ARREDI ATTREZZATURE - FURNITURE
  6
BYLAYER
 62
  256
 10
1744.666048344802
 20
1916.081291265595
 30
0
  0
VERTEX
  5
11B
  8
ARREDI ATTREZZATURE - FURNITURE
  6
BYLAYER
 62
  256
 10
1744.665622450353
 20
1916.080201233117
 30
0
  0
VERTEX
  5
11C
  8
ARREDI ATTREZZATURE - FURNITURE
  6
BYLAYER
 62
  256
 10
1744.665211786698
 20
1916.079036570258
 30
0
  0
VERTEX
  5
11D
  8
ARREDI ATTREZZATURE - FURNITURE
  6
BYLAYER
 62
  256
 10
1744.664817343163
 20
1916.077800082791
 30
0
  0
VERTEX
  5
11E
  8
ARREDI ATTREZZATURE - FURNITURE
  6
BYLAYER
 62
  256
 10
1744.664440069995
 20
1916.076494749523
 30
0
  0
VERTEX
  5
11F
  8
ARREDI ATTREZZATURE - FURNITURE
  6
BYLAYER
 62
  256
 10
1744.66408087608
 20
1916.075123715117
 30
0
  0
VERTEX
  5
120
  8
ARREDI ATTREZZATURE - FURNITURE
  6
BYLAYER
 62
  256
 10
1744.663740626746
 20
1916.073690282514
 30
0
  0
VERTEX
  5
121
  8
ARREDI ATTREZZATURE - FURNITURE
  6
BYLAYER
 62
  256
 10
1744.663420141684
 20
1916.072197904979
 30
0
  0
VERTEX
  5
122
  8
ARREDI ATTREZZATURE - FURNITURE
  6
BYLAYER
 62
  256
 10
1744.663120192972
 20
1916.07065017778
 30
0
  0
VERTEX
  5
123
  8
ARREDI ATTREZZATURE - FURNITURE
  6
BYLAYER
 62
  256
 10
1744.66284150321
 20
1916.069050829528
 30
0
  0
VERTEX
  5
124
  8
ARREDI ATTREZZATURE - FURNITURE
  6
BYLAYER
 62
  256
 10
1744.662584743788
 20
1916.067403713192
 30
0
  0
VERTEX
  5
125
  8
ARREDI ATTREZZATURE - FURNITURE
  6
BYLAYER
 62
  256
 10
1744.662350533262
 20
1916.06571279682
 30
0
  0
VERTEX
  5
126
  8
ARREDI ATTREZZATURE - FURNITURE
  6
BYLAYER
 62
  256
 10
1744.662139435865
 20
1916.063982153979
 30
0
  0
VERTEX
  5
127
  8
ARREDI ATTREZZATURE - FURNITURE
  6
BYLAYER
 62
  256
 10
1744.661951960149
 20
1916.062215953937
 30
0
  0
VERTEX
  5
128
  8
ARREDI ATTREZZATURE - FURNITURE
  6
BYLAYER
 62
  256
 10
1744.661788557759
 20
1916.060418451626
 30
0
  0
VERTEX
  5
129
  8
ARREDI ATTREZZATURE - FURNITURE
  6
BYLAYER
 62
  256
 10
1744.661649622347
 20
1916.058593977386
 30
0
  0
VERTEX
  5
12A
  8
ARREDI ATTREZZATURE - FURNITURE
  6
BYLAYER
 62
  256
 10
1744.66153548862
 20
1916.056746926535
 30
0
  0
VERTEX
  5
12B
  8
ARREDI ATTREZZATURE - FURNITURE
  6
BYLAYER
 62
  256
 10
1744.661446431536
 20
1916.054881748781
 30
0
  0
VERTEX
  5
12C
  8
ARREDI ATTREZZATURE - FURNITURE
  6
BYLAYER
 62
  256
 10
1744.661382665642
 20
1916.0530029375
 30
0
  0
VERTEX
  5
12D
  8
ARREDI ATTREZZATURE - FURNITURE
  6
BYLAYER
 62
  256
 10
1744.661344344554
 20
1916.051115018914
 30
0
  0
VERTEX
  5
12E
  8
ARREDI ATTREZZATURE - FURNITURE
  6
BYLAYER
 62
  256
 10
1744.661331560592
 20
1916.049222541182
 30
0
  0
VERTEX
  5
12F
  8
ARREDI ATTREZZATURE - FURNITURE
  6
BYLAYER
 62
  256
 10
1744.661344344554
 20
1916.047330063451
 30
0
  0
VERTEX
  5
130
  8
ARREDI ATTREZZATURE - FURNITURE
  6
BYLAYER
 62
  256
 10
1744.661382665642
 20
1916.045442144864
 30
0
  0
VERTEX
  5
131
  8
ARREDI ATTREZZATURE - FURNITURE
  6
BYLAYER
 62
  256
 10
1744.661446431536
 20
1916.043563333583
 30
0
  0
VERTEX
  5
132
  8
ARREDI ATTREZZATURE - FURNITURE
  6
BYLAYER
 62
  256
 10
1744.66153548862
 20
1916.041698155829
 30
0
  0
VERTEX
  5
133
  8
ARREDI ATTREZZATURE - FURNITURE
  6
BYLAYER
 62
  256
 10
1744.661649622347
 20
1916.039851104978
 30
0
  0
VERTEX
  5
134
  8
ARREDI ATTREZZATURE - FURNITURE
  6
BYLAYER
 62
  256
 10
1744.661788557759
 20
1916.038026630738
 30
0
  0
VERTEX
  5
135
  8
ARREDI ATTREZZATURE - FURNITURE
  6
BYLAYER
 62
  256
 10
1744.661951960149
 20
1916.036229128427
 30
0
  0
VERTEX
  5
136
  8
ARREDI ATTREZZATURE - FURNITURE
  6
BYLAYER
 62
  256
 10
1744.662139435865
 20
1916.034462928386
 30
0
  0
VERTEX
  5
137
  8
ARREDI ATTREZZATURE - FURNITURE
  6
BYLAYER
 62
  256
 10
1744.662350533262
 20
1916.032732285544
 30
0
  0
VERTEX
  5
138
  8
ARREDI ATTREZZATURE - FURNITURE
  6
BYLAYER
 62
  256
 10
1744.662584743788
 20
1916.031041369172
 30
0
  0
VERTEX
  5
139
  8
ARREDI ATTREZZATURE - FURNITURE
  6
BYLAYER
 62
  256
 10
1744.66284150321
 20
1916.029394252837
 30
0
  0
VERTEX
  5
13A
  8
ARREDI ATTREZZATURE - FURNITURE
  6
BYLAYER
 62
  256
 10
1744.663120192972
 20
1916.027794904584
 30
0
  0
VERTEX
  5
13B
  8
ARREDI ATTREZZATURE - FURNITURE
  6
BYLAYER
 62
  256
 10
1744.663420141684
 20
1916.026247177386
 30
0
  0
VERTEX
  5
13C
  8
ARREDI ATTREZZATURE - FURNITURE
  6
BYLAYER
 62
  256
 10
1744.663740626746
 20
1916.024754799851
 30
0
  0
VERTEX
  5
13D
  8
ARREDI ATTREZZATURE - FURNITURE
  6
BYLAYER
 62
  256
 10
1744.66408087608
 20
1916.023321367247
 30
0
  0
VERTEX
  5
13E
  8
ARREDI ATTREZZATURE - FURNITURE
  6
BYLAYER
 62
  256
 10
1744.664440069995
 20
1916.021950332841
 30
0
  0
VERTEX
  5
13F
  8
ARREDI ATTREZZATURE - FURNITURE
  6
BYLAYER
 62
  256
 10
1744.664817343163
 20
1916.020644999573
 30
0
  0
VERTEX
  5
140
  8
ARREDI ATTREZZATURE - FURNITURE
  6
BYLAYER
 62
  256
 10
1744.665211786698
 20
1916.019408512106
 30
0
  0
VERTEX
  5
141
  8
ARREDI ATTREZZATURE - FURNITURE
  6
BYLAYER
 62
  256
 10
1744.665622450353
 20
1916.018243849247
 30
0
  0
VERTEX
  5
142
  8
ARREDI ATTREZZATURE - FURNITURE
  6
BYLAYER
 62
  256
 10
1744.666048344802
 20
1916.01715381677
 30
0
  0
VERTEX
  5
143
  8
ARREDI ATTREZZATURE - FURNITURE
  6
BYLAYER
 62
  256
 10
1744.666488444028
 20
1916.016141040659
 30
0
  0
VERTEX
  5
144
  8
ARREDI ATTREZZATURE - FURNITURE
  6
BYLAYER
 62
  256
 10
1744.666941687793
 20
1916.01520796078
 30
0
  0
VERTEX
  5
145
  8
ARREDI ATTREZZATURE - FURNITURE
  6
BYLAYER
 62
  256
 10
1744.667406984195
 20
1916.014356825004
 30
0
  0
VERTEX
  5
146
  8
ARREDI ATTREZZATURE - FURNITURE
  6
BYLAYER
 62
  256
 10
1744.667883212293
 20
1916.013589683793
 30
0
  0
VERTEX
  5
147
  8
ARREDI ATTREZZATURE - FURNITURE
  6
BYLAYER
 62
  256
 10
1744.668369224811
 20
1916.012908385257
 30
0
  0
VERTEX
  5
148
  8
ARREDI ATTREZZATURE - FURNITURE
  6
BYLAYER
 62
  256
 10
1744.668863850903
 20
1916.012314570702
 30
0
  0
VERTEX
  5
149
  8
ARREDI ATTREZZATURE - FURNITURE
  6
BYLAYER
 62
  256
 10
1744.669365898971
 20
1916.011809670682
 30
0
  0
VERTEX
  5
14A
  8
ARREDI ATTREZZATURE - FURNITURE
  6
BYLAYER
 62
  256
 10
1744.669874159539
 20
1916.011394901543
 30
0
  0
VERTEX
  5
14B
  8
ARREDI ATTREZZATURE - FURNITURE
  6
BYLAYER
 62
  256
 10
1744.67038740816
 20
1916.011071262502
 30
0
  0
VERTEX
  5
14C
  8
ARREDI ATTREZZATURE - FURNITURE
  6
BYLAYER
 62
  256
 10
1744.670904408376
 20
1916.010839533232
 30
0
  0
VERTEX
  5
14D
  8
ARREDI ATTREZZATURE - FURNITURE
  6
BYLAYER
 62
  256
 10
1744.671423914686
 20
1916.010700271991
 30
0
  0
SEQEND
  5
14E
  8
ARREDI ATTREZZATURE - FURNITURE
  6
BYLAYER
 62
  256
  0
CIRCLE
  5
14F
  8
ARREDI ATTREZZATURE - FURNITURE
  6
BYLAYER
 62
  256
 10
1744.719855578467
 20
1917.262407587297
 40
0.02130349242293051
  0
LINE
  5
150
  8
ARREDI ATTREZZATURE - FURNITURE
  6
BYLAYER
 62
  256
 10
1744.691763486155
 20
1917.262407587297
 11
1744.657386174666
 21
1917.262407587297
  0
LINE
  5
151
  8
ARREDI ATTREZZATURE - FURNITURE
  6
BYLAYER
 62
  256
 10
1744.719855578467
 20
1917.234315494984
 11
1744.719855578467
 21
1917.199938183496
  0
LINE
  5
152
  8
ARREDI ATTREZZATURE - FURNITURE
  6
BYLAYER
 62
  256
 10
1744.747947670779
 20
1917.262407587297
 11
1744.782324982267
 21
1917.262407587297
  0
LINE
  5
153
  8
ARREDI ATTREZZATURE - FURNITURE
  6
BYLAYER
 62
  256
 10
1744.719855578467
 20
1917.290499679609
 11
1744.719855578467
 21
1917.324876991097
  0
CIRCLE
  5
154
  8
ARREDI ATTREZZATURE - FURNITURE
  6
BYLAYER
 62
  256
 10
1744.951447908571
 20
1917.262407587297
 40
0.02130349242293051
  0
LINE
  5
155
  8
ARREDI ATTREZZATURE - FURNITURE
  6
BYLAYER
 62
  256
 10
1744.92335581626
 20
1917.262407587297
 11
1744.888978504771
 21
1917.262407587297
  0
LINE
  5
156
  8
ARREDI ATTREZZATURE - FURNITURE
  6
BYLAYER
 62
  256
 10
1744.951447908571
 20
1917.234315494984
 11
1744.951447908571
 21
1917.199938183496
  0
LINE
  5
157
  8
ARREDI ATTREZZATURE - FURNITURE
  6
BYLAYER
 62
  256
 10
1744.979540000884
 20
1917.262407587297
 11
1745.013917312372
 21
1917.262407587297
  0
LINE
  5
158
  8
ARREDI ATTREZZATURE - FURNITURE
  6
BYLAYER
 62
  256
 10
1744.951447908571
 20
1917.290499679609
 11
1744.951447908571
 21
1917.324876991097
  0
LINE
  5
159
  8
ARREDI ATTREZZATURE - FURNITURE
  6
BYLAYER
 62
  256
 10
1744.591549079881
 20
1916.832334621698
 11
1744.591549079881
 21
1917.665114322778
  0
CIRCLE
  5
15A
  8
ARREDI ATTREZZATURE - FURNITURE
  6
BYLAYER
 62
  256
 10
1744.719855578467
 20
1917.019849622637
 40
0.02130349242293051
  0
LINE
  5
15B
  8
ARREDI ATTREZZATURE - FURNITURE
  6
BYLAYER
 62
  256
 10
1744.691763486155
 20
1917.019849622637
 11
1744.657386174666
 21
1917.019849622637
  0
LINE
  5
15C
  8
ARREDI ATTREZZATURE - FURNITURE
  6
BYLAYER
 62
  256
 10
1744.719855578467
 20
1916.991757530325
 11
1744.719855578467
 21
1916.957380218836
  0
LINE
  5
15D
  8
ARREDI ATTREZZATURE - FURNITURE
  6
BYLAYER
 62
  256
 10
1744.747947670779
 20
1917.019849622637
 11
1744.782324982267
 21
1917.019849622637
  0
LINE
  5
15E
  8
ARREDI ATTREZZATURE - FURNITURE
  6
BYLAYER
 62
  256
 10
1744.719855578467
 20
1917.047941714949
 11
1744.719855578467
 21
1917.082319026437
  0
CIRCLE
  5
15F
  8
ARREDI ATTREZZATURE - FURNITURE
  6
BYLAYER
 62
  256
 10
1744.951447908571
 20
1917.019849622637
 40
0.02130349242293051
  0
LINE
  5
160
  8
ARREDI ATTREZZATURE - FURNITURE
  6
BYLAYER
 62
  256
 10
1744.92335581626
 20
1917.019849622637
 11
1744.888978504771
 21
1917.019849622637
  0
LINE
  5
161
  8
ARREDI ATTREZZATURE - FURNITURE
  6
BYLAYER
 62
  256
 10
1744.951447908571
 20
1916.991757530325
 11
1744.951447908571
 21
1916.957380218836
  0
LINE
  5
162
  8
ARREDI ATTREZZATURE - FURNITURE
  6
BYLAYER
 62
  256
 10
1744.979540000884
 20
1917.019849622637
 11
1745.013917312372
 21
1917.019849622637
  0
LINE
  5
163
  8
ARREDI ATTREZZATURE - FURNITURE
  6
BYLAYER
 62
  256
 10
1744.951447908571
 20
1917.047941714949
 11
1744.951447908571
 21
1917.082319026437
  0
POLYLINE
  5
164
  8
ARREDI ATTREZZATURE - FURNITURE
  6
BYLAYER
 62
  256
 66
    1
 10
0
 20
0
 30
0
 70
    1
  0
VERTEX
  5
165
  8
ARREDI ATTREZZATURE - FURNITURE
  6
BYLAYER
 62
  256
 10
1744.671944675554
 20
1916.411866927622
 30
0
  0
VERTEX
  5
166
  8
ARREDI ATTREZZATURE - FURNITURE
  6
BYLAYER
 62
  256
 10
1744.672465436423
 20
1916.411913385342
 30
0
  0
VERTEX
  5
167
  8
ARREDI ATTREZZATURE - FURNITURE
  6
BYLAYER
 62
  256
 10
1744.672984942733
 20
1916.412052646584
 30
0
  0
VERTEX
  5
168
  8
ARREDI ATTREZZATURE - FURNITURE
  6
BYLAYER
 62
  256
 10
1744.673501942948
 20
1916.412284375853
 30
0
  0
VERTEX
  5
169
  8
ARREDI ATTREZZATURE - FURNITURE
  6
BYLAYER
 62
  256
 10
1744.67401519157
 20
1916.412608014894
 30
0
  0
VERTEX
  5
16A
  8
ARREDI ATTREZZATURE - FURNITURE
  6
BYLAYER
 62
  256
 10
1744.674523452137
 20
1916.413022784033
 30
0
  0
VERTEX
  5
16B
  8
ARREDI ATTREZZATURE - FURNITURE
  6
BYLAYER
 62
  256
 10
1744.675025500205
 20
1916.413527684054
 30
0
  0
VERTEX
  5
16C
  8
ARREDI ATTREZZATURE - FURNITURE
  6
BYLAYER
 62
  256
 10
1744.675520126298
 20
1916.414121498608
 30
0
  0
VERTEX
  5
16D
  8
ARREDI ATTREZZATURE - FURNITURE
  6
BYLAYER
 62
  256
 10
1744.676006138816
 20
1916.414802797145
 30
0
  0
VERTEX
  5
16E
  8
ARREDI ATTREZZATURE - FURNITURE
  6
BYLAYER
 62
  256
 10
1744.676482366913
 20
1916.415569938356
 30
0
  0
VERTEX
  5
16F
  8
ARREDI ATTREZZATURE - FURNITURE
  6
BYLAYER
 62
  256
 10
1744.676947663315
 20
1916.416421074131
 30
0
  0
VERTEX
  5
170
  8
ARREDI ATTREZZATURE - FURNITURE
  6
BYLAYER
 62
  256
 10
1744.67740090708
 20
1916.41735415401
 30
0
  0
VERTEX
  5
171
  8
ARREDI ATTREZZATURE - FURNITURE
  6
BYLAYER
 62
  256
 10
1744.677841006307
 20
1916.418366930121
 30
0
  0
VERTEX
  5
172
  8
ARREDI ATTREZZATURE - FURNITURE
  6
BYLAYER
 62
  256
 10
1744.678266900755
 20
1916.419456962598
 30
0
  0
VERTEX
  5
173
  8
ARREDI ATTREZZATURE - FURNITURE
  6
BYLAYER
 62
  256
 10
1744.67867756441
 20
1916.420621625458
 30
0
  0
VERTEX
  5
174
  8
ARREDI ATTREZZATURE - FURNITURE
  6
BYLAYER
 62
  256
 10
1744.679072007946
 20
1916.421858112925
 30
0
  0
VERTEX
  5
175
  8
ARREDI ATTREZZATURE - FURNITURE
  6
BYLAYER
 62
  256
 10
1744.679449281113
 20
1916.423163446192
 30
0
  0
VERTEX
  5
176
  8
ARREDI ATTREZZATURE - FURNITURE
  6
BYLAYER
 62
  256
 10
1744.679808475029
 20
1916.424534480599
 30
0
  0
VERTEX
  5
177
  8
ARREDI ATTREZZATURE - FURNITURE
  6
BYLAYER
 62
  256
 10
1744.680148724363
 20
1916.425967913202
 30
0
  0
VERTEX
  5
178
  8
ARREDI ATTREZZATURE - FURNITURE
  6
BYLAYER
 62
  256
 10
1744.680469209424
 20
1916.427460290737
 30
0
  0
VERTEX
  5
179
  8
ARREDI ATTREZZATURE - FURNITURE
  6
BYLAYER
 62
  256
 10
1744.680769158137
 20
1916.429008017936
 30
0
  0
VERTEX
  5
17A
  8
ARREDI ATTREZZATURE - FURNITURE
  6
BYLAYER
 62
  256
 10
1744.681047847898
 20
1916.430607366188
 30
0
  0
VERTEX
  5
17B
  8
ARREDI ATTREZZATURE - FURNITURE
  6
BYLAYER
 62
  256
 10
1744.68130460732
 20
1916.432254482524
 30
0
  0
VERTEX
  5
17C
  8
ARREDI ATTREZZATURE - FURNITURE
  6
BYLAYER
 62
  256
 10
1744.681538817847
 20
1916.433945398895
 30
0
  0
VERTEX
  5
17D
  8
ARREDI ATTREZZATURE - FURNITURE
  6
BYLAYER
 62
  256
 10
1744.681749915244
 20
1916.435676041737
 30
0
  0
VERTEX
  5
17E
  8
ARREDI ATTREZZATURE - FURNITURE
  6
BYLAYER
 62
  256
 10
1744.68193739096
 20
1916.437442241779
 30
0
  0
VERTEX
  5
17F
  8
ARREDI ATTREZZATURE - FURNITURE
  6
BYLAYER
 62
  256
 10
1744.682100793349
 20
1916.43923974409
 30
0
  0
VERTEX
  5
180
  8
ARREDI ATTREZZATURE - FURNITURE
  6
BYLAYER
 62
  256
 10
1744.682239728761
 20
1916.44106421833
 30
0
  0
VERTEX
  5
181
  8
ARREDI ATTREZZATURE - FURNITURE
  6
BYLAYER
 62
  256
 10
1744.682353862488
 20
1916.442911269181
 30
0
  0
VERTEX
  5
182
  8
ARREDI ATTREZZATURE - FURNITURE
  6
BYLAYER
 62
  256
 10
1744.682442919572
 20
1916.444776446935
 30
0
  0
VERTEX
  5
183
  8
ARREDI ATTREZZATURE - FURNITURE
  6
BYLAYER
 62
  256
 10
1744.682506685467
 20
1916.446655258216
 30
0
  0
VERTEX
  5
184
  8
ARREDI ATTREZZATURE - FURNITURE
  6
BYLAYER
 62
  256
 10
1744.682545006554
 20
1916.448543176802
 30
0
  0
VERTEX
  5
185
  8
ARREDI ATTREZZATURE - FURNITURE
  6
BYLAYER
 62
  256
 10
1744.682557790516
 20
1916.450435654534
 30
0
  0
VERTEX
  5
186
  8
ARREDI ATTREZZATURE - FURNITURE
  6
BYLAYER
 62
  256
 10
1744.682545006554
 20
1916.452328132265
 30
0
  0
VERTEX
  5
187
  8
ARREDI ATTREZZATURE - FURNITURE
  6
BYLAYER
 62
  256
 10
1744.682506685467
 20
1916.454216050852
 30
0
  0
VERTEX
  5
188
  8
ARREDI ATTREZZATURE - FURNITURE
  6
BYLAYER
 62
  256
 10
1744.682442919572
 20
1916.456094862132
 30
0
  0
VERTEX
  5
189
  8
ARREDI ATTREZZATURE - FURNITURE
  6
BYLAYER
 62
  256
 10
1744.682353862488
 20
1916.457960039887
 30
0
  0
VERTEX
  5
18A
  8
ARREDI ATTREZZATURE - FURNITURE
  6
BYLAYER
 62
  256
 10
1744.682239728761
 20
1916.459807090737
 30
0
  0
VERTEX
  5
18B
  8
ARREDI ATTREZZATURE - FURNITURE
  6
BYLAYER
 62
  256
 10
1744.682100793349
 20
1916.461631564977
 30
0
  0
VERTEX
  5
18C
  8
ARREDI ATTREZZATURE - FURNITURE
  6
BYLAYER
 62
  256
 10
1744.68193739096
 20
1916.463429067288
 30
0
  0
VERTEX
  5
18D
  8
ARREDI ATTREZZATURE - FURNITURE
  6
BYLAYER
 62
  256
 10
1744.681749915244
 20
1916.46519526733
 30
0
  0
VERTEX
  5
18E
  8
ARREDI ATTREZZATURE - FURNITURE
  6
BYLAYER
 62
  256
 10
1744.681538817847
 20
1916.466925910172
 30
0
  0
VERTEX
  5
18F
  8
ARREDI ATTREZZATURE - FURNITURE
  6
BYLAYER
 62
  256
 10
1744.68130460732
 20
1916.468616826543
 30
0
  0
VERTEX
  5
190
  8
ARREDI ATTREZZATURE - FURNITURE
  6
BYLAYER
 62
  256
 10
1744.681047847898
 20
1916.470263942879
 30
0
  0
VERTEX
  5
191
  8
ARREDI ATTREZZATURE - FURNITURE
  6
BYLAYER
 62
  256
 10
1744.680769158137
 20
1916.471863291131
 30
0
  0
VERTEX
  5
192
  8
ARREDI ATTREZZATURE - FURNITURE
  6
BYLAYER
 62
  256
 10
1744.680469209424
 20
1916.47341101833
 30
0
  0
VERTEX
  5
193
  8
ARREDI ATTREZZATURE - FURNITURE
  6
BYLAYER
 62
  256
 10
1744.680148724363
 20
1916.474903395865
 30
0
  0
VERTEX
  5
194
  8
ARREDI ATTREZZATURE - FURNITURE
  6
BYLAYER
 62
  256
 10
1744.679808475029
 20
1916.476336828468
 30
0
  0
VERTEX
  5
195
  8
ARREDI ATTREZZATURE - FURNITURE
  6
BYLAYER
 62
  256
 10
1744.679449281113
 20
1916.477707862875
 30
0
  0
VERTEX
  5
196
  8
ARREDI ATTREZZATURE - FURNITURE
  6
BYLAYER
 62
  256
 10
1744.679072007946
 20
1916.479013196142
 30
0
  0
VERTEX
  5
197
  8
ARREDI ATTREZZATURE - FURNITURE
  6
BYLAYER
 62
  256
 10
1744.67867756441
 20
1916.480249683609
 30
0
  0
VERTEX
  5
198
  8
ARREDI ATTREZZATURE - FURNITURE
  6
BYLAYER
 62
  256
 10
1744.678266900755
 20
1916.481414346469
 30
0
  0
VERTEX
  5
199
  8
ARREDI ATTREZZATURE - FURNITURE
  6
BYLAYER
 62
  256
 10
1744.677841006307
 20
1916.482504378946
 30
0
  0
VERTEX
  5
19A
  8
ARREDI ATTREZZATURE - FURNITURE
  6
BYLAYER
 62
  256
 10
1744.67740090708
 20
1916.483517155057
 30
0
  0
VERTEX
  5
19B
  8
ARREDI ATTREZZATURE - FURNITURE
  6
BYLAYER
 62
  256
 10
1744.676947663315
 20
1916.484450234936
 30
0
  0
VERTEX
  5
19C
  8
ARREDI ATTREZZATURE - FURNITURE
  6
BYLAYER
 62
  256
 10
1744.676482366913
 20
1916.485301370711
 30
0
  0
VERTEX
  5
19D
  8
ARREDI ATTREZZATURE - FURNITURE
  6
BYLAYER
 62
  256
 10
1744.676006138816
 20
1916.486068511922
 30
0
  0
VERTEX
  5
19E
  8
ARREDI ATTREZZATURE - FURNITURE
  6
BYLAYER
 62
  256
 10
1744.675520126298
 20
1916.486749810459
 30
0
  0
VERTEX
  5
19F
  8
ARREDI ATTREZZATURE - FURNITURE
  6
BYLAYER
 62
  256
 10
1744.675025500205
 20
1916.487343625013
 30
0
  0
VERTEX
  5
1A0
  8
ARREDI ATTREZZATURE - FURNITURE
  6
BYLAYER
 62
  256
 10
1744.674523452137
 20
1916.487848525034
 30
0
  0
VERTEX
  5
1A1
  8
ARREDI ATTREZZATURE - FURNITURE
  6
BYLAYER
 62
  256
 10
1744.67401519157
 20
1916.488263294173
 30
0
  0
VERTEX
  5
1A2
  8
ARREDI ATTREZZATURE - FURNITURE
  6
BYLAYER
 62
  256
 10
1744.673501942948
 20
1916.488586933214
 30
0
  0
VERTEX
  5
1A3
  8
ARREDI ATTREZZATURE - FURNITURE
  6
BYLAYER
 62
  256
 10
1744.672984942733
 20
1916.488818662483
 30
0
  0
VERTEX
  5
1A4
  8
ARREDI ATTREZZATURE - FURNITURE
  6
BYLAYER
 62
  256
 10
1744.672465436423
 20
1916.488957923725
 30
0
  0
VERTEX
  5
1A5
  8
ARREDI ATTREZZATURE - FURNITURE
  6
BYLAYER
 62
  256
 10
1744.671944675554
 20
1916.489004381446
 30
0
  0
VERTEX
  5
1A6
  8
ARREDI ATTREZZATURE - FURNITURE
  6
BYLAYER
 62
  256
 10
1744.671423914686
 20
1916.488957923725
 30
0
  0
VERTEX
  5
1A7
  8
ARREDI ATTREZZATURE - FURNITURE
  6
BYLAYER
 62
  256
 10
1744.670904408376
 20
1916.488818662483
 30
0
  0
VERTEX
  5
1A8
  8
ARREDI ATTREZZATURE - FURNITURE
  6
BYLAYER
 62
  256
 10
1744.67038740816
 20
1916.488586933214
 30
0
  0
VERTEX
  5
1A9
  8
ARREDI ATTREZZATURE - FURNITURE
  6
BYLAYER
 62
  256
 10
1744.669874159539
 20
1916.488263294173
 30
0
  0
VERTEX
  5
1AA
  8
ARREDI ATTREZZATURE - FURNITURE
  6
BYLAYER
 62
  256
 10
1744.669365898971
 20
1916.487848525034
 30
0
  0
VERTEX
  5
1AB
  8
ARREDI ATTREZZATURE - FURNITURE
  6
BYLAYER
 62
  256
 10
1744.668863850903
 20
1916.487343625013
 30
0
  0
VERTEX
  5
1AC
  8
ARREDI ATTREZZATURE - FURNITURE
  6
BYLAYER
 62
  256
 10
1744.668369224811
 20
1916.486749810459
 30
0
  0
VERTEX
  5
1AD
  8
ARREDI ATTREZZATURE - FURNITURE
  6
BYLAYER
 62
  256
 10
1744.667883212293
 20
1916.486068511922
 30
0
  0
VERTEX
  5
1AE
  8
ARREDI ATTREZZATURE - FURNITURE
  6
BYLAYER
 62
  256
 10
1744.667406984195
 20
1916.485301370711
 30
0
  0
VERTEX
  5
1AF
  8
ARREDI ATTREZZATURE - FURNITURE
  6
BYLAYER
 62
  256
 10
1744.666941687793
 20
1916.484450234936
 30
0
  0
VERTEX
  5
1B0
  8
ARREDI ATTREZZATURE - FURNITURE
  6
BYLAYER
 62
  256
 10
1744.666488444028
 20
1916.483517155057
 30
0
  0
VERTEX
  5
1B1
  8
ARREDI ATTREZZATURE - FURNITURE
  6
BYLAYER
 62
  256
 10
1744.666048344802
 20
1916.482504378946
 30
0
  0
VERTEX
  5
1B2
  8
ARREDI ATTREZZATURE - FURNITURE
  6
BYLAYER
 62
  256
 10
1744.665622450353
 20
1916.481414346469
 30
0
  0
VERTEX
  5
1B3
  8
ARREDI ATTREZZATURE - FURNITURE
  6
BYLAYER
 62
  256
 10
1744.665211786698
 20
1916.480249683609
 30
0
  0
VERTEX
  5
1B4
  8
ARREDI ATTREZZATURE - FURNITURE
  6
BYLAYER
 62
  256
 10
1744.664817343163
 20
1916.479013196142
 30
0
  0
VERTEX
  5
1B5
  8
ARREDI ATTREZZATURE - FURNITURE
  6
BYLAYER
 62
  256
 10
1744.664440069995
 20
1916.477707862875
 30
0
  0
VERTEX
  5
1B6
  8
ARREDI ATTREZZATURE - FURNITURE
  6
BYLAYER
 62
  256
 10
1744.66408087608
 20
1916.476336828468
 30
0
  0
VERTEX
  5
1B7
  8
ARREDI ATTREZZATURE - FURNITURE
  6
BYLAYER
 62
  256
 10
1744.663740626746
 20
1916.474903395865
 30
0
  0
VERTEX
  5
1B8
  8
ARREDI ATTREZZATURE - FURNITURE
  6
BYLAYER
 62
  256
 10
1744.663420141684
 20
1916.47341101833
 30
0
  0
VERTEX
  5
1B9
  8
ARREDI ATTREZZATURE - FURNITURE
  6
BYLAYER
 62
  256
 10
1744.663120192972
 20
1916.471863291131
 30
0
  0
VERTEX
  5
1BA
  8
ARREDI ATTREZZATURE - FURNITURE
  6
BYLAYER
 62
  256
 10
1744.66284150321
 20
1916.470263942879
 30
0
  0
VERTEX
  5
1BB
  8
ARREDI ATTREZZATURE - FURNITURE
  6
BYLAYER
 62
  256
 10
1744.662584743788
 20
1916.468616826543
 30
0
  0
VERTEX
  5
1BC
  8
ARREDI ATTREZZATURE - FURNITURE
  6
BYLAYER
 62
  256
 10
1744.662350533262
 20
1916.466925910172
 30
0
  0
VERTEX
  5
1BD
  8
ARREDI ATTREZZATURE - FURNITURE
  6
BYLAYER
 62
  256
 10
1744.662139435865
 20
1916.46519526733
 30
0
  0
VERTEX
  5
1BE
  8
ARREDI ATTREZZATURE - FURNITURE
  6
BYLAYER
 62
  256
 10
1744.661951960149
 20
1916.463429067288
 30
0
  0
VERTEX
  5
1BF
  8
ARREDI ATTREZZATURE - FURNITURE
  6
BYLAYER
 62
  256
 10
1744.661788557759
 20
1916.461631564977
 30
0
  0
VERTEX
  5
1C0
  8
ARREDI ATTREZZATURE - FURNITURE
  6
BYLAYER
 62
  256
 10
1744.661649622347
 20
1916.459807090737
 30
0
  0
VERTEX
  5
1C1
  8
ARREDI ATTREZZATURE - FURNITURE
  6
BYLAYER
 62
  256
 10
1744.66153548862
 20
1916.457960039887
 30
0
  0
VERTEX
  5
1C2
  8
ARREDI ATTREZZATURE - FURNITURE
  6
BYLAYER
 62
  256
 10
1744.661446431536
 20
1916.456094862132
 30
0
  0
VERTEX
  5
1C3
  8
ARREDI ATTREZZATURE - FURNITURE
  6
BYLAYER
 62
  256
 10
1744.661382665642
 20
1916.454216050852
 30
0
  0
VERTEX
  5
1C4
  8
ARREDI ATTREZZATURE - FURNITURE
  6
BYLAYER
 62
  256
 10
1744.661344344554
 20
1916.452328132265
 30
0
  0
VERTEX
  5
1C5
  8
ARREDI ATTREZZATURE - FURNITURE
  6
BYLAYER
 62
  256
 10
1744.661331560592
 20
1916.450435654534
 30
0
  0
VERTEX
  5
1C6
  8
ARREDI ATTREZZATURE - FURNITURE
  6
BYLAYER
 62
  256
 10
1744.661344344554
 20
1916.448543176802
 30
0
  0
VERTEX
  5
1C7
  8
ARREDI ATTREZZATURE - FURNITURE
  6
BYLAYER
 62
  256
 10
1744.661382665642
 20
1916.446655258216
 30
0
  0
VERTEX
  5
1C8
  8
ARREDI ATTREZZATURE - FURNITURE
  6
BYLAYER
 62
  256
 10
1744.661446431536
 20
1916.444776446935
 30
0
  0
VERTEX
  5
1C9
  8
ARREDI ATTREZZATURE - FURNITURE
  6
BYLAYER
 62
  256
 10
1744.66153548862
 20
1916.442911269181
 30
0
  0
VERTEX
  5
1CA
  8
ARREDI ATTREZZATURE - FURNITURE
  6
BYLAYER
 62
  256
 10
1744.661649622347
 20
1916.44106421833
 30
0
  0
VERTEX
  5
1CB
  8
ARREDI ATTREZZATURE - FURNITURE
  6
BYLAYER
 62
  256
 10
1744.661788557759
 20
1916.43923974409
 30
0
  0
VERTEX
  5
1CC
  8
ARREDI ATTREZZATURE - FURNITURE
  6
BYLAYER
 62
  256
 10
1744.661951960149
 20
1916.437442241779
 30
0
  0
VERTEX
  5
1CD
  8
ARREDI ATTREZZATURE - FURNITURE
  6
BYLAYER
 62
  256
 10
1744.662139435865
 20
1916.435676041737
 30
0
  0
VERTEX
  5
1CE
  8
ARREDI ATTREZZATURE - FURNITURE
  6
BYLAYER
 62
  256
 10
1744.662350533262
 20
1916.433945398895
 30
0
  0
VERTEX
  5
1CF
  8
ARREDI ATTREZZATURE - FURNITURE
  6
BYLAYER
 62
  256
 10
1744.662584743788
 20
1916.432254482524
 30
0
  0
VERTEX
  5
1D0
  8
ARREDI ATTREZZATURE - FURNITURE
  6
BYLAYER
 62
  256
 10
1744.66284150321
 20
1916.430607366188
 30
0
  0
VERTEX
  5
1D1
  8
ARREDI ATTREZZATURE - FURNITURE
  6
BYLAYER
 62
  256
 10
1744.663120192972
 20
1916.429008017936
 30
0
  0
VERTEX
  5
1D2
  8
ARREDI ATTREZZATURE - FURNITURE
  6
BYLAYER
 62
  256
 10
1744.663420141684
 20
1916.427460290737
 30
0
  0
VERTEX
  5
1D3
  8
ARREDI ATTREZZATURE - FURNITURE
  6
BYLAYER
 62
  256
 10
1744.663740626746
 20
1916.425967913202
 30
0
  0
VERTEX
  5
1D4
  8
ARREDI ATTREZZATURE - FURNITURE
  6
BYLAYER
 62
  256
 10
1744.66408087608
 20
1916.424534480599
 30
0
  0
VERTEX
  5
1D5
  8
ARREDI ATTREZZATURE - FURNITURE
  6
BYLAYER
 62
  256
 10
1744.664440069995
 20
1916.423163446192
 30
0
  0
VERTEX
  5
1D6
  8
ARREDI ATTREZZATURE - FURNITURE
  6
BYLAYER
 62
  256
 10
1744.664817343163
 20
1916.421858112925
 30
0
  0
VERTEX
  5
1D7
  8
ARREDI ATTREZZATURE - FURNITURE
  6
BYLAYER
 62
  256
 10
1744.665211786698
 20
1916.420621625458
 30
0
  0
VERTEX
  5
1D8
  8
ARREDI ATTREZZATURE - FURNITURE
  6
BYLAYER
 62
  256
 10
1744.665622450353
 20
1916.419456962598
 30
0
  0
VERTEX
  5
1D9
  8
ARREDI ATTREZZATURE - FURNITURE
  6
BYLAYER
 62
  256
 10
1744.666048344802
 20
1916.418366930121
 30
0
  0
VERTEX
  5
1DA
  8
ARREDI ATTREZZATURE - FURNITURE
  6
BYLAYER
 62
  256
 10
1744.666488444028
 20
1916.41735415401
 30
0
  0
VERTEX
  5
1DB
  8
ARREDI ATTREZZATURE - FURNITURE
  6
BYLAYER
 62
  256
 10
1744.666941687793
 20
1916.416421074131
 30
0
  0
VERTEX
  5
1DC
  8
ARREDI ATTREZZATURE - FURNITURE
  6
BYLAYER
 62
  256
 10
1744.667406984195
 20
1916.415569938356
 30
0
  0
VERTEX
  5
1DD
  8
ARREDI ATTREZZATURE - FURNITURE
  6
BYLAYER
 62
  256
 10
1744.667883212293
 20
1916.414802797145
 30
0
  0
VERTEX
  5
1DE
  8
ARREDI ATTREZZATURE - FURNITURE
  6
BYLAYER
 62
  256
 10
1744.668369224811
 20
1916.414121498608
 30
0
  0
VERTEX
  5
1DF
  8
ARREDI ATTREZZATURE - FURNITURE
  6
BYLAYER
 62
  256
 10
1744.668863850903
 20
1916.413527684054
 30
0
  0
VERTEX
  5
1E0
  8
ARREDI ATTREZZATURE - FURNITURE
  6
BYLAYER
 62
  256
 10
1744.669365898971
 20
1916.413022784033
 30
0
  0
VERTEX
  5
1E1
  8
ARREDI ATTREZZATURE - FURNITURE
  6
BYLAYER
 62
  256
 10
1744.669874159539
 20
1916.412608014894
 30
0
  0
VERTEX
  5
1E2
  8
ARREDI ATTREZZATURE - FURNITURE
  6
BYLAYER
 62
  256
 10
1744.67038740816
 20
1916.412284375853
 30
0
  0
VERTEX
  5
1E3
  8
ARREDI ATTREZZATURE - FURNITURE
  6
BYLAYER
 62
  256
 10
1744.670904408376
 20
1916.412052646584
 30
0
  0
VERTEX
  5
1E4
  8
ARREDI ATTREZZATURE - FURNITURE
  6
BYLAYER
 62
  256
 10
1744.671423914686
 20
1916.411913385342
 30
0
  0
SEQEND
  5
1E5
  8
ARREDI ATTREZZATURE - FURNITURE
  6
BYLAYER
 62
  256
  0
POLYLINE
  5
1E6
  8
ARREDI ATTREZZATURE - FURNITURE
  6
BYLAYER
 62
  256
 66
    1
 10
0
 20
0
 30
0
 70
    1
  0
VERTEX
  5
1E7
  8
ARREDI ATTREZZATURE - FURNITURE
  6
BYLAYER
 62
  256
 10
1744.671944675554
 20
1916.612473484297
 30
0
  0
VERTEX
  5
1E8
  8
ARREDI ATTREZZATURE - FURNITURE
  6
BYLAYER
 62
  256
 10
1744.672465436423
 20
1916.612519942018
 30
0
  0
VERTEX
  5
1E9
  8
ARREDI ATTREZZATURE - FURNITURE
  6
BYLAYER
 62
  256
 10
1744.672984942733
 20
1916.612659203259
 30
0
  0
VERTEX
  5
1EA
  8
ARREDI ATTREZZATURE - FURNITURE
  6
BYLAYER
 62
  256
 10
1744.673501942948
 20
1916.612890932529
 30
0
  0
VERTEX
  5
1EB
  8
ARREDI ATTREZZATURE - FURNITURE
  6
BYLAYER
 62
  256
 10
1744.67401519157
 20
1916.61321457157
 30
0
  0
VERTEX
  5
1EC
  8
ARREDI ATTREZZATURE - FURNITURE
  6
BYLAYER
 62
  256
 10
1744.674523452137
 20
1916.613629340709
 30
0
  0
VERTEX
  5
1ED
  8
ARREDI ATTREZZATURE - FURNITURE
  6
BYLAYER
 62
  256
 10
1744.675025500205
 20
1916.614134240729
 30
0
  0
VERTEX
  5
1EE
  8
ARREDI ATTREZZATURE - FURNITURE
  6
BYLAYER
 62
  256
 10
1744.675520126298
 20
1916.614728055284
 30
0
  0
VERTEX
  5
1EF
  8
ARREDI ATTREZZATURE - FURNITURE
  6
BYLAYER
 62
  256
 10
1744.676006138816
 20
1916.61540935382
 30
0
  0
VERTEX
  5
1F0
  8
ARREDI ATTREZZATURE - FURNITURE
  6
BYLAYER
 62
  256
 10
1744.676482366913
 20
1916.616176495031
 30
0
  0
VERTEX
  5
1F1
  8
ARREDI ATTREZZATURE - FURNITURE
  6
BYLAYER
 62
  256
 10
1744.676947663315
 20
1916.617027630807
 30
0
  0
VERTEX
  5
1F2
  8
ARREDI ATTREZZATURE - FURNITURE
  6
BYLAYER
 62
  256
 10
1744.67740090708
 20
1916.617960710686
 30
0
  0
VERTEX
  5
1F3
  8
ARREDI ATTREZZATURE - FURNITURE
  6
BYLAYER
 62
  256
 10
1744.677841006307
 20
1916.618973486797
 30
0
  0
VERTEX
  5
1F4
  8
ARREDI ATTREZZATURE - FURNITURE
  6
BYLAYER
 62
  256
 10
1744.678266900755
 20
1916.620063519274
 30
0
  0
VERTEX
  5
1F5
  8
ARREDI ATTREZZATURE - FURNITURE
  6
BYLAYER
 62
  256
 10
1744.67867756441
 20
1916.621228182133
 30
0
  0
VERTEX
  5
1F6
  8
ARREDI ATTREZZATURE - FURNITURE
  6
BYLAYER
 62
  256
 10
1744.679072007946
 20
1916.6224646696
 30
0
  0
VERTEX
  5
1F7
  8
ARREDI ATTREZZATURE - FURNITURE
  6
BYLAYER
 62
  256
 10
1744.679449281113
 20
1916.623770002868
 30
0
  0
VERTEX
  5
1F8
  8
ARREDI ATTREZZATURE - FURNITURE
  6
BYLAYER
 62
  256
 10
1744.679808475029
 20
1916.625141037274
 30
0
  0
VERTEX
  5
1F9
  8
ARREDI ATTREZZATURE - FURNITURE
  6
BYLAYER
 62
  256
 10
1744.680148724363
 20
1916.626574469878
 30
0
  0
VERTEX
  5
1FA
  8
ARREDI ATTREZZATURE - FURNITURE
  6
BYLAYER
 62
  256
 10
1744.680469209424
 20
1916.628066847413
 30
0
  0
VERTEX
  5
1FB
  8
ARREDI ATTREZZATURE - FURNITURE
  6
BYLAYER
 62
  256
 10
1744.680769158137
 20
1916.629614574611
 30
0
  0
VERTEX
  5
1FC
  8
ARREDI ATTREZZATURE - FURNITURE
  6
BYLAYER
 62
  256
 10
1744.681047847898
 20
1916.631213922864
 30
0
  0
VERTEX
  5
1FD
  8
ARREDI ATTREZZATURE - FURNITURE
  6
BYLAYER
 62
  256
 10
1744.68130460732
 20
1916.632861039199
 30
0
  0
VERTEX
  5
1FE
  8
ARREDI ATTREZZATURE - FURNITURE
  6
BYLAYER
 62
  256
 10
1744.681538817847
 20
1916.634551955571
 30
0
  0
VERTEX
  5
1FF
  8
ARREDI ATTREZZATURE - FURNITURE
  6
BYLAYER
 62
  256
 10
1744.681749915244
 20
1916.636282598413
 30
0
  0
VERTEX
  5
200
  8
ARREDI ATTREZZATURE - FURNITURE
  6
BYLAYER
 62
  256
 10
1744.68193739096
 20
1916.638048798454
 30
0
  0
VERTEX
  5
201
  8
ARREDI ATTREZZATURE - FURNITURE
  6
BYLAYER
 62
  256
 10
1744.682100793349
 20
1916.639846300765
 30
0
  0
VERTEX
  5
202
  8
ARREDI ATTREZZATURE - FURNITURE
  6
BYLAYER
 62
  256
 10
1744.682239728761
 20
1916.641670775005
 30
0
  0
VERTEX
  5
203
  8
ARREDI ATTREZZATURE - FURNITURE
  6
BYLAYER
 62
  256
 10
1744.682353862488
 20
1916.643517825856
 30
0
  0
VERTEX
  5
204
  8
ARREDI ATTREZZATURE - FURNITURE
  6
BYLAYER
 62
  256
 10
1744.682442919572
 20
1916.64538300361
 30
0
  0
VERTEX
  5
205
  8
ARREDI ATTREZZATURE - FURNITURE
  6
BYLAYER
 62
  256
 10
1744.682506685467
 20
1916.647261814891
 30
0
  0
VERTEX
  5
206
  8
ARREDI ATTREZZATURE - FURNITURE
  6
BYLAYER
 62
  256
 10
1744.682545006554
 20
1916.649149733478
 30
0
  0
VERTEX
  5
207
  8
ARREDI ATTREZZATURE - FURNITURE
  6
BYLAYER
 62
  256
 10
1744.682557790516
 20
1916.651042211209
 30
0
  0
VERTEX
  5
208
  8
ARREDI ATTREZZATURE - FURNITURE
  6
BYLAYER
 62
  256
 10
1744.682545006554
 20
1916.652934688941
 30
0
  0
VERTEX
  5
209
  8
ARREDI ATTREZZATURE - FURNITURE
  6
BYLAYER
 62
  256
 10
1744.682506685467
 20
1916.654822607527
 30
0
  0
VERTEX
  5
20A
  8
ARREDI ATTREZZATURE - FURNITURE
  6
BYLAYER
 62
  256
 10
1744.682442919572
 20
1916.656701418808
 30
0
  0
VERTEX
  5
20B
  8
ARREDI ATTREZZATURE - FURNITURE
  6
BYLAYER
 62
  256
 10
1744.682353862488
 20
1916.658566596562
 30
0
  0
VERTEX
  5
20C
  8
ARREDI ATTREZZATURE - FURNITURE
  6
BYLAYER
 62
  256
 10
1744.682239728761
 20
1916.660413647413
 30
0
  0
VERTEX
  5
20D
  8
ARREDI ATTREZZATURE - FURNITURE
  6
BYLAYER
 62
  256
 10
1744.682100793349
 20
1916.662238121653
 30
0
  0
VERTEX
  5
20E
  8
ARREDI ATTREZZATURE - FURNITURE
  6
BYLAYER
 62
  256
 10
1744.68193739096
 20
1916.664035623964
 30
0
  0
VERTEX
  5
20F
  8
ARREDI ATTREZZATURE - FURNITURE
  6
BYLAYER
 62
  256
 10
1744.681749915244
 20
1916.665801824006
 30
0
  0
VERTEX
  5
210
  8
ARREDI ATTREZZATURE - FURNITURE
  6
BYLAYER
 62
  256
 10
1744.681538817847
 20
1916.667532466847
 30
0
  0
VERTEX
  5
211
  8
ARREDI ATTREZZATURE - FURNITURE
  6
BYLAYER
 62
  256
 10
1744.68130460732
 20
1916.669223383219
 30
0
  0
VERTEX
  5
212
  8
ARREDI ATTREZZATURE - FURNITURE
  6
BYLAYER
 62
  256
 10
1744.681047847898
 20
1916.670870499555
 30
0
  0
VERTEX
  5
213
  8
ARREDI ATTREZZATURE - FURNITURE
  6
BYLAYER
 62
  256
 10
1744.680769158137
 20
1916.672469847807
 30
0
  0
VERTEX
  5
214
  8
ARREDI ATTREZZATURE - FURNITURE
  6
BYLAYER
 62
  256
 10
1744.680469209424
 20
1916.674017575006
 30
0
  0
VERTEX
  5
215
  8
ARREDI ATTREZZATURE - FURNITURE
  6
BYLAYER
 62
  256
 10
1744.680148724363
 20
1916.675509952541
 30
0
  0
VERTEX
  5
216
  8
ARREDI ATTREZZATURE - FURNITURE
  6
BYLAYER
 62
  256
 10
1744.679808475029
 20
1916.676943385144
 30
0
  0
VERTEX
  5
217
  8
ARREDI ATTREZZATURE - FURNITURE
  6
BYLAYER
 62
  256
 10
1744.679449281113
 20
1916.67831441955
 30
0
  0
VERTEX
  5
218
  8
ARREDI ATTREZZATURE - FURNITURE
  6
BYLAYER
 62
  256
 10
1744.679072007946
 20
1916.679619752818
 30
0
  0
VERTEX
  5
219
  8
ARREDI ATTREZZATURE - FURNITURE
  6
BYLAYER
 62
  256
 10
1744.67867756441
 20
1916.680856240285
 30
0
  0
VERTEX
  5
21A
  8
ARREDI ATTREZZATURE - FURNITURE
  6
BYLAYER
 62
  256
 10
1744.678266900755
 20
1916.682020903144
 30
0
  0
VERTEX
  5
21B
  8
ARREDI ATTREZZATURE - FURNITURE
  6
BYLAYER
 62
  256
 10
1744.677841006307
 20
1916.683110935622
 30
0
  0
VERTEX
  5
21C
  8
ARREDI ATTREZZATURE - FURNITURE
  6
BYLAYER
 62
  256
 10
1744.67740090708
 20
1916.684123711733
 30
0
  0
VERTEX
  5
21D
  8
ARREDI ATTREZZATURE - FURNITURE
  6
BYLAYER
 62
  256
 10
1744.676947663315
 20
1916.685056791612
 30
0
  0
VERTEX
  5
21E
  8
ARREDI ATTREZZATURE - FURNITURE
  6
BYLAYER
 62
  256
 10
1744.676482366913
 20
1916.685907927387
 30
0
  0
VERTEX
  5
21F
  8
ARREDI ATTREZZATURE - FURNITURE
  6
BYLAYER
 62
  256
 10
1744.676006138816
 20
1916.686675068598
 30
0
  0
VERTEX
  5
220
  8
ARREDI ATTREZZATURE - FURNITURE
  6
BYLAYER
 62
  256
 10
1744.675520126298
 20
1916.687356367135
 30
0
  0
VERTEX
  5
221
  8
ARREDI ATTREZZATURE - FURNITURE
  6
BYLAYER
 62
  256
 10
1744.675025500205
 20
1916.687950181689
 30
0
  0
VERTEX
  5
222
  8
ARREDI ATTREZZATURE - FURNITURE
  6
BYLAYER
 62
  256
 10
1744.674523452137
 20
1916.68845508171
 30
0
  0
VERTEX
  5
223
  8
ARREDI ATTREZZATURE - FURNITURE
  6
BYLAYER
 62
  256
 10
1744.67401519157
 20
1916.688869850848
 30
0
  0
VERTEX
  5
224
  8
ARREDI ATTREZZATURE - FURNITURE
  6
BYLAYER
 62
  256
 10
1744.673501942948
 20
1916.68919348989
 30
0
  0
VERTEX
  5
225
  8
ARREDI ATTREZZATURE - FURNITURE
  6
BYLAYER
 62
  256
 10
1744.672984942733
 20
1916.689425219159
 30
0
  0
VERTEX
  5
226
  8
ARREDI ATTREZZATURE - FURNITURE
  6
BYLAYER
 62
  256
 10
1744.672465436423
 20
1916.6895644804
 30
0
  0
VERTEX
  5
227
  8
ARREDI ATTREZZATURE - FURNITURE
  6
BYLAYER
 62
  256
 10
1744.671944675554
 20
1916.689610938121
 30
0
  0
VERTEX
  5
228
  8
ARREDI ATTREZZATURE - FURNITURE
  6
BYLAYER
 62
  256
 10
1744.671423914686
 20
1916.6895644804
 30
0
  0
VERTEX
  5
229
  8
ARREDI ATTREZZATURE - FURNITURE
  6
BYLAYER
 62
  256
 10
1744.670904408376
 20
1916.689425219159
 30
0
  0
VERTEX
  5
22A
  8
ARREDI ATTREZZATURE - FURNITURE
  6
BYLAYER
 62
  256
 10
1744.67038740816
 20
1916.68919348989
 30
0
  0
VERTEX
  5
22B
  8
ARREDI ATTREZZATURE - FURNITURE
  6
BYLAYER
 62
  256
 10
1744.669874159539
 20
1916.688869850848
 30
0
  0
VERTEX
  5
22C
  8
ARREDI ATTREZZATURE - FURNITURE
  6
BYLAYER
 62
  256
 10
1744.669365898971
 20
1916.68845508171
 30
0
  0
VERTEX
  5
22D
  8
ARREDI ATTREZZATURE - FURNITURE
  6
BYLAYER
 62
  256
 10
1744.668863850903
 20
1916.687950181689
 30
0
  0
VERTEX
  5
22E
  8
ARREDI ATTREZZATURE - FURNITURE
  6
BYLAYER
 62
  256
 10
1744.668369224811
 20
1916.687356367135
 30
0
  0
VERTEX
  5
22F
  8
ARREDI ATTREZZATURE - FURNITURE
  6
BYLAYER
 62
  256
 10
1744.667883212293
 20
1916.686675068598
 30
0
  0
VERTEX
  5
230
  8
ARREDI ATTREZZATURE - FURNITURE
  6
BYLAYER
 62
  256
 10
1744.667406984195
 20
1916.685907927387
 30
0
  0
VERTEX
  5
231
  8
ARREDI ATTREZZATURE - FURNITURE
  6
BYLAYER
 62
  256
 10
1744.666941687793
 20
1916.685056791612
 30
0
  0
VERTEX
  5
232
  8
ARREDI ATTREZZATURE - FURNITURE
  6
BYLAYER
 62
  256
 10
1744.666488444028
 20
1916.684123711733
 30
0
  0
VERTEX
  5
233
  8
ARREDI ATTREZZATURE - FURNITURE
  6
BYLAYER
 62
  256
 10
1744.666048344802
 20
1916.683110935622
 30
0
  0
VERTEX
  5
234
  8
ARREDI ATTREZZATURE - FURNITURE
  6
BYLAYER
 62
  256
 10
1744.665622450353
 20
1916.682020903144
 30
0
  0
VERTEX
  5
235
  8
ARREDI ATTREZZATURE - FURNITURE
  6
BYLAYER
 62
  256
 10
1744.665211786698
 20
1916.680856240285
 30
0
  0
VERTEX
  5
236
  8
ARREDI ATTREZZATURE - FURNITURE
  6
BYLAYER
 62
  256
 10
1744.664817343163
 20
1916.679619752818
 30
0
  0
VERTEX
  5
237
  8
ARREDI ATTREZZATURE - FURNITURE
  6
BYLAYER
 62
  256
 10
1744.664440069995
 20
1916.67831441955
 30
0
  0
VERTEX
  5
238
  8
ARREDI ATTREZZATURE - FURNITURE
  6
BYLAYER
 62
  256
 10
1744.66408087608
 20
1916.676943385144
 30
0
  0
VERTEX
  5
239
  8
ARREDI ATTREZZATURE - FURNITURE
  6
BYLAYER
 62
  256
 10
1744.663740626746
 20
1916.675509952541
 30
0
  0
VERTEX
  5
23A
  8
ARREDI ATTREZZATURE - FURNITURE
  6
BYLAYER
 62
  256
 10
1744.663420141684
 20
1916.674017575006
 30
0
  0
VERTEX
  5
23B
  8
ARREDI ATTREZZATURE - FURNITURE
  6
BYLAYER
 62
  256
 10
1744.663120192972
 20
1916.672469847807
 30
0
  0
VERTEX
  5
23C
  8
ARREDI ATTREZZATURE - FURNITURE
  6
BYLAYER
 62
  256
 10
1744.66284150321
 20
1916.670870499555
 30
0
  0
VERTEX
  5
23D
  8
ARREDI ATTREZZATURE - FURNITURE
  6
BYLAYER
 62
  256
 10
1744.662584743788
 20
1916.669223383219
 30
0
  0
VERTEX
  5
23E
  8
ARREDI ATTREZZATURE - FURNITURE
  6
BYLAYER
 62
  256
 10
1744.662350533262
 20
1916.667532466847
 30
0
  0
VERTEX
  5
23F
  8
ARREDI ATTREZZATURE - FURNITURE
  6
BYLAYER
 62
  256
 10
1744.662139435865
 20
1916.665801824006
 30
0
  0
VERTEX
  5
240
  8
ARREDI ATTREZZATURE - FURNITURE
  6
BYLAYER
 62
  256
 10
1744.661951960149
 20
1916.664035623964
 30
0
  0
VERTEX
  5
241
  8
ARREDI ATTREZZATURE - FURNITURE
  6
BYLAYER
 62
  256
 10
1744.661788557759
 20
1916.662238121653
 30
0
  0
VERTEX
  5
242
  8
ARREDI ATTREZZATURE - FURNITURE
  6
BYLAYER
 62
  256
 10
1744.661649622347
 20
1916.660413647413
 30
0
  0
VERTEX
  5
243
  8
ARREDI ATTREZZATURE - FURNITURE
  6
BYLAYER
 62
  256
 10
1744.66153548862
 20
1916.658566596562
 30
0
  0
VERTEX
  5
244
  8
ARREDI ATTREZZATURE - FURNITURE
  6
BYLAYER
 62
  256
 10
1744.661446431536
 20
1916.656701418808
 30
0
  0
VERTEX
  5
245
  8
ARREDI ATTREZZATURE - FURNITURE
  6
BYLAYER
 62
  256
 10
1744.661382665642
 20
1916.654822607527
 30
0
  0
VERTEX
  5
246
  8
ARREDI ATTREZZATURE - FURNITURE
  6
BYLAYER
 62
  256
 10
1744.661344344554
 20
1916.652934688941
 30
0
  0
VERTEX
  5
247
  8
ARREDI ATTREZZATURE - FURNITURE
  6
BYLAYER
 62
  256
 10
1744.661331560592
 20
1916.651042211209
 30
0
  0
VERTEX
  5
248
  8
ARREDI ATTREZZATURE - FURNITURE
  6
BYLAYER
 62
  256
 10
1744.661344344554
 20
1916.649149733478
 30
0
  0
VERTEX
  5
249
  8
ARREDI ATTREZZATURE - FURNITURE
  6
BYLAYER
 62
  256
 10
1744.661382665642
 20
1916.647261814891
 30
0
  0
VERTEX
  5
24A
  8
ARREDI ATTREZZATURE - FURNITURE
  6
BYLAYER
 62
  256
 10
1744.661446431536
 20
1916.64538300361
 30
0
  0
VERTEX
  5
24B
  8
ARREDI ATTREZZATURE - FURNITURE
  6
BYLAYER
 62
  256
 10
1744.66153548862
 20
1916.643517825856
 30
0
  0
VERTEX
  5
24C
  8
ARREDI ATTREZZATURE - FURNITURE
  6
BYLAYER
 62
  256
 10
1744.661649622347
 20
1916.641670775005
 30
0
  0
VERTEX
  5
24D
  8
ARREDI ATTREZZATURE - FURNITURE
  6
BYLAYER
 62
  256
 10
1744.661788557759
 20
1916.639846300765
 30
0
  0
VERTEX
  5
24E
  8
ARREDI ATTREZZATURE - FURNITURE
  6
BYLAYER
 62
  256
 10
1744.661951960149
 20
1916.638048798454
 30
0
  0
VERTEX
  5
24F
  8
ARREDI ATTREZZATURE - FURNITURE
  6
BYLAYER
 62
  256
 10
1744.662139435865
 20
1916.636282598413
 30
0
  0
VERTEX
  5
250
  8
ARREDI ATTREZZATURE - FURNITURE
  6
BYLAYER
 62
  256
 10
1744.662350533262
 20
1916.634551955571
 30
0
  0
VERTEX
  5
251
  8
ARREDI ATTREZZATURE - FURNITURE
  6
BYLAYER
 62
  256
 10
1744.662584743788
 20
1916.632861039199
 30
0
  0
VERTEX
  5
252
  8
ARREDI ATTREZZATURE - FURNITURE
  6
BYLAYER
 62
  256
 10
1744.66284150321
 20
1916.631213922864
 30
0
  0
VERTEX
  5
253
  8
ARREDI ATTREZZATURE - FURNITURE
  6
BYLAYER
 62
  256
 10
1744.663120192972
 20
1916.629614574611
 30
0
  0
VERTEX
  5
254
  8
ARREDI ATTREZZATURE - FURNITURE
  6
BYLAYER
 62
  256
 10
1744.663420141684
 20
1916.628066847413
 30
0
  0
VERTEX
  5
255
  8
ARREDI ATTREZZATURE - FURNITURE
  6
BYLAYER
 62
  256
 10
1744.663740626746
 20
1916.626574469878
 30
0
  0
VERTEX
  5
256
  8
ARREDI ATTREZZATURE - FURNITURE
  6
BYLAYER
 62
  256
 10
1744.66408087608
 20
1916.625141037274
 30
0
  0
VERTEX
  5
257
  8
ARREDI ATTREZZATURE - FURNITURE
  6
BYLAYER
 62
  256
 10
1744.664440069995
 20
1916.623770002868
 30
0
  0
VERTEX
  5
258
  8
ARREDI ATTREZZATURE - FURNITURE
  6
BYLAYER
 62
  256
 10
1744.664817343163
 20
1916.6224646696
 30
0
  0
VERTEX
  5
259
  8
ARREDI ATTREZZATURE - FURNITURE
  6
BYLAYER
 62
  256
 10
1744.665211786698
 20
1916.621228182133
 30
0
  0
VERTEX
  5
25A
  8
ARREDI ATTREZZATURE - FURNITURE
  6
BYLAYER
 62
  256
 10
1744.665622450353
 20
1916.620063519274
 30
0
  0
VERTEX
  5
25B
  8
ARREDI ATTREZZATURE - FURNITURE
  6
BYLAYER
 62
  256
 10
1744.666048344802
 20
1916.618973486797
 30
0
  0
VERTEX
  5
25C
  8
ARREDI ATTREZZATURE - FURNITURE
  6
BYLAYER
 62
  256
 10
1744.666488444028
 20
1916.617960710686
 30
0
  0
VERTEX
  5
25D
  8
ARREDI ATTREZZATURE - FURNITURE
  6
BYLAYER
 62
  256
 10
1744.666941687793
 20
1916.617027630807
 30
0
  0
VERTEX
  5
25E
  8
ARREDI ATTREZZATURE - FURNITURE
  6
BYLAYER
 62
  256
 10
1744.667406984195
 20
1916.616176495031
 30
0
  0
VERTEX
  5
25F
  8
ARREDI ATTREZZATURE - FURNITURE
  6
BYLAYER
 62
  256
 10
1744.667883212293
 20
1916.61540935382
 30
0
  0
VERTEX
  5
260
  8
ARREDI ATTREZZATURE - FURNITURE
  6
BYLAYER
 62
  256
 10
1744.668369224811
 20
1916.614728055284
 30
0
  0
VERTEX
  5
261
  8
ARREDI ATTREZZATURE - FURNITURE
  6
BYLAYER
 62
  256
 10
1744.668863850903
 20
1916.614134240729
 30
0
  0
VERTEX
  5
262
  8
ARREDI ATTREZZATURE - FURNITURE
  6
BYLAYER
 62
  256
 10
1744.669365898971
 20
1916.613629340709
 30
0
  0
VERTEX
  5
263
  8
ARREDI ATTREZZATURE - FURNITURE
  6
BYLAYER
 62
  256
 10
1744.669874159539
 20
1916.61321457157
 30
0
  0
VERTEX
  5
264
  8
ARREDI ATTREZZATURE - FURNITURE
  6
BYLAYER
 62
  256
 10
1744.67038740816
 20
1916.612890932529
 30
0
  0
VERTEX
  5
265
  8
ARREDI ATTREZZATURE - FURNITURE
  6
BYLAYER
 62
  256
 10
1744.670904408376
 20
1916.612659203259
 30
0
  0
VERTEX
  5
266
  8
ARREDI ATTREZZATURE - FURNITURE
  6
BYLAYER
 62
  256
 10
1744.671423914686
 20
1916.612519942018
 30
0
  0
SEQEND
  5
267
  8
ARREDI ATTREZZATURE - FURNITURE
  6
BYLAYER
 62
  256
  0
ENDBLK
  8
0
  0
BLOCK
  8
0
  2
LAVANDINO-SINK
 70
   64
 10
0
 20
0
  3
LAVANDINO-SINK
  1

  0
ARC
  5
268
  8
ARREDI ATTREZZATURE - FURNITURE
  6
CONTINUOUS
 62
  256
 10
1748.218452345368
 20
1917.31760933061
 40
0.2679633450034088
 50
323.740506884779
 51
315.5701558223806
  0
CIRCLE
  5
269
  8
ARREDI ATTREZZATURE - FURNITURE
  6
CONTINUOUS
 62
  256
 10
1748.218452345368
 20
1917.31760933061
 40
0.03605416162281472
  0
ARC
  5
26A
  8
ARREDI ATTREZZATURE - FURNITURE
  6
BYLAYER
 62
  256
 10
1748.126792645793
 20
1917.301577639912
 40
0.396569510139786
 50
335.5096652878284
 51
335.5096688356116
  0
ARC
  5
26B
  8
ARREDI ATTREZZATURE - FURNITURE
  6
BYLAYER
 62
  256
 10
1748.476183265215
 20
1917.113978142491
 40
0.0258989393767937
 50
167.7545900145574
 51
135.9222575354771
  0
ARC
  5
26C
  8
ARREDI ATTREZZATURE - FURNITURE
  6
BYLAYER
 62
  256
 10
1748.476183265215
 20
1917.113978142491
 40
0.03619658993235384
 50
162.557533279302
 51
139.9331933795741
  0
LINE
  5
26D
  8
ARREDI ATTREZZATURE - FURNITURE
  6
BYLAYER
 62
  256
 10
1748.472125485456
 20
1917.107127575499
 11
1748.403069604145
 21
1917.147237203815
  0
ARC
  5
26E
  8
ARREDI ATTREZZATURE - FURNITURE
  6
BYLAYER
 62
  256
 10
1748.475735092535
 20
1917.113239430806
 40
0.007098171494458991
 50
239.4342811056233
 51
59.43428110562324
  0
LINE
  5
26F
  8
ARREDI ATTREZZATURE - FURNITURE
  6
BYLAYER
 62
  256
 10
1748.410248250665
 20
1917.159484653779
 11
1748.479344699614
 21
1917.119351286113
  0
ARC
  5
270
  8
ARREDI ATTREZZATURE - FURNITURE
  6
BYLAYER
 62
  256
 10
1748.406683167493
 20
1917.153346720858
 40
0.007098171494685219
 50
59.43428110797141
 51
239.4342811042804
  0
LINE
  5
271
  8
ARREDI ATTREZZATURE - FURNITURE
  6
BYLAYER
 62
  256
 10
1748.459835993505
 20
1917.146273031102
 11
1748.351472452791
 21
1917.201289740988
  0
ARC
  5
272
  8
ARREDI ATTREZZATURE - FURNITURE
  6
BYLAYER
 62
  256
 10
1748.341038434467
 20
1917.191475018457
 40
0.01353187807561833
 50
61.73985931954738
 51
237.9617036496689
  0
ARC
  5
273
  8
ARREDI ATTREZZATURE - FURNITURE
  6
BYLAYER
 62
  256
 10
1748.439226909263
 20
1917.374135111719
 40
0.1938462452917275
 50
241.7398593190339
 51
243.0828678512609
  0
ARC
  5
274
  8
ARREDI ATTREZZATURE - FURNITURE
  6
BYLAYER
 62
  256
 10
1748.231027247418
 20
1917.015681887256
 40
0.1938462452917275
 50
56.61869511802739
 51
57.96170364976842
  0
LINE
  5
275
  8
ARREDI ATTREZZATURE - FURNITURE
  6
BYLAYER
 62
  256
 10
1748.440206492453
 20
1917.109995060218
 11
1748.337683061885
 21
1917.177548820427
  0
ENDBLK
  8
0
  0
BLOCK
  8
0
  2
SET CUCINA - KITCHEN SET
 70
   64
 10
0
 20
0
  3
SET CUCINA - KITCHEN SET
  1

  0
LINE
  5
276
  8
ARREDI ATTREZZATURE - FURNITURE
  6
CONTINUOUS
 62
  256
 10
1743.823963672251
 20
1916.467862831248
 30
0
 11
1743.823963672251
 21
1916.864220376392
 31
4.421718300208356e-75
  0
LINE
  5
277
  8
ARREDI ATTREZZATURE - FURNITURE
  6
CONTINUOUS
 62
  256
 10
1743.823963672251
 20
1917.464220376393
 30
-6.077163357286271e-64
 11
1743.823963672251
 21
1917.957579842305
 31
-6.077163357286271e-64
  0
LINE
  5
278
  8
ARREDI ATTREZZATURE - FURNITURE
  6
CONTINUOUS
 62
  256
 10
1743.82396367225
 20
1917.957579842305
 30
9.172623992353894e-53
 11
1744.423963672257
 21
1917.957579842305
 31
2.792735580852041e-54
  0
INSERT
  5
279
  8
ARREDI ATTREZZATURE - FURNITURE
  6
BYLAYER
 62
    6
  2
PIANO COTTURA ARCHWEB DWG 2024
 10
1743.823963672251
 20
1917.164220376393
 30
0
 41
1
 42
1
 43
1
 50
0
 70
    1
 71
    1
 44
0
 45
0
  0
LINE
  5
27A
  8
ARREDI ATTREZZATURE - FURNITURE
  6
CONTINUOUS
 62
  256
 10
1742.06389294572
 20
1916.467862831248
 11
1743.823963672251
 21
1916.467862831248
  0
INSERT
  5
27B
  8
ARREDI ATTREZZATURE - FURNITURE
  6
CONTINUOUS
 62
  256
  2
A$C3B120AC1
 10
1743.000059615955
 20
1915.952211776987
 30
0
 41
1
 42
1
 43
1
 50
0
 70
    1
 71
    1
 44
0
 45
0
  0
ARC
  5
27C
  8
ARREDI ATTREZZATURE - FURNITURE
  6
CONTINUOUS
 62
  256
 10
1743.000059615956
 20
1916.094570953133
 40
0.03405378523325453
 50
128.0734776248954
 51
231.9265223751047
  0
ARC
  5
27D
  8
ARREDI ATTREZZATURE - FURNITURE
  6
CONTINUOUS
 62
  256
 10
1743.000059615956
 20
1916.094570953133
 40
0.03405378523325453
 50
308.0734776240571
 51
51.92652237564172
  0
ENDBLK
  8
0
  0
BLOCK
  8
0
  2
ANGOLO BEAUTY
 70
   64
 10
0
 20
0
  3
ANGOLO BEAUTY
  1

  0
LINE
  5
27E
  8
ARREDI ATTREZZATURE - FURNITURE
  6
BYLAYER
 62
  256
 10
1.017203511597586
 20
-0.6442260286357566
 11
1.067028771468813
 21
-0.6687709355971663
  0
ARC
  5
27F
  8
ARREDI ATTREZZATURE - FURNITURE
  6
BYLAYER
 62
  256
 10
0.6822926121587898
 20
-0.7165891411749215
 40
0.3239999999992143
 50
153.7742323018241
 51
333.7742323024417
  0
ARC
  5
280
  8
ARREDI ATTREZZATURE - FURNITURE
  6
BYLAYER
 62
  256
 10
0.6822926121587898
 20
-0.7165891411749215
 40
0.2684571428579512
 50
153.7742323018241
 51
333.7742323024417
  0
ARC
  5
281
  8
ARREDI ATTREZZATURE - FURNITURE
  6
BYLAYER
 62
  256
 10
0.6822926121587898
 20
-0.7165891411749215
 40
0.2129142857166881
 50
153.7742323018241
 51
333.7742323024417
  0
ARC
  5
282
  8
ARREDI ATTREZZATURE - FURNITURE
  6
BYLAYER
 62
  256
 10
0.8982020716333636
 20
-0.8229504046829277
 40
0.02777142857259606
 50
333.7742323024417
 51
153.7742323024417
  0
ARC
  5
283
  8
ARREDI ATTREZZATURE - FURNITURE
  6
BYLAYER
 62
  256
 10
0.4663831526991089
 20
-0.6102278776663468
 40
0.02777142856866704
 50
333.7742323024417
 51
153.7742323024417
  0
POLYLINE
  5
284
  8
ARREDI ATTREZZATURE - FURNITURE
  6
BYLAYER
 62
  256
 66
    1
 10
0
 20
0
 30
0
 70
    1
  0
VERTEX
  5
285
  8
ARREDI ATTREZZATURE - FURNITURE
  6
BYLAYER
 62
  256
 10
0.7976183361802269
 20
-0.2173922344661783
 30
0
  0
VERTEX
  5
286
  8
ARREDI ATTREZZATURE - FURNITURE
  6
BYLAYER
 62
  256
 10
0.7974508722481913
 20
-0.2157679687208842
 30
0
  0
VERTEX
  5
287
  8
ARREDI ATTREZZATURE - FURNITURE
  6
BYLAYER
 62
  256
 10
0.7969218331861343
 20
-0.2141445989565208
 30
0
  0
VERTEX
  5
288
  8
ARREDI ATTREZZATURE - FURNITURE
  6
BYLAYER
 62
  256
 10
0.7960324934954943
 20
-0.2125260360130409
 30
0
  0
VERTEX
  5
289
  8
ARREDI ATTREZZATURE - FURNITURE
  6
BYLAYER
 62
  256
 10
0.7947849956734835
 20
-0.2109161791503447
 30
0
  0
VERTEX
  5
28A
  8
ARREDI ATTREZZATURE - FURNITURE
  6
BYLAYER
 62
  256
 10
0.7931823450516227
 20
-0.2093189066546213
 30
0
  0
VERTEX
  5
28B
  8
ARREDI ATTREZZATURE - FURNITURE
  6
BYLAYER
 62
  256
 10
0.7912284025556356
 20
-0.2077380664952174
 30
0
  0
VERTEX
  5
28C
  8
ARREDI ATTREZZATURE - FURNITURE
  6
BYLAYER
 62
  256
 10
0.7889278754041403
 20
-0.2061774670545422
 30
0
  0
VERTEX
  5
28D
  8
ARREDI ATTREZZATURE - FURNITURE
  6
BYLAYER
 62
  256
 10
0.7862863057685472
 20
-0.2046408679533407
 30
0
  0
VERTEX
  5
28E
  8
ARREDI ATTREZZATURE - FURNITURE
  6
BYLAYER
 62
  256
 10
0.7833100574214825
 20
-0.2031319709934379
 30
0
  0
VERTEX
  5
28F
  8
ARREDI ATTREZZATURE - FURNITURE
  6
BYLAYER
 62
  256
 10
0.7800063004059029
 20
-0.201654411239774
 30
0
  0
VERTEX
  5
290
  8
ARREDI ATTREZZATURE - FURNITURE
  6
BYLAYER
 62
  256
 10
0.7763829937618337
 20
-0.2002117482632144
 30
0
  0
VERTEX
  5
291
  8
ARREDI ATTREZZATURE - FURNITURE
  6
BYLAYER
 62
  256
 10
0.7724488663523449
 20
-0.198807457565232
 30
0
  0
VERTEX
  5
292
  8
ARREDI ATTREZZATURE - FURNITURE
  6
BYLAYER
 62
  256
 10
0.7682133958349546
 20
-0.1974449222051198
 30
0
  0
VERTEX
  5
293
  8
ARREDI ATTREZZATURE - FURNITURE
  6
BYLAYER
 62
  256
 10
0.7636867858291227
 20
-0.196127424649904
 30
0
  0
VERTEX
  5
294
  8
ARREDI ATTREZZATURE - FURNITURE
  6
BYLAYER
 62
  256
 10
0.7588799413348376
 20
-0.1948581388665945
 30
0
  0
VERTEX
  5
295
  8
ARREDI ATTREZZATURE - FURNITURE
  6
BYLAYER
 62
  256
 10
0.7538044424615156
 20
-0.1936401226758196
 30
0
  0
VERTEX
  5
296
  8
ARREDI ATTREZZATURE - FURNITURE
  6
BYLAYER
 62
  256
 10
0.7484725165305038
 20
-0.1924763103852683
 30
0
  0
VERTEX
  5
297
  8
ARREDI ATTREZZATURE - FURNITURE
  6
BYLAYER
 62
  256
 10
0.7428970086183917
 20
-0.1913695057206866
 30
0
  0
VERTEX
  5
298
  8
ARREDI ATTREZZATURE - FURNITURE
  6
BYLAYER
 62
  256
 10
0.7370913506120964
 20
-0.1903223750714561
 30
0
  0
VERTEX
  5
299
  8
ARREDI ATTREZZATURE - FURNITURE
  6
BYLAYER
 62
  256
 10
0.7310695288502704
 20
-0.1893374410670286
 30
0
  0
VERTEX
  5
29A
  8
ARREDI ATTREZZATURE - FURNITURE
  6
BYLAYER
 62
  256
 10
0.7248460504289876
 20
-0.1884170764996907
 30
0
  0
VERTEX
  5
29B
  8
ARREDI ATTREZZATURE - FURNITURE
  6
BYLAYER
 62
  256
 10
0.718435908252877
 20
-0.1875634986082997
 30
0
  0
VERTEX
  5
29C
  8
ARREDI ATTREZZATURE - FURNITURE
  6
BYLAYER
 62
  256
 10
0.7118545449159028
 20
-0.1867787637367605
 30
0
  0
VERTEX
  5
29D
  8
ARREDI ATTREZZATURE - FURNITURE
  6
BYLAYER
 62
  256
 10
0.7051178154988034
 20
-0.1860647623801132
 30
0
  0
VERTEX
  5
29E
  8
ARREDI ATTREZZATURE - FURNITURE
  6
BYLAYER
 62
  256
 10
0.6982419493728123
 20
-0.1854232146301652
 30
0
  0
VERTEX
  5
29F
  8
ARREDI ATTREZZATURE - FURNITURE
  6
BYLAYER
 62
  256
 10
0.6912435111016818
 20
-0.1848556660316391
 30
0
  0
VERTEX
  5
2A0
  8
ARREDI ATTREZZATURE - FURNITURE
  6
BYLAYER
 62
  256
 10
0.6841393605361977
 20
-0.18436348385882
 30
0
  0
VERTEX
  5
2A1
  8
ARREDI ATTREZZATURE - FURNITURE
  6
BYLAYER
 62
  256
 10
0.6769466121973227
 20
-0.1839478538216724
 30
0
  0
VERTEX
  5
2A2
  8
ARREDI ATTREZZATURE - FURNITURE
  6
BYLAYER
 62
  256
 10
0.669682594045815
 20
-0.1836097772093606
 30
0
  0
VERTEX
  5
2A3
  8
ARREDI ATTREZZATURE - FURNITURE
  6
BYLAYER
 62
  256
 10
0.6623648057376548
 20
-0.1833500684780557
 30
0
  0
VERTEX
  5
2A4
  8
ARREDI ATTREZZATURE - FURNITURE
  6
BYLAYER
 62
  256
 10
0.6550108764658389
 20
-0.1831693532888393
 30
0
  0
VERTEX
  5
2A5
  8
ARREDI ATTREZZATURE - FURNITURE
  6
BYLAYER
 62
  256
 10
0.6476385224901112
 20
-0.1830680670004309
 30
0
  0
VERTEX
  5
2A6
  8
ARREDI ATTREZZATURE - FURNITURE
  6
BYLAYER
 62
  256
 10
0.6402655044569412
 20
-0.1830464536203709
 30
0
  0
VERTEX
  5
2A7
  8
ARREDI ATTREZZATURE - FURNITURE
  6
BYLAYER
 62
  256
 10
0.632909584612571
 20
-0.183104565217185
 30
0
  0
VERTEX
  5
2A8
  8
ARREDI ATTREZZATURE - FURNITURE
  6
BYLAYER
 62
  256
 10
0.625588484012208
 20
-0.1832422617949466
 30
0
  0
VERTEX
  5
2A9
  8
ARREDI ATTREZZATURE - FURNITURE
  6
BYLAYER
 62
  256
 10
0.6183198398284513
 20
-0.1834592116305389
 30
0
  0
VERTEX
  5
2AA
  8
ARREDI ATTREZZATURE - FURNITURE
  6
BYLAYER
 62
  256
 10
0.6111211628617975
 20
-0.1837548920728055
 30
0
  0
VERTEX
  5
2AB
  8
ARREDI ATTREZZATURE - FURNITURE
  6
BYLAYER
 62
  256
 10
0.6040097953555891
 20
-0.1841285908016624
 30
0
  0
VERTEX
  5
2AC
  8
ARREDI ATTREZZATURE - FURNITURE
  6
BYLAYER
 62
  256
 10
0.5970028692170304
 20
-0.1845794075441397
 30
0
  0
VERTEX
  5
2AD
  8
ARREDI ATTREZZATURE - FURNITURE
  6
BYLAYER
 62
  256
 10
0.5901172647449238
 20
-0.1851062562432179
 30
0
  0
VERTEX
  5
2AE
  8
ARREDI ATTREZZATURE - FURNITURE
  6
BYLAYER
 62
  256
 10
0.5833695699635502
 20
-0.1857078676742343
 30
0
  0
VERTEX
  5
2AF
  8
ARREDI ATTREZZATURE - FURNITURE
  6
BYLAYER
 62
  256
 10
0.576776040660666
 20
-0.1863827925025567
 30
0
  0
VERTEX
  5
2B0
  8
ARREDI ATTREZZATURE - FURNITURE
  6
BYLAYER
 62
  256
 10
0.5703525612258872
 20
-0.1871294047751572
 30
0
  0
VERTEX
  5
2B1
  8
ARREDI ATTREZZATURE - FURNITURE
  6
BYLAYER
 62
  256
 10
0.5641146063838023
 20
-0.1879459058376757
 30
0
  0
VERTEX
  5
2B2
  8
ARREDI ATTREZZATURE - FURNITURE
  6
BYLAYER
 62
  256
 10
0.5580772039140061
 20
-0.1888303286675355
 30
0
  0
VERTEX
  5
2B3
  8
ARREDI ATTREZZATURE - FURNITURE
  6
BYLAYER
 62
  256
 10
0.5522548984478626
 20
-0.1897805426126732
 30
0
  0
VERTEX
  5
2B4
  8
ARREDI ATTREZZATURE - FURNITURE
  6
BYLAYER
 62
  256
 10
0.5466617164292132
 20
-0.190794258524466
 30
0
  0
VERTEX
  5
2B5
  8
ARREDI ATTREZZATURE - FURNITURE
  6
BYLAYER
 62
  256
 10
0.5413111323234459
 20
-0.1918690342724914
 30
0
  0
VERTEX
  5
2B6
  8
ARREDI ATTREZZATURE - FURNITURE
  6
BYLAYER
 62
  256
 10
0.5362160361563273
 20
-0.1930022806278331
 30
0
  0
VERTEX
  5
2B7
  8
ARREDI ATTREZZATURE - FURNITURE
  6
BYLAYER
 62
  256
 10
0.5313887024608015
 20
-0.1941912675007606
 30
0
  0
VERTEX
  5
2B8
  8
ARREDI ATTREZZATURE - FURNITURE
  6
BYLAYER
 62
  256
 10
0.5268407607065657
 20
-0.1954331305177538
 30
0
  0
VERTEX
  5
2B9
  8
ARREDI ATTREZZATURE - FURNITURE
  6
BYLAYER
 62
  256
 10
0.5225831672836586
 20
-0.1967248779220306
 30
0
  0
VERTEX
  5
2BA
  8
ARREDI ATTREZZATURE - FURNITURE
  6
BYLAYER
 62
  256
 10
0.5186261791075569
 20
-0.1980633977809504
 30
0
  0
VERTEX
  5
2BB
  8
ARREDI ATTREZZATURE - FURNITURE
  6
BYLAYER
 62
  256
 10
0.5149793289093682
 20
-0.1994454654829325
 30
0
  0
VERTEX
  5
2BC
  8
ARREDI ATTREZZATURE - FURNITURE
  6
BYLAYER
 62
  256
 10
0.5116514022706461
 20
-0.2008677515058279
 30
0
  0
VERTEX
  5
2BD
  8
ARREDI ATTREZZATURE - FURNITURE
  6
BYLAYER
 62
  256
 10
0.5086504164581556
 20
-0.2023268294380301
 30
0
  0
VERTEX
  5
2BE
  8
ARREDI ATTREZZATURE - FURNITURE
  6
BYLAYER
 62
  256
 10
0.5059836011095739
 20
-0.2038191842330002
 30
0
  0
VERTEX
  5
2BF
  8
ARREDI ATTREZZATURE - FURNITURE
  6
BYLAYER
 62
  256
 10
0.5036573808166614
 20
-0.2053412206773222
 30
0
  0
VERTEX
  5
2C0
  8
ARREDI ATTREZZATURE - FURNITURE
  6
BYLAYER
 62
  256
 10
0.5016773596478565
 20
-0.2068892720518872
 30
0
  0
VERTEX
  5
2C1
  8
ARREDI ATTREZZATURE - FURNITURE
  6
BYLAYER
 62
  256
 10
0.5000483076475842
 20
-0.2084596089653406
 30
0
  0
VERTEX
  5
2C2
  8
ARREDI ATTREZZATURE - FURNITURE
  6
BYLAYER
 62
  256
 10
0.4987741493448013
 20
-0.2100484483385125
 30
0
  0
VERTEX
  5
2C3
  8
ARREDI ATTREZZATURE - FURNITURE
  6
BYLAYER
 62
  256
 10
0.4978579542984622
 20
-0.2116519625181871
 30
0
  0
VERTEX
  5
2C4
  8
ARREDI ATTREZZATURE - FURNITURE
  6
BYLAYER
 62
  256
 10
0.4973019297026829
 20
-0.2132662884982544
 30
0
  0
VERTEX
  5
2C5
  8
ARREDI ATTREZZATURE - FURNITURE
  6
BYLAYER
 62
  256
 10
0.4971074150694166
 20
-0.2148875372260299
 30
0
  0
VERTEX
  5
2C6
  8
ARREDI ATTREZZATURE - FURNITURE
  6
BYLAYER
 62
  256
 10
0.4972748790014521
 20
-0.2165118029713241
 30
0
  0
VERTEX
  5
2C7
  8
ARREDI ATTREZZATURE - FURNITURE
  6
BYLAYER
 62
  256
 10
0.4978039180635093
 20
-0.2181351727356874
 30
0
  0
VERTEX
  5
2C8
  8
ARREDI ATTREZZATURE - FURNITURE
  6
BYLAYER
 62
  256
 10
0.4986932577541491
 20
-0.2197537356791673
 30
0
  0
VERTEX
  5
2C9
  8
ARREDI ATTREZZATURE - FURNITURE
  6
BYLAYER
 62
  256
 10
0.4999407555761601
 20
-0.2213635925418635
 30
0
  0
VERTEX
  5
2CA
  8
ARREDI ATTREZZATURE - FURNITURE
  6
BYLAYER
 62
  256
 10
0.5015434061980208
 20
-0.2229608650375869
 30
0
  0
VERTEX
  5
2CB
  8
ARREDI ATTREZZATURE - FURNITURE
  6
BYLAYER
 62
  256
 10
0.5034973486940078
 20
-0.2245417051969908
 30
0
  0
VERTEX
  5
2CC
  8
ARREDI ATTREZZATURE - FURNITURE
  6
BYLAYER
 62
  256
 10
0.5057978758455032
 20
-0.226102304637666
 30
0
  0
VERTEX
  5
2CD
  8
ARREDI ATTREZZATURE - FURNITURE
  6
BYLAYER
 62
  256
 10
0.5084394454810963
 20
-0.2276389037388675
 30
0
  0
VERTEX
  5
2CE
  8
ARREDI ATTREZZATURE - FURNITURE
  6
BYLAYER
 62
  256
 10
0.511415693828161
 20
-0.2291478006987703
 30
0
  0
VERTEX
  5
2CF
  8
ARREDI ATTREZZATURE - FURNITURE
  6
BYLAYER
 62
  256
 10
0.5147194508437406
 20
-0.2306253604524343
 30
0
  0
VERTEX
  5
2D0
  8
ARREDI ATTREZZATURE - FURNITURE
  6
BYLAYER
 62
  256
 10
0.5183427574878098
 20
-0.2320680234289939
 30
0
  0
VERTEX
  5
2D1
  8
ARREDI ATTREZZATURE - FURNITURE
  6
BYLAYER
 62
  256
 10
0.5222768848972986
 20
-0.2334723141269762
 30
0
  0
VERTEX
  5
2D2
  8
ARREDI ATTREZZATURE - FURNITURE
  6
BYLAYER
 62
  256
 10
0.5265123554146889
 20
-0.2348348494870884
 30
0
  0
VERTEX
  5
2D3
  8
ARREDI ATTREZZATURE - FURNITURE
  6
BYLAYER
 62
  256
 10
0.5310389654205208
 20
-0.2361523470423042
 30
0
  0
VERTEX
  5
2D4
  8
ARREDI ATTREZZATURE - FURNITURE
  6
BYLAYER
 62
  256
 10
0.5358458099148059
 20
-0.2374216328256137
 30
0
  0
VERTEX
  5
2D5
  8
ARREDI ATTREZZATURE - FURNITURE
  6
BYLAYER
 62
  256
 10
0.5409213087881279
 20
-0.2386396490163886
 30
0
  0
VERTEX
  5
2D6
  8
ARREDI ATTREZZATURE - FURNITURE
  6
BYLAYER
 62
  256
 10
0.5462532347191397
 20
-0.2398034613069399
 30
0
  0
VERTEX
  5
2D7
  8
ARREDI ATTREZZATURE - FURNITURE
  6
BYLAYER
 62
  256
 10
0.5518287426312517
 20
-0.2409102659715216
 30
0
  0
VERTEX
  5
2D8
  8
ARREDI ATTREZZATURE - FURNITURE
  6
BYLAYER
 62
  256
 10
0.5576344006375472
 20
-0.2419573966207521
 30
0
  0
VERTEX
  5
2D9
  8
ARREDI ATTREZZATURE - FURNITURE
  6
BYLAYER
 62
  256
 10
0.5636562223993731
 20
-0.2429423306251796
 30
0
  0
VERTEX
  5
2DA
  8
ARREDI ATTREZZATURE - FURNITURE
  6
BYLAYER
 62
  256
 10
0.5698797008206559
 20
-0.2438626951925175
 30
0
  0
VERTEX
  5
2DB
  8
ARREDI ATTREZZATURE - FURNITURE
  6
BYLAYER
 62
  256
 10
0.5762898429967666
 20
-0.2447162730839085
 30
0
  0
VERTEX
  5
2DC
  8
ARREDI ATTREZZATURE - FURNITURE
  6
BYLAYER
 62
  256
 10
0.5828712063337406
 20
-0.2455010079554477
 30
0
  0
VERTEX
  5
2DD
  8
ARREDI ATTREZZATURE - FURNITURE
  6
BYLAYER
 62
  256
 10
0.58960793575084
 20
-0.246215009312095
 30
0
  0
VERTEX
  5
2DE
  8
ARREDI ATTREZZATURE - FURNITURE
  6
BYLAYER
 62
  256
 10
0.5964838018768313
 20
-0.246856557062043
 30
0
  0
VERTEX
  5
2DF
  8
ARREDI ATTREZZATURE - FURNITURE
  6
BYLAYER
 62
  256
 10
0.6034822401479617
 20
-0.2474241056605692
 30
0
  0
VERTEX
  5
2E0
  8
ARREDI ATTREZZATURE - FURNITURE
  6
BYLAYER
 62
  256
 10
0.6105863907134457
 20
-0.2479162878333882
 30
0
  0
VERTEX
  5
2E1
  8
ARREDI ATTREZZATURE - FURNITURE
  6
BYLAYER
 62
  256
 10
0.6177791390523208
 20
-0.2483319178705359
 30
0
  0
VERTEX
  5
2E2
  8
ARREDI ATTREZZATURE - FURNITURE
  6
BYLAYER
 62
  256
 10
0.6250431572038284
 20
-0.2486699944828477
 30
0
  0
VERTEX
  5
2E3
  8
ARREDI ATTREZZATURE - FURNITURE
  6
BYLAYER
 62
  256
 10
0.6323609455119887
 20
-0.2489297032141525
 30
0
  0
VERTEX
  5
2E4
  8
ARREDI ATTREZZATURE - FURNITURE
  6
BYLAYER
 62
  256
 10
0.6397148747838046
 20
-0.2491104184033689
 30
0
  0
VERTEX
  5
2E5
  8
ARREDI ATTREZZATURE - FURNITURE
  6
BYLAYER
 62
  256
 10
0.6470872287595323
 20
-0.2492117046917774
 30
0
  0
VERTEX
  5
2E6
  8
ARREDI ATTREZZATURE - FURNITURE
  6
BYLAYER
 62
  256
 10
0.6544602467927022
 20
-0.2492333180718374
 30
0
  0
VERTEX
  5
2E7
  8
ARREDI ATTREZZATURE - FURNITURE
  6
BYLAYER
 62
  256
 10
0.6618161666370724
 20
-0.2491752064750232
 30
0
  0
VERTEX
  5
2E8
  8
ARREDI ATTREZZATURE - FURNITURE
  6
BYLAYER
 62
  256
 10
0.6691372672374355
 20
-0.2490375098972616
 30
0
  0
VERTEX
  5
2E9
  8
ARREDI ATTREZZATURE - FURNITURE
  6
BYLAYER
 62
  256
 10
0.6764059114211922
 20
-0.2488205600616693
 30
0
  0
VERTEX
  5
2EA
  8
ARREDI ATTREZZATURE - FURNITURE
  6
BYLAYER
 62
  256
 10
0.683604588387846
 20
-0.2485248796194027
 30
0
  0
VERTEX
  5
2EB
  8
ARREDI ATTREZZATURE - FURNITURE
  6
BYLAYER
 62
  256
 10
0.6907159558940544
 20
-0.2481511808905458
 30
0
  0
VERTEX
  5
2EC
  8
ARREDI ATTREZZATURE - FURNITURE
  6
BYLAYER
 62
  256
 10
0.6977228820326131
 20
-0.2477003641480685
 30
0
  0
VERTEX
  5
2ED
  8
ARREDI ATTREZZATURE - FURNITURE
  6
BYLAYER
 62
  256
 10
0.7046084865047197
 20
-0.2471735154489904
 30
0
  0
VERTEX
  5
2EE
  8
ARREDI ATTREZZATURE - FURNITURE
  6
BYLAYER
 62
  256
 10
0.7113561812860933
 20
-0.2465719040179739
 30
0
  0
VERTEX
  5
2EF
  8
ARREDI ATTREZZATURE - FURNITURE
  6
BYLAYER
 62
  256
 10
0.7179497105889774
 20
-0.2458969791896515
 30
0
  0
VERTEX
  5
2F0
  8
ARREDI ATTREZZATURE - FURNITURE
  6
BYLAYER
 62
  256
 10
0.7243731900237562
 20
-0.245150366917051
 30
0
  0
VERTEX
  5
2F1
  8
ARREDI ATTREZZATURE - FURNITURE
  6
BYLAYER
 62
  256
 10
0.7306111448658412
 20
-0.2443338658545325
 30
0
  0
VERTEX
  5
2F2
  8
ARREDI ATTREZZATURE - FURNITURE
  6
BYLAYER
 62
  256
 10
0.7366485473356373
 20
-0.2434494430246727
 30
0
  0
VERTEX
  5
2F3
  8
ARREDI ATTREZZATURE - FURNITURE
  6
BYLAYER
 62
  256
 10
0.7424708528017809
 20
-0.242499229079535
 30
0
  0
VERTEX
  5
2F4
  8
ARREDI ATTREZZATURE - FURNITURE
  6
BYLAYER
 62
  256
 10
0.7480640348204303
 20
-0.2414855131677422
 30
0
  0
VERTEX
  5
2F5
  8
ARREDI ATTREZZATURE - FURNITURE
  6
BYLAYER
 62
  256
 10
0.7534146189261977
 20
-0.2404107374197168
 30
0
  0
VERTEX
  5
2F6
  8
ARREDI ATTREZZATURE - FURNITURE
  6
BYLAYER
 62
  256
 10
0.7585097150933162
 20
-0.2392774910643751
 30
0
  0
VERTEX
  5
2F7
  8
ARREDI ATTREZZATURE - FURNITURE
  6
BYLAYER
 62
  256
 10
0.763337048788842
 20
-0.2380885041914476
 30
0
  0
VERTEX
  5
2F8
  8
ARREDI ATTREZZATURE - FURNITURE
  6
BYLAYER
 62
  256
 10
0.7678849905430778
 20
-0.2368466411744544
 30
0
  0
VERTEX
  5
2F9
  8
ARREDI ATTREZZATURE - FURNITURE
  6
BYLAYER
 62
  256
 10
0.7721425839659849
 20
-0.2355548937701776
 30
0
  0
VERTEX
  5
2FA
  8
ARREDI ATTREZZATURE - FURNITURE
  6
BYLAYER
 62
  256
 10
0.7760995721420866
 20
-0.2342163739112578
 30
0
  0
VERTEX
  5
2FB
  8
ARREDI ATTREZZATURE - FURNITURE
  6
BYLAYER
 62
  256
 10
0.7797464223402752
 20
-0.2328343062092758
 30
0
  0
VERTEX
  5
2FC
  8
ARREDI ATTREZZATURE - FURNITURE
  6
BYLAYER
 62
  256
 10
0.7830743489789973
 20
-0.2314120201863803
 30
0
  0
VERTEX
  5
2FD
  8
ARREDI ATTREZZATURE - FURNITURE
  6
BYLAYER
 62
  256
 10
0.7860753347914879
 20
-0.2299529422541781
 30
0
  0
VERTEX
  5
2FE
  8
ARREDI ATTREZZATURE - FURNITURE
  6
BYLAYER
 62
  256
 10
0.7887421501400697
 20
-0.228460587459208
 30
0
  0
VERTEX
  5
2FF
  8
ARREDI ATTREZZATURE - FURNITURE
  6
BYLAYER
 62
  256
 10
0.7910683704329821
 20
-0.226938551014886
 30
0
  0
VERTEX
  5
300
  8
ARREDI ATTREZZATURE - FURNITURE
  6
BYLAYER
 62
  256
 10
0.793048391601787
 20
-0.225390499640321
 30
0
  0
VERTEX
  5
301
  8
ARREDI ATTREZZATURE - FURNITURE
  6
BYLAYER
 62
  256
 10
0.7946774436020593
 20
-0.2238201627268676
 30
0
  0
VERTEX
  5
302
  8
ARREDI ATTREZZATURE - FURNITURE
  6
BYLAYER
 62
  256
 10
0.7959516019048423
 20
-0.2222313233536957
 30
0
  0
VERTEX
  5
303
  8
ARREDI ATTREZZATURE - FURNITURE
  6
BYLAYER
 62
  256
 10
0.7968677969511813
 20
-0.2206278091740211
 30
0
  0
VERTEX
  5
304
  8
ARREDI ATTREZZATURE - FURNITURE
  6
BYLAYER
 62
  256
 10
0.7974238215469606
 20
-0.2190134831939539
 30
0
  0
SEQEND
  5
305
  8
ARREDI ATTREZZATURE - FURNITURE
  6
BYLAYER
 62
  256
  0
POLYLINE
  5
306
  8
ARREDI ATTREZZATURE - FURNITURE
  6
BYLAYER
 62
  256
 66
    1
 10
0
 20
0
 30
0
 70
    0
210
0
220
0
230
1
  0
VERTEX
  5
307
  8
ARREDI ATTREZZATURE - FURNITURE
  6
BYLAYER
 62
  256
 10
0.7976798556449067
 20
-0.2100111942816234
 30
0
  0
SEQEND
  5
308
  8
ARREDI ATTREZZATURE - FURNITURE
  6
BYLAYER
 62
  256
  0
LINE
  5
309
  8
ARREDI ATTREZZATURE - FURNITURE
  6
BYLAYER
 62
  256
 10
0.4971689345341019
 20
-0.2075064970415212
 11
0.4971074150694221
 21
-0.2148875372260761
  0
LINE
  5
30A
  8
ARREDI ATTREZZATURE - FURNITURE
  6
BYLAYER
 62
  256
 10
0.7976798556449012
 20
-0.2100111942815772
 11
0.7976183361802214
 21
-0.2173922344661321
  0
LINE
  5
30B
  8
ARREDI ATTREZZATURE - FURNITURE
  6
BYLAYER
 62
  256
 10
0.6159509575873017
 20
-0.2482340009331381
 11
0.615700862845415
 21
-0.2782401030870858
  0
LINE
  5
30C
  8
ARREDI ATTREZZATURE - FURNITURE
  6
BYLAYER
 62
  256
 10
0.6219786297940573
 20
-0.2485372273315249
 11
0.6217809004924675
 21
-0.2722605794238859
  0
LINE
  5
30D
  8
ARREDI ATTREZZATURE - FURNITURE
  6
BYLAYER
 62
  256
 10
0.6782354710226173
 20
-0.2487531296499981
 11
0.6779853762807306
 21
-0.2787592318041732
  0
LINE
  5
30E
  8
ARREDI ATTREZZATURE - FURNITURE
  6
BYLAYER
 62
  256
 10
0.6722035819188932
 20
-0.2489558420644187
 11
0.6720058526175308
 21
-0.2726791941568933
  0
LINE
  5
30F
  8
ARREDI ATTREZZATURE - FURNITURE
  6
BYLAYER
 62
  256
 10
0.6779853762807306
 20
-0.2787592318041732
 11
0.615700862845415
 21
-0.2782401030870858
  0
LINE
  5
310
  8
ARREDI ATTREZZATURE - FURNITURE
  6
BYLAYER
 62
  256
 10
0.6720058526175308
 20
-0.2726791941568933
 11
0.6217809004924675
 21
-0.2722605794238859
  0
LINE
  5
311
  8
ARREDI ATTREZZATURE - FURNITURE
  6
BYLAYER
 62
  256
 10
1.115424359839835
 20
-0.4499999999999886
 11
0
 21
-0.4500000000000171
  0
ARC
  5
312
  8
ARREDI ATTREZZATURE - FURNITURE
  6
BYLAYER
 62
  256
 10
1.115424359839835
 20
0
 40
0.4499999999999886
 50
270
 51
0
  0
LINE
  5
313
  8
ARREDI ATTREZZATURE - FURNITURE
  6
BYLAYER
 62
    2
 10
1.225984123334001
 20
2.842170943040401e-14
 11
1.225984123334001
 21
-0.1345253081398994
  0
LINE
  5
314
  8
ARREDI ATTREZZATURE - FURNITURE
  6
BYLAYER
 62
    2
 10
1.225984123334001
 20
-0.1345253081398994
 11
1.205984123334019
 21
-0.1345253081398994
  0
LINE
  5
315
  8
ARREDI ATTREZZATURE - FURNITURE
  6
BYLAYER
 62
    2
 10
1.205984123334019
 20
-0.1345253081398994
 11
1.205984123334019
 21
-0.01999999999998181
  0
LINE
  5
316
  8
ARREDI ATTREZZATURE - FURNITURE
  6
BYLAYER
 62
    2
 10
1.225984123334001
 20
0
 11
0
 21
0
  0
LINE
  5
317
  8
ARREDI ATTREZZATURE - FURNITURE
  6
BYLAYER
 62
    2
 10
0.01999999999986812
 20
-0.02000000000001023
 11
0.2401933215960526
 21
-0.02000000000003865
  0
LINE
  5
318
  8
ARREDI ATTREZZATURE - FURNITURE
  6
BYLAYER
 62
    2
 10
0.2601933215960344
 20
-0.02000000000001023
 11
0.9657908017379668
 21
-0.02000000000003865
  0
LINE
  5
319
  8
ARREDI ATTREZZATURE - FURNITURE
  6
BYLAYER
 62
    2
 10
0.9857908017380623
 20
-0.02000000000001023
 11
1.205984123334019
 21
-0.02000000000001023
  0
LINE
  5
31A
  8
ARREDI ATTREZZATURE - FURNITURE
  6
BYLAYER
 62
    2
 10
0.01999999999998181
 20
-0.01999999999998181
 11
0.01999999999998181
 21
-0.1345253081398994
  0
LINE
  5
31B
  8
ARREDI ATTREZZATURE - FURNITURE
  6
BYLAYER
 62
    2
 10
0.01999999999998181
 20
-0.1345253081398994
 11
0
 21
-0.1345253081398994
  0
LINE
  5
31C
  8
ARREDI ATTREZZATURE - FURNITURE
  6
BYLAYER
 62
    2
 10
0
 20
-0.1345253081398994
 11
0
 21
0
  0
LINE
  5
31D
  8
WINDOW
  6
BYLAYER
 62
  150
 10
0.2601933215960344
 20
-0.03000000000000114
 11
0.9657908017379668
 21
-0.03000000000002956
  0
LINE
  5
31E
  8
ARREDI ATTREZZATURE - FURNITURE
  6
BYLAYER
 62
    2
 10
0.9857908017380623
 20
-0.02000000000001023
 11
0.9857908017379486
 21
-0.1345253081398994
  0
LINE
  5
31F
  8
ARREDI ATTREZZATURE - FURNITURE
  6
BYLAYER
 62
    2
 10
0.9857908017379486
 20
-0.1345253081398994
 11
0.9657908017379668
 21
-0.1345253081398994
  0
LINE
  5
320
  8
ARREDI ATTREZZATURE - FURNITURE
  6
BYLAYER
 62
    2
 10
0.9657908017379668
 20
-0.1345253081398994
 11
0.9657908017379668
 21
-0.01999999999998181
  0
LINE
  5
321
  8
ARREDI ATTREZZATURE - FURNITURE
  6
BYLAYER
 62
    2
 10
0.2401933215960526
 20
-0.02000000000001023
 11
0.2401933215960526
 21
-0.1345253081398994
  0
LINE
  5
322
  8
ARREDI ATTREZZATURE - FURNITURE
  6
BYLAYER
 62
    2
 10
0.2401933215960526
 20
-0.1345253081398994
 11
0.2601933215960344
 21
-0.1345253081398994
  0
LINE
  5
323
  8
ARREDI ATTREZZATURE - FURNITURE
  6
BYLAYER
 62
    2
 10
0.2601933215960344
 20
-0.1345253081398994
 11
0.2601933215960344
 21
-0.01999999999998181
  0
LINE
  5
324
  8
ARREDI ATTREZZATURE - FURNITURE
  6
BYLAYER
 62
  256
 10
1.205984123334019
 20
-0.1345253081398994
 11
0.9857908017380623
 21
-0.1345253081399278
  0
LINE
  5
325
  8
ARREDI ATTREZZATURE - FURNITURE
  6
BYLAYER
 62
  256
 10
0.9657908017378531
 20
-0.1345253081399562
 11
0.2601933215960344
 21
-0.1345253081398994
  0
LINE
  5
326
  8
ARREDI ATTREZZATURE - FURNITURE
  6
BYLAYER
 62
  256
 10
0.2401933215960526
 20
-0.1345253081398994
 11
0.01999999999998181
 21
-0.1345253081398994
  0
ENDBLK
  8
0
  0
BLOCK
  8
0
  2
*PAPER_SPACE
 70
   64
 10
0
 20
0
  3
*PAPER_SPACE
  1

  0
ENDBLK
  8
0
  0
BLOCK
  8
0
  2
PIANO COTTURA ARCHWEB DWG 2024
 70
   64
 10
0
 20
0
  3
PIANO COTTURA ARCHWEB DWG 2024
  1

  0
CIRCLE
  5
327
  8
ARREDI ATTREZZATURE - FURNITURE
  6
BYLAYER
 62
  256
 10
0.3984151908810851
 20
-0.09044935765223627
 40
0.07500000000000001
  0
LINE
  5
328
  8
ARREDI ATTREZZATURE - FURNITURE
  6
BYLAYER
 62
  256
 10
-2.273736754432321e-13
 20
0.2999999999999545
 11
-2.273736754432321e-13
 21
-0.3000000000000682
  0
LINE
  5
329
  8
ARREDI ATTREZZATURE - FURNITURE
  6
BYLAYER
 62
  256
 10
-0.04000000000030468
 20
0.2299999999999136
 11
-0.04000000000030468
 21
-0.2100000000000273
  0
CIRCLE
  5
32A
  8
ARREDI ATTREZZATURE - FURNITURE
  6
BYLAYER
 62
  256
 10
0.169999999999618
 20
-0.09044935765223627
 40
0.1
  0
LINE
  5
32B
  8
ARREDI ATTREZZATURE - FURNITURE
  6
BYLAYER
 62
  256
 10
-2.273736754432321e-13
 20
-0.3000000000000682
 11
0.5600000000059344
 21
-0.3000000000000682
  0
LINE
  5
32C
  8
ARREDI ATTREZZATURE - FURNITURE
  6
BYLAYER
 62
  256
 10
-0.04000000000030468
 20
-0.2100000000000273
 11
-2.273736754432321e-13
 21
-0.2100000000000273
  0
LINE
  5
32D
  8
ARREDI ATTREZZATURE - FURNITURE
  6
BYLAYER
 62
  256
 10
0.3984151908810851
 20
-0.1854493576521499
 11
0.3984151908810851
 21
-0.120449357652209
  0
CIRCLE
  5
32E
  8
ARREDI ATTREZZATURE - FURNITURE
  6
BYLAYER
 62
  256
 10
0.3988213362064217
 20
0.1501858602336137
 40
0.1
  0
LINE
  5
32F
  8
ARREDI ATTREZZATURE - FURNITURE
  6
BYLAYER
 62
  256
 10
0.5600000000059344
 20
0.2999999999998408
 11
-2.273736754432321e-13
 21
0.2999999999999545
  0
LINE
  5
330
  8
ARREDI ATTREZZATURE - FURNITURE
  6
BYLAYER
 62
  256
 10
0.1470813569228655
 20
0.245185860233641
 11
0.1470813569228655
 21
0.1801858602335864
  0
LINE
  5
331
  8
ARREDI ATTREZZATURE - FURNITURE
  6
BYLAYER
 62
  256
 10
0.3684151908811124
 20
-0.09044935765223627
 11
0.3034151908810578
 21
-0.09044935765223627
  0
LINE
  5
332
  8
ARREDI ATTREZZATURE - FURNITURE
  6
BYLAYER
 62
  256
 10
0.368821336206449
 20
0.1501858602336137
 11
0.2788213362065308
 21
0.1501858602336137
  0
LINE
  5
333
  8
ARREDI ATTREZZATURE - FURNITURE
  6
BYLAYER
 62
  256
 10
-0.04000000000030468
 20
0.2299999999999136
 11
-2.273736754432321e-13
 21
0.2299999999999136
  0
LINE
  5
334
  8
ARREDI ATTREZZATURE - FURNITURE
  6
BYLAYER
 62
  256
 10
0.1399999999996453
 20
-0.09044935765223627
 11
0.04999999999972715
 21
-0.09044935765223627
  0
LINE
  5
335
  8
ARREDI ATTREZZATURE - FURNITURE
  6
BYLAYER
 62
  256
 10
0.169999999999618
 20
-0.06044935765226356
 11
0.169999999999618
 21
0.02955064234788196
  0
LINE
  5
336
  8
ARREDI ATTREZZATURE - FURNITURE
  6
BYLAYER
 62
  256
 10
0.1470813569228655
 20
0.120185860233641
 11
0.1470813569228655
 21
0.0551858602335864
  0
LINE
  5
337
  8
ARREDI ATTREZZATURE - FURNITURE
  6
BYLAYER
 62
  256
 10
0.05208135692283822
 20
0.1501858602336137
 11
0.1170813569228928
 21
0.1501858602336137
  0
CIRCLE
  5
338
  8
ARREDI ATTREZZATURE - FURNITURE
  6
BYLAYER
 62
  256
 10
0.1470813569228655
 20
0.1501858602336137
 40
0.07500000000000001
  0
LINE
  5
339
  8
ARREDI ATTREZZATURE - FURNITURE
  6
BYLAYER
 62
  256
 10
0.2899999999997362
 20
-0.09044935765223627
 11
0.1999999999997044
 21
-0.09044935765223627
  0
LINE
  5
33A
  8
ARREDI ATTREZZATURE - FURNITURE
  6
BYLAYER
 62
  256
 10
0.1770813569228382
 20
0.1501858602336137
 11
0.2420813569228928
 21
0.1501858602336137
  0
LINE
  5
33B
  8
ARREDI ATTREZZATURE - FURNITURE
  6
BYLAYER
 62
  256
 10
0.3988213362064217
 20
0.1801858602335864
 11
0.3988213362064217
 21
0.2701858602337319
  0
LINE
  5
33C
  8
ARREDI ATTREZZATURE - FURNITURE
  6
BYLAYER
 62
  256
 10
0.3984151908810851
 20
-0.06044935765214987
 11
0.3984151908810851
 21
0.004550642347791012
  0
LINE
  5
33D
  8
ARREDI ATTREZZATURE - FURNITURE
  6
BYLAYER
 62
  256
 10
0.3988213362064217
 20
0.03018586023372283
 11
0.3988213362064217
 21
0.120185860233641
  0
LINE
  5
33E
  8
ARREDI ATTREZZATURE - FURNITURE
  6
BYLAYER
 62
  256
 10
0.5188213362065399
 20
0.1501858602336137
 11
0.4288213362065081
 21
0.1501858602336137
  0
LINE
  5
33F
  8
ARREDI ATTREZZATURE - FURNITURE
  6
BYLAYER
 62
  256
 10
0.5600000000059344
 20
0.2999999999999545
 11
0.5600000000059344
 21
-0.3000000000000682
  0
LINE
  5
340
  8
ARREDI ATTREZZATURE - FURNITURE
  6
BYLAYER
 62
  256
 10
0.4284151908810578
 20
-0.09044935765223627
 11
0.4934151908811124
 21
-0.09044935765223627
  0
CIRCLE
  5
341
  8
ARREDI ATTREZZATURE - FURNITURE
  6
BYLAYER
 62
  256
 10
0.1470813569228655
 20
0.1501858602336137
 40
0.03852241535065604
  0
CIRCLE
  5
342
  8
ARREDI ATTREZZATURE - FURNITURE
  6
BYLAYER
 62
  256
 10
0.3988213362064217
 20
0.1501858602336137
 40
0.03852241535065604
  0
CIRCLE
  5
343
  8
ARREDI ATTREZZATURE - FURNITURE
  6
BYLAYER
 62
  256
 10
0.3984151908810851
 20
-0.09044935765223627
 40
0.02307448511766297
  0
CIRCLE
  5
344
  8
ARREDI ATTREZZATURE - FURNITURE
  6
BYLAYER
 62
  256
 10
0.169999999999618
 20
-0.09044935765223627
 40
0.04099376609646344
  0
LINE
  5
345
  8
ARREDI ATTREZZATURE - FURNITURE
  6
BYLAYER
 62
  256
 10
-0.04000000000030468
 20
0.2030938796704793
 11
-2.273736754432321e-13
 21
0.2030938796704793
  0
LINE
  5
346
  8
ARREDI ATTREZZATURE - FURNITURE
  6
BYLAYER
 62
  256
 10
-0.04000000000030468
 20
-0.1830938796705929
 11
-2.273736754432321e-13
 21
-0.1830938796705929
  0
LINE
  5
347
  8
ARREDI ATTREZZATURE - FURNITURE
  6
BYLAYER
 62
  256
 10
-0.02597131226953308
 20
0.2030938796704792
 11
-0.02597131226953309
 21
-0.1830938796705929
  0
LINE
  5
348
  8
ARREDI ATTREZZATURE - FURNITURE
  6
BYLAYER
 62
  256
 10
0.169999999999618
 20
-0.120449357652209
 11
0.169999999999618
 21
-0.2104493576523545
  0
ARC
  5
349
  8
ARREDI ATTREZZATURE - FURNITURE
  6
BYLAYER
 62
  256
 10
0.1327512079554012
 20
-0.257009145182451
 40
0.01560974732166542
 50
277.6105655856501
 51
262.3894344143499
  0
ARC
  5
34A
  8
ARREDI ATTREZZATURE - FURNITURE
  6
BYLAYER
 62
  256
 10
0.1876723736168593
 20
-0.257009145182451
 40
0.01560974732166542
 50
277.6105655856501
 51
262.3894344143499
  0
ARC
  5
34B
  8
ARREDI ATTREZZATURE - FURNITURE
  6
BYLAYER
 62
  256
 10
0.2425935392783174
 20
-0.257009145182451
 40
0.01560974732166542
 50
277.6105655856501
 51
262.3894344143499
  0
ARC
  5
34C
  8
ARREDI ATTREZZATURE - FURNITURE
  6
BYLAYER
 62
  256
 10
0.2975147049397755
 20
-0.257009145182451
 40
0.01560974732166542
 50
277.6105655856501
 51
262.3894344143499
  0
CIRCLE
  5
34D
  8
ARREDI ATTREZZATURE - FURNITURE
  6
BYLAYER
 62
  256
 10
0.08150137548680902
 20
-0.2579898878108828
 40
0.00789843754476216
  0
ENDBLK
  8
0
  0
BLOCK
  8
0
  2
A$C3B120AC1
 70
   64
 10
0
 20
0
  3
A$C3B120AC1
  1

  0
LINE
  5
34E
  8
ARREDI ATTREZZATURE - FURNITURE
  6
BYLAYER
 62
  256
 10
0.05199999999990723
 20
-0.01179999999976644
 11
0.05200000000013461
 21
0.02980000000025029
  0
ARC
  5
34F
  8
ARREDI ATTREZZATURE - FURNITURE
  6
BYLAYER
 62
  256
 10
0.04231487320225824
 20
0.02397705625048729
 40
0.01150000000000001
 50
10.40237398650086
 51
29.24555100123001
  0
ARC
  5
350
  8
ARREDI ATTREZZATURE - FURNITURE
  6
BYLAYER
 62
  256
 10
0.04231487320225824
 20
-0.005977056250230817
 40
0.01149999999999997
 50
330.7544490027419
 51
349.5976260115905
  0
ARC
  5
351
  8
ARREDI ATTREZZATURE - FURNITURE
  6
BYLAYER
 62
  256
 10
0.05200000000013461
 20
-0.01139999999986685
 40
0.0004000000000000047
 50
269.999999999974
 51
330.7544490027419
  0
ARC
  5
352
  8
ARREDI ATTREZZATURE - FURNITURE
  6
BYLAYER
 62
  256
 10
0.05200000000013461
 20
0.02940000000012333
 40
0.0003999999999999977
 50
29.24555100123001
 51
89.99999999997395
  0
ARC
  5
353
  8
ARREDI ATTREZZATURE - FURNITURE
  6
BYLAYER
 62
  256
 10
0.05333078989428941
 20
-0.007999327111065213
 40
0.0002999999999999948
 50
349.5976260115905
 51
359.999999999974
  0
ARC
  5
354
  8
ARREDI ATTREZZATURE - FURNITURE
  6
BYLAYER
 62
  256
 10
0.05333078989428941
 20
0.02599932711109432
 40
0.0002999999999999613
 50
359.999999999974
 51
10.40237398650086
  0
LINE
  5
355
  8
ARREDI ATTREZZATURE - FURNITURE
  6
BYLAYER
 62
  256
 10
0.05363078989444148
 20
0.02599932711109432
 11
0.05363078989444148
 21
-0.007999327111065213
  0
LINE
  5
356
  8
ARREDI ATTREZZATURE - FURNITURE
  6
BYLAYER
 62
  256
 10
0.07282282564551679
 20
0.002909343829969657
 11
0.07234552413092388
 21
0.03077645997655054
  0
LINE
  5
357
  8
ARREDI ATTREZZATURE - FURNITURE
  6
BYLAYER
 62
  256
 10
0.07294627988972024
 20
-0.004291994787536169
 11
0.07282282564551679
 21
0.002909343829969657
  0
ARC
  5
358
  8
ARREDI ATTREZZATURE - FURNITURE
  6
BYLAYER
 62
  256
 10
0.1118449485297788
 20
0.01027348379875548
 40
0.04427186588156757
 50
178.1158722890749
 51
196.2311594261701
  0
ARC
  5
359
  8
ARREDI ATTREZZATURE - FURNITURE
  6
BYLAYER
 62
  256
 10
0.0737226162150364
 20
-0.0001969657485005882
 40
0.004935578015833619
 50
204.3978369669595
 51
231.6324685826476
  0
ARC
  5
35A
  8
ARREDI ATTREZZATURE - FURNITURE
  6
BYLAYER
 62
  256
 10
0.07183555146093568
 20
-0.002513488505201167
 40
0.001945247744983732
 50
232.9314197790551
 51
272.6750016131996
  0
LINE
  5
35B
  8
ARREDI ATTREZZATURE - FURNITURE
  6
BYLAYER
 62
  256
 10
0.07294858293880679
 20
-0.00442621480510752
 11
0.07192425372841171
 21
-0.00446164975778629
  0
ARC
  5
35C
  8
ARREDI ATTREZZATURE - FURNITURE
  6
BYLAYER
 62
  256
 10
0.07290310110056453
 20
-0.003999626620725394
 40
0.0004290059167868683
 50
276.0857524450179
 51
318.2315679262326
  0
ARC
  5
35D
  8
ARREDI ATTREZZATURE - FURNITURE
  6
BYLAYER
 62
  256
 10
0
 20
0.009000000000014552
 40
0.021
 50
179.9999999999739
 51
359.999999999974
  0
ARC
  5
35E
  8
ARREDI ATTREZZATURE - FURNITURE
  6
BYLAYER
 62
  256
 10
0
 20
0.009000000000014552
 40
0.02200000000000001
 50
162.6585571981931
 51
17.34144280178203
  0
ARC
  5
35F
  8
ARREDI ATTREZZATURE - FURNITURE
  6
BYLAYER
 62
  256
 10
0
 20
0.009000000000014552
 40
0.02500000000000001
 50
147.1401196223717
 51
302.8598803775704
  0
ARC
  5
360
  8
ARREDI ATTREZZATURE - FURNITURE
  6
BYLAYER
 62
  256
 10
0
 20
0.009000000000014552
 40
0.03000000000000001
 50
134.4270040010487
 51
315.5729959988776
  0
ARC
  5
361
  8
ARREDI ATTREZZATURE - FURNITURE
  6
BYLAYER
 62
  256
 10
0.04650000000015098
 20
0.02950000000009823
 40
0.0005000000000000001
 50
359.999999999974
 51
89.99999999997395
  0
ARC
  5
362
  8
ARREDI ATTREZZATURE - FURNITURE
  6
BYLAYER
 62
  256
 10
0.04650000000015098
 20
-0.01149999999984175
 40
0.0005000000000000001
 50
269.999999999974
 51
359.999999999974
  0
ARC
  5
363
  8
ARREDI ATTREZZATURE - FURNITURE
  6
BYLAYER
 62
  256
 10
0.04750000000012733
 20
-0.01129999999989195
 40
0.0005000000000000001
 50
179.9999999999739
 51
269.999999999974
  0
ARC
  5
364
  8
ARREDI ATTREZZATURE - FURNITURE
  6
BYLAYER
 62
  256
 10
0.04750000000012733
 20
0.02930000000014843
 40
0.0005000000000000001
 50
89.99999999997395
 51
179.9999999999739
  0
POLYLINE
  5
365
  8
ARREDI ATTREZZATURE - FURNITURE
  6
BYLAYER
 62
  256
 66
    1
 10
0
 20
0
 30
0
 70
    0
210
0
220
0
230
-1
  0
VERTEX
  5
366
  8
ARREDI ATTREZZATURE - FURNITURE
  6
BYLAYER
 62
  256
 10
0.05579751766935775
 20
1.454912579301748e-14
 30
0
  0
SEQEND
  5
367
  8
ARREDI ATTREZZATURE - FURNITURE
  6
BYLAYER
 62
  256
  0
ARC
  5
368
  8
ARREDI ATTREZZATURE - FURNITURE
  6
BYLAYER
 62
  256
 10
0.04934816113154739
 20
0.00253432011413679
 40
0.007063515442762763
 50
307.3226443999321
 51
338.8853407658159
  0
ARC
  5
369
  8
ARREDI ATTREZZATURE - FURNITURE
  6
BYLAYER
 62
  256
 10
0.04934816113154739
 20
0.01546567988611969
 40
0.007063515442762763
 50
20.12569638833004
 51
52.67735560324672
  0
ARC
  5
36A
  8
ARREDI ATTREZZATURE - FURNITURE
  6
BYLAYER
 62
  256
 10
0.03695841153967194
 20
0.009052389879798284
 40
0.03852340408581031
 50
344.9676438034209
 51
16.94915297260365
  0
ENDBLK
  8
0
  0
BLOCK
  8
0
  2
BAGNO
 70
   64
 10
0
 20
0
  3
BAGNO
  1

  0
INSERT
  5
36B
  8
ARREDI ATTREZZATURE - FURNITURE
  6
BYLAYER
 62
  256
  2
WC JP94AW25
 10
2332.591141918081
 20
1101.416899479587
 30
0
 41
-1
 42
1
 43
1
 50
0
 70
    1
 71
    1
 44
0
 45
0
  0
ENDBLK
  8
0
  0
BLOCK
  8
0
  2
BIDET
 70
   64
 10
0
 20
0
  3
BIDET
  1

  0
LINE
  5
36C
  8
ARREDI ATTREZZATURE - FURNITURE
  6
BYLAYER
 62
  256
 10
1748.515646930441
 20
1919.138638041924
 11
1748.210192384987
 21
1919.138638041924
  0
LINE
  5
36D
  8
ARREDI ATTREZZATURE - FURNITURE
  6
BYLAYER
 62
  256
 10
1748.515646930441
 20
1919.138638041924
 11
1748.553036242495
 21
1918.894589210027
  0
LINE
  5
36E
  8
ARREDI ATTREZZATURE - FURNITURE
  6
BYLAYER
 62
  256
 10
1748.210159888392
 20
1919.138638041924
 11
1748.172770576338
 21
1918.894589210027
  0
ARC
  5
36F
  8
ARREDI ATTREZZATURE - FURNITURE
  6
BYLAYER
 62
  256
 10
1748.375317435237
 20
1918.65561445539
 40
0.396569510139786
 50
95.65888380324525
 51
95.65888735102746
  0
ARC
  5
370
  8
ARREDI ATTREZZATURE - FURNITURE
  6
BYLAYER
 62
  256
 10
1748.362055782327
 20
1919.051962162505
 40
0.0258989393767937
 50
287.9038085299375
 51
256.0714760508837
  0
ARC
  5
371
  8
ARREDI ATTREZZATURE - FURNITURE
  6
BYLAYER
 62
  256
 10
1748.362055782327
 20
1919.051962162505
 40
0.03619658993235384
 50
282.7067517947169
 51
260.0824118949586
  0
LINE
  5
372
  8
ARREDI ATTREZZATURE - FURNITURE
  6
BYLAYER
 62
  256
 10
1748.370017641666
 20
1919.051894040895
 11
1748.370017606772
 21
1918.972034808322
  0
ARC
  5
373
  8
ARREDI ATTREZZATURE - FURNITURE
  6
BYLAYER
 62
  256
 10
1748.362919657714
 20
1919.0519456392
 40
0.007098171494458991
 50
359.5834996210143
 51
179.5834996210142
  0
LINE
  5
374
  8
ARREDI ATTREZZATURE - FURNITURE
  6
BYLAYER
 62
  256
 10
1748.35582148622
 20
1918.972091002094
 11
1748.355821673763
 21
1919.051997237505
  0
ARC
  5
375
  8
ARREDI ATTREZZATURE - FURNITURE
  6
BYLAYER
 62
  256
 10
1748.362919657714
 20
1918.972091002094
 40
0.007098171494685219
 50
179.5834996233604
 51
359.5834996196631
  0
LINE
  5
376
  8
ARREDI ATTREZZATURE - FURNITURE
  6
BYLAYER
 62
  256
 10
1748.342340215184
 20
1919.021606116403
 11
1748.349192143276
 21
1918.900269615694
  0
ARC
  5
377
  8
ARREDI ATTREZZATURE - FURNITURE
  6
BYLAYER
 62
  256
 10
1748.362919657714
 20
1918.896176589419
 40
0.01353187807561833
 50
181.8890778349284
 51
358.1109221650716
  0
ARC
  5
378
  8
ARREDI ATTREZZATURE - FURNITURE
  6
BYLAYER
 62
  256
 10
1748.155654240121
 20
1918.889340441144
 40
0.1938462452917275
 50
1.889077834429949
 51
3.232086366640881
  0
ARC
  5
379
  8
ARREDI ATTREZZATURE - FURNITURE
  6
BYLAYER
 62
  256
 10
1748.570185075307
 20
1918.889340441143
 40
0.1938462452917275
 50
176.7679136334262
 51
178.110922165167
  0
LINE
  5
37A
  8
ARREDI ATTREZZATURE - FURNITURE
  6
BYLAYER
 62
  256
 10
1748.383569503021
 20
1919.022852835054
 11
1748.376647172153
 21
1918.900269615692
  0
ARC
  5
37B
  8
ARREDI ATTREZZATURE - FURNITURE
  6
BYLAYER
 62
  256
 10
1748.362919657714
 20
1918.882644711343
 40
0.0186069164753917
 50
136.5657605119558
 51
43.43423948804418
  0
ARC
  5
37C
  8
ARREDI ATTREZZATURE - FURNITURE
  6
BYLAYER
 62
  256
 10
1748.362919657714
 20
1918.882644711343
 40
0.02066808684935495
 50
131.2272436461544
 51
48.77275635384562
  0
ENDBLK
  8
0
  0
BLOCK
  8
0
  2
DIVANO GRANDE - BIG COUCH
 70
   64
 10
0
 20
0
  3
DIVANO GRANDE - BIG COUCH
  1

  0
ARC
  5
37D
  8
ARREDI ATTREZZATURE - FURNITURE
  6
CONTINUOUS
 62
  256
 10
1744.638596470482
 20
1920.210482394024
 40
0.7054865888463673
 50
177.9199331400942
 51
201.8975893977979
  0
ARC
  5
37E
  8
ARREDI ATTREZZATURE - FURNITURE
  6
CONTINUOUS
 62
  256
 10
1743.026367553834
 20
1919.929536997189
 40
0.3598935716355894
 50
348.312678068679
 51
32.41080717950086
  0
ARC
  5
37F
  8
ARREDI ATTREZZATURE - FURNITURE
  6
CONTINUOUS
 62
  256
 10
1743.921732747879
 20
1918.29906348033
 40
1.64948462773432
 50
87.83627225290354
 51
109.217383133349
  0
ARC
  5
380
  8
ARREDI ATTREZZATURE - FURNITURE
  6
CONTINUOUS
 62
  256
 10
1743.32776726343
 20
1921.793799455192
 40
1.671366296079385
 50
270.083374507805
 51
291.2514990326205
  0
ARC
  5
381
  8
ARREDI ATTREZZATURE - FURNITURE
  6
CONTINUOUS
 62
  256
 10
1742.616381579919
 20
1920.421169499658
 40
0.3598935716355893
 50
79.54471222444289
 51
123.6428413352491
  0
ARC
  5
382
  8
ARREDI ATTREZZATURE - FURNITURE
  6
CONTINUOUS
 62
  256
 10
1744.227226559986
 20
1921.351385157492
 40
1.64948462773432
 50
179.0683064086606
 51
200.4494172890995
  0
ARC
  5
383
  8
ARREDI ATTREZZATURE - FURNITURE
  6
CONTINUOUS
 62
  256
 10
1740.746069590983
 20
1920.682415286813
 40
1.671366296079385
 50
1.315408663564526
 51
22.48353318837978
  0
ARC
  5
384
  8
ARREDI ATTREZZATURE - FURNITURE
  6
CONTINUOUS
 62
  256
 10
1742.300835961029
 20
1922.026984980365
 40
0.7054865888463672
 50
269.1519672958606
 51
293.1296235535584
  0
ENDBLK
  8
0
  0
BLOCK
  8
0
  2
VASCA- BATHTUBE
 70
   64
 10
0
 20
0
  3
VASCA- BATHTUBE
  1

  0
LINE
  5
385
  8
ARREDI ATTREZZATURE - FURNITURE
  6
CONTINUOUS
 62
  256
 10
1748.791585051101
 20
1917.03099881496
 11
1749.581787898979
 21
1917.03099881496
  0
CIRCLE
  5
386
  8
ARREDI ATTREZZATURE - FURNITURE
  6
CONTINUOUS
 62
  256
 10
1749.185656869094
 20
1917.236310871917
 40
0.03076134566981636
  0
LINE
  5
387
  8
ARREDI ATTREZZATURE - FURNITURE
  6
CONTINUOUS
 62
  256
 10
1749.0960334769
 20
1917.09891201689
 11
1749.275280261287
 21
1917.09891201689
  0
LINE
  5
388
  8
ARREDI ATTREZZATURE - FURNITURE
  6
CONTINUOUS
 62
  256
 10
1748.861376269088
 20
1918.43243631185
 11
1748.902315289095
 21
1917.2857133685
  0
LINE
  5
389
  8
ARREDI ATTREZZATURE - FURNITURE
  6
CONTINUOUS
 62
  256
 10
1749.509937469099
 20
1918.43243631185
 11
1749.468998449093
 21
1917.2857133685
  0
ARC
  5
38A
  8
ARREDI ATTREZZATURE - FURNITURE
  6
CONTINUOUS
 62
  256
 10
1749.275280261287
 20
1917.292758262182
 40
0.1938462452917275
 50
270
 51
357.9172586916903
  0
ARC
  5
38B
  8
ARREDI ATTREZZATURE - FURNITURE
  6
CONTINUOUS
 62
  256
 10
1749.0960334769
 20
1917.292758262182
 40
0.1938462452917275
 50
182.0827413083097
 51
270
  0
ARC
  5
38C
  8
ARREDI ATTREZZATURE - FURNITURE
  6
CONTINUOUS
 62
  256
 10
1749.185656869094
 20
1918.43243631185
 40
0.3242806000052951
 50
0
 51
180
  0
ENDBLK
  8
0
  0
BLOCK
  8
0
  2
TAVOLO- TABLE
 70
   64
 10
0
 20
0
  3
TAVOLO- TABLE
  1

  0
ENDBLK
  8
0
  0
BLOCK
  8
0
  2
*D24
 70
   65
 10
0
 20
0
  3
*D24
  1

  0
LINE
  5
38D
  8
QUOTE - DIMENSION
  6
BYLAYER
 62
    0
 10
95.76868601551919
 20
113.253929096236
 11
95.98644570936341
 21
113.253929096236
  0
LINE
  5
38E
  8
QUOTE - DIMENSION
  6
BYLAYER
 62
    0
 10
95.76868601551919
 20
106.2186618206869
 11
95.98644570936341
 21
106.2186618206869
  0
LINE
  5
38F
  8
QUOTE - DIMENSION
  6
BYLAYER
 62
    0
 10
95.95644570936341
 20
113.253929096236
 11
95.95644570936341
 21
106.2186618206869
  0
INSERT
  5
390
  8
QUOTE - DIMENSION
  6
BYLAYER
 62
    0
  2
_OBLIQUE
 10
95.95644570936341
 20
113.253929096236
 30
0
 41
0.03
 42
0.03
 43
0.03
 50
90
 70
    1
 71
    1
 44
0
 45
0
  0
INSERT
  5
391
  8
QUOTE - DIMENSION
  6
BYLAYER
 62
    0
  2
_OBLIQUE
 10
95.95644570936341
 20
106.2186618206869
 30
0
 41
0.03
 42
0.03
 43
0.03
 50
270
 70
    1
 71
    1
 44
0
 45
0
  0
POINT
  5
392
  8
DEFPOINTS
  6
BYLAYER
 62
    0
 10
95.76868601551919
 20
113.253929096236
  0
POINT
  5
393
  8
DEFPOINTS
  6
BYLAYER
 62
    0
 10
95.76868601551919
 20
106.2186618206869
  0
POINT
  5
394
  8
DEFPOINTS
  6
BYLAYER
 62
    0
 10
95.95644570936341
 20
106.2186618206869
  0
ENDBLK
  8
0
  0
BLOCK
  8
0
  2
AW LOGO
 70
   64
 10
0
 20
0
  3
AW LOGO
  1

  0
ENDBLK
  8
0
  0
BLOCK
  8
0
  2
*MODEL_SPACE
 70
   64
 10
0
 20
0
  3
*MODEL_SPACE
  1

  0
ENDBLK
  8
0
  0
BLOCK
  8
0
  2
_OPEN90
 70
   64
 10
0
 20
0
  3
_OPEN90
  1

  0
LINE
  5
395
  8
0
  6
BYBLOCK
 62
    0
 10
-0.5000002699998731
 20
0.5000002699998731
 11
0
 21
0
  0
LINE
  5
396
  8
0
  6
BYBLOCK
 62
    0
 10
0
 20
0
 11
-0.5000002699998731
 21
-0.5000002699998731
  0
LINE
  5
397
  8
0
  6
BYBLOCK
 62
    0
 10
0
 20
0
 11
-1.000000539999746
 21
0
  0
ENDBLK
  8
0
  0
BLOCK
  8
0
  2
PORTA-DOOR
 70
   64
 10
0
 20
0
  3
PORTA-DOOR
  1

  0
ARC
  5
398
  8
DOOR
  6
CONTINUOUS
 62
  251
 10
1746.533817685609
 20
1915.665170101668
 40
0.9000000000005457
 50
90
 51
180.000000000275
  0
ENDBLK
  8
0
  0
BLOCK
  8
0
  2
_ARCHTICK
 70
   64
 10
0
 20
0
  3
_ARCHTICK
  1

  0
ENDBLK
  8
0
  0
BLOCK
  8
0
  2
_SMALL
 70
   64
 10
0
 20
0
  3
_SMALL
  1

  0
CIRCLE
  5
399
  8
0
  6
BYLAYER
 62
    0
 10
0
 20
0
 40
0.25
  0
ENDBLK
  8
0
  0
BLOCK
  8
0
  2
LETTO MATRIMONIALE - DOUBLE BED - HU82AW25
 70
   64
 10
0
 20
0
  3
LETTO MATRIMONIALE - DOUBLE BED - HU82AW25
  1

  0
ARC
  5
39A
  8
ARREDI ATTREZZATURE - FURNITURE
  6
BYLAYER
 62
  256
 10
915.2104143663844
 20
121.6189033989726
 40
0.09280807459990821
 50
300.7513381006244
 51
59.24866189937556
  0
ARC
  5
39B
  8
ARREDI ATTREZZATURE - FURNITURE
  6
BYLAYER
 62
  256
 10
915.2104143663844
 20
121.6189033989726
 40
0.07828211869551627
 50
300.7513381006244
 51
59.24866189937556
  0
LINE
  5
39C
  8
ARREDI ATTREZZATURE - FURNITURE
  6
BYLAYER
 62
  256
 10
915.2504410436109
 20
121.5516281790349
 11
915.2578683559789
 21
121.5391446528536
  0
LINE
  5
39D
  8
ARREDI ATTREZZATURE - FURNITURE
  6
BYLAYER
 62
  256
 10
915.2504410436109
 20
121.6861786189104
 11
915.2578683559789
 21
121.6986621450917
  0
ARC
  5
39E
  8
ARREDI ATTREZZATURE - FURNITURE
  6
BYLAYER
 62
  256
 10
915.2918201911116
 20
121.6189033989726
 40
0.0470564667437906
 50
110.7402820757684
 51
249.2597179242316
  0
ARC
  5
39F
  8
ARREDI ATTREZZATURE - FURNITURE
  6
BYLAYER
 62
  256
 10
915.2918201911116
 20
121.6189033989726
 40
0.0470564667437906
 50
75.97708460784965
 51
91.7044699606159
  0
ARC
  5
3A0
  8
ARREDI ATTREZZATURE - FURNITURE
  6
BYLAYER
 62
  256
 10
915.2918201911116
 20
121.6189033989726
 40
0.0470564667437906
 50
268.2955300393841
 51
284.0229153921504
  0
ARC
  5
3A1
  8
ARREDI ATTREZZATURE - FURNITURE
  6
BYLAYER
 62
  256
 10
915.2104143663844
 20
123.8045478725362
 40
0.09280807459990821
 50
300.7513381006243
 51
59.24866189937566
  0
ARC
  5
3A2
  8
ARREDI ATTREZZATURE - FURNITURE
  6
BYLAYER
 62
  256
 10
915.2104143663844
 20
123.8045478725362
 40
0.07828211869551627
 50
300.7513381006243
 51
59.24866189937566
  0
LINE
  5
3A3
  8
ARREDI ATTREZZATURE - FURNITURE
  6
BYLAYER
 62
  256
 10
915.2504410436109
 20
123.871823092474
 11
915.2578683559789
 21
123.8843066186553
  0
LINE
  5
3A4
  8
ARREDI ATTREZZATURE - FURNITURE
  6
BYLAYER
 62
  256
 10
915.2504410436109
 20
123.7372726525984
 11
915.2578683559789
 21
123.7247891264171
  0
ARC
  5
3A5
  8
ARREDI ATTREZZATURE - FURNITURE
  6
BYLAYER
 62
  256
 10
915.2918201911116
 20
123.8045478725362
 40
0.0470564667437906
 50
110.7402820757682
 51
249.2597179242318
  0
ARC
  5
3A6
  8
ARREDI ATTREZZATURE - FURNITURE
  6
BYLAYER
 62
  256
 10
915.2918201911116
 20
123.8045478725362
 40
0.0470564667437906
 50
268.2955300393841
 51
284.0229153921504
  0
ARC
  5
3A7
  8
ARREDI ATTREZZATURE - FURNITURE
  6
BYLAYER
 62
  256
 10
915.2918201911116
 20
123.8045478725362
 40
0.0470564667437906
 50
75.97708460784963
 51
91.70446996061594
  0
ENDBLK
  8
0
  0
BLOCK
  8
0
  2
PORTA-75
 70
   64
 10
0
 20
0
  3
PORTA-75
  1

  0
ENDBLK
  8
0
  0
BLOCK
  8
0
  2
PORTA - DOORS 75
 70
   64
 10
0
 20
0
  3
PORTA - DOORS 75
  1

  0
LINE
  5
3A8
  8
DOOR
  6
BYLAYER
 62
    2
 10
0.001655225848042986
 20
0.8000000000004548
 11
0.001655225848042986
 21
0.7500000000002729
  0
LINE
  5
3A9
  8
DOOR
  6
BYLAYER
 62
    2
 10
0.001655225848042986
 20
0.7500000000002729
 11
-0.0983447741523208
 21
0.7500000000002729
  0
LINE
  5
3AA
  8
DOOR
  6
BYLAYER
 62
    2
 10
-0.0983447741523208
 20
0.7500000000002729
 11
-0.0983447741523208
 21
0.8000000000004548
  0
LINE
  5
3AB
  8
DOOR
  6
BYLAYER
 62
    2
 10
-0.1000000000012733
 20
-0.04999999999972715
 11
-9.094947017729282e-13
 21
-0.04999999999972716
  0
LINE
  5
3AC
  8
DOOR
  6
BYLAYER
 62
    2
 10
-9.094947017729282e-13
 20
-0.04999999999972716
 11
-9.094947017729282e-13
 21
-0.09999999999990905
  0
LINE
  5
3AD
  8
DOOR
  6
BYLAYER
 62
    2
 10
-0.1000000000012733
 20
-0.09999999999899956
 11
-0.1000000000012733
 21
-0.04999999999972715
  0
LINE
  5
3AE
  8
DOOR
  6
BYLAYER
 62
    2
 10
0.7999999999990905
 20
-0.04999999999972716
 11
-9.094947017729282e-13
 21
-0.04999999999972716
  0
LINE
  5
3AF
  8
DOOR
  6
BYLAYER
 62
    2
 10
-9.094947017729282e-13
 20
-0.04999999999972716
 11
-9.094947017729282e-13
 21
4.547473508864641e-13
  0
LINE
  5
3B0
  8
DOOR
  6
BYLAYER
 62
    2
 10
-9.094947017729282e-13
 20
4.547473508864641e-13
 11
0.7999999999990905
 21
4.546987786291368e-13
  0
ARC
  5
3B1
  8
DOOR
  6
BYLAYER
 62
  251
 10
-9.094947017729282e-13
 20
-0.04999999999972716
 40
0.8
 50
0
 51
90
  0
ENDBLK
  8
0
  0
BLOCK
  8
0
  2
PORTA 0.8 M
 70
   64
 10
0
 20
0
  3
PORTA 0.8 M
  1

  0
LINE
  5
3B2
  8
DOOR
  6
BYLAYER
 62
    2
 10
0.7000000000000001
 20
0.04999999999972712
 11
0
 21
0.04999999999972712
  0
LINE
  5
3B3
  8
DOOR
  6
BYLAYER
 62
    2
 10
0
 20
0.04999999999972712
 11
0
 21
0.09999999999968165
  0
LINE
  5
3B4
  8
DOOR
  6
BYLAYER
 62
    2
 10
0
 20
0.09999999999968165
 11
0.7000000000000001
 21
0.09999999999968165
  0
LINE
  5
3B5
  8
DOOR
  6
BYLAYER
 62
    2
 10
0.7000000000000001
 20
0.09999999999969858
 11
0.7000000000000001
 21
0.04999999999974405
  0
ARC
  5
3B6
  8
DOOR
  6
BYLAYER
 62
  251
 10
0
 20
0.04999999999972712
 40
0.7000000000000001
 50
0
 51
90
  0
ENDBLK
  8
0
  0
BLOCK
  8
0
  2
WC JP94AW25
 70
   64
 10
0
 20
0
  3
WC JP94AW25
  1

  0
LINE
  5
3B7
  8
ARREDI ATTREZZATURE - FURNITURE
  6
BYLAYER
 62
  256
 10
584.3293049910424
 20
817.7217385623371
 11
584.6347595364966
 21
817.7217385623371
  0
LINE
  5
3B8
  8
ARREDI ATTREZZATURE - FURNITURE
  6
BYLAYER
 62
  256
 10
584.3293049910424
 20
817.7217385623371
 11
584.2919156789885
 21
817.4776897304398
  0
ARC
  5
3B9
  8
ARREDI ATTREZZATURE - FURNITURE
  6
BYLAYER
 62
  256
 10
584.4429274634074
 20
817.4782831376974
 40
0.01636363636363636
 50
90
 51
185.6379655839668
  0
LINE
  5
3BA
  8
ARREDI ATTREZZATURE - FURNITURE
  6
BYLAYER
 62
  256
 10
584.4266429857978
 20
817.4766755357591
 11
584.4326212826215
 21
817.4161173597199
  0
LINE
  5
3BB
  8
ARREDI ATTREZZATURE - FURNITURE
  6
BYLAYER
 62
  256
 10
584.4679094737673
 20
817.3841412794313
 11
584.482048512067
 21
817.3841412794313
  0
ARC
  5
3BC
  8
ARREDI ATTREZZATURE - FURNITURE
  6
BYLAYER
 62
  256
 10
584.4679094737673
 20
817.4196010062765
 40
0.03545972684301818
 50
185.6379655839668
 51
270.0000000004169
  0
LINE
  5
3BD
  8
ARREDI ATTREZZATURE - FURNITURE
  6
BYLAYER
 62
  256
 10
584.4429274634074
 20
817.4946467740551
 11
584.482048512067
 21
817.4946467740551
  0
ARC
  5
3BE
  8
ARREDI ATTREZZATURE - FURNITURE
  6
BYLAYER
 62
  256
 10
584.5211695607229
 20
817.4782831376974
 40
0.01636363636363636
 50
354.3620344160331
 51
90
  0
LINE
  5
3BF
  8
ARREDI ATTREZZATURE - FURNITURE
  6
BYLAYER
 62
  256
 10
584.5374540383361
 20
817.4766755357591
 11
584.5314757415124
 21
817.4161173597199
  0
LINE
  5
3C0
  8
ARREDI ATTREZZATURE - FURNITURE
  6
BYLAYER
 62
  256
 10
584.4961875503629
 20
817.3841412794313
 11
584.482048512067
 21
817.3841412794313
  0
ARC
  5
3C1
  8
ARREDI ATTREZZATURE - FURNITURE
  6
BYLAYER
 62
  256
 10
584.4961875503666
 20
817.4196010062765
 40
0.03545972684301818
 50
269.9999999995831
 51
354.3620344160331
  0
LINE
  5
3C2
  8
ARREDI ATTREZZATURE - FURNITURE
  6
BYLAYER
 62
  256
 10
584.5211695607229
 20
817.4946467740551
 11
584.482048512067
 21
817.4946467740551
  0
LINE
  5
3C3
  8
ARREDI ATTREZZATURE - FURNITURE
  6
BYLAYER
 62
  256
 10
584.6347920330916
 20
817.7217385623371
 11
584.6721813451454
 21
817.4776897304398
  0
ENDBLK
  8
0
  0
BLOCK
  8
0
  2
LAVATRICE-ASCIUGATRICE - TUMBLE DRYER - TY71AW25
 70
   64
 10
0
 20
0
  3
LAVATRICE-ASCIUGATRICE - TUMBLE DRYER - TY71AW25
  1

  0
CIRCLE
  5
3C4
  8
ARREDI ATTREZZATURE - FURNITURE
  6
BYLAYER
 62
  256
 10
345.2684164817857
 20
747.9561262852945
 40
0.1404073150269301
  0
LINE
  5
3C5
  8
ARREDI ATTREZZATURE - FURNITURE
  6
BYLAYER
 62
  256
 10
345.1365423282127
 20
748.0980786367317
 11
345.2968987075255
 21
747.9556876676545
  0
LINE
  5
3C6
  8
ARREDI ATTREZZATURE - FURNITURE
  6
BYLAYER
 62
  256
 10
345.2968987075255
 20
747.9556876676545
 11
345.2399342560459
 21
747.9565649029346
  0
LINE
  5
3C7
  8
ARREDI ATTREZZATURE - FURNITURE
  6
BYLAYER
 62
  256
 10
345.2399342560459
 20
747.9565649029346
 11
345.4047464216166
 21
747.8184476378402
  0
ENDBLK
  8
0
  0
BLOCK
  8
0
  2
_OBLIQUE
 70
   64
 10
0
 20
0
  3
_OBLIQUE
  1

  0
LINE
  5
3C8
  8
0
  6
BYBLOCK
 62
    0
 10
-0.5
 20
-0.5
 11
0.5
 21
0.5
  0
ENDBLK
  8
0
  0
BLOCK
  8
0
  2
ARMADIO
 70
   64
 10
0
 20
0
  3
ARMADIO
  1

  0
POLYLINE
  5
3C9
  8
ARREDI ATTREZZATURE - FURNITURE
  6
BYLAYER
 62
  256
 66
    1
 10
0
 20
0
 30
0
 70
    1
210
0
220
0
230
-0.9999999999999999
  0
VERTEX
  5
3CA
  8
ARREDI ATTREZZATURE - FURNITURE
  6
BYLAYER
 62
  256
 10
81629.22308757594
 20
41936.48871006557
 30
0
  0
VERTEX
  5
3CB
  8
ARREDI ATTREZZATURE - FURNITURE
  6
BYLAYER
 62
  256
 10
81629.22248078417
 20
41936.48842917887
 30
0
  0
VERTEX
  5
3CC
  8
ARREDI ATTREZZATURE - FURNITURE
  6
BYLAYER
 62
  256
 10
81629.22183582121
 20
41936.48751392892
 30
0
  0
VERTEX
  5
3CD
  8
ARREDI ATTREZZATURE - FURNITURE
  6
BYLAYER
 62
  256
 10
81629.22115424085
 20
41936.48596652065
 30
0
  0
VERTEX
  5
3CE
  8
ARREDI ATTREZZATURE - FURNITURE
  6
BYLAYER
 62
  256
 10
81629.22043768507
 20
41936.48379068189
 30
0
  0
VERTEX
  5
3CF
  8
ARREDI ATTREZZATURE - FURNITURE
  6
BYLAYER
 62
  256
 10
81629.2196878801
 20
41936.48099165442
 30
0
  0
VERTEX
  5
3D0
  8
ARREDI ATTREZZATURE - FURNITURE
  6
BYLAYER
 62
  256
 10
81629.21890663232
 20
41936.47757618135
 30
0
  0
VERTEX
  5
3D1
  8
ARREDI ATTREZZATURE - FURNITURE
  6
BYLAYER
 62
  256
 10
81629.21809582382
 20
41936.47355249087
 30
0
  0
VERTEX
  5
3D2
  8
ARREDI ATTREZZATURE - FURNITURE
  6
BYLAYER
 62
  256
 10
81629.21725740786
 20
41936.46893027637
 30
0
  0
VERTEX
  5
3D3
  8
ARREDI ATTREZZATURE - FURNITURE
  6
BYLAYER
 62
  256
 10
81629.21639340432
 20
41936.46372067319
 30
0
  0
VERTEX
  5
3D4
  8
ARREDI ATTREZZATURE - FURNITURE
  6
BYLAYER
 62
  256
 10
81629.21550589462
 20
41936.45793623172
 30
0
  0
VERTEX
  5
3D5
  8
ARREDI ATTREZZATURE - FURNITURE
  6
BYLAYER
 62
  256
 10
81629.21459701686
 20
41936.45159088719
 30
0
  0
VERTEX
  5
3D6
  8
ARREDI ATTREZZATURE - FURNITURE
  6
BYLAYER
 62
  256
 10
81629.21366896061
 20
41936.44469992607
 30
0
  0
VERTEX
  5
3D7
  8
ARREDI ATTREZZATURE - FURNITURE
  6
BYLAYER
 62
  256
 10
81629.21272396164
 20
41936.43727994931
 30
0
  0
VERTEX
  5
3D8
  8
ARREDI ATTREZZATURE - FURNITURE
  6
BYLAYER
 62
  256
 10
81629.21176429655
 20
41936.42934883227
 30
0
  0
VERTEX
  5
3D9
  8
ARREDI ATTREZZATURE - FURNITURE
  6
BYLAYER
 62
  256
 10
81629.2107922772
 20
41936.42092568173
 30
0
  0
VERTEX
  5
3DA
  8
ARREDI ATTREZZATURE - FURNITURE
  6
BYLAYER
 62
  256
 10
81629.20981024533
 20
41936.41203078976
 30
0
  0
VERTEX
  5
3DB
  8
ARREDI ATTREZZATURE - FURNITURE
  6
BYLAYER
 62
  256
 10
81629.20882056671
 20
41936.40268558497
 30
0
  0
VERTEX
  5
3DC
  8
ARREDI ATTREZZATURE - FURNITURE
  6
BYLAYER
 62
  256
 10
81629.20782562558
 20
41936.39291258074
 30
0
  0
VERTEX
  5
3DD
  8
ARREDI ATTREZZATURE - FURNITURE
  6
BYLAYER
 62
  256
 10
81629.20682781884
 20
41936.38273532112
 30
0
  0
VERTEX
  5
3DE
  8
ARREDI ATTREZZATURE - FURNITURE
  6
BYLAYER
 62
  256
 10
81629.20582955026
 20
41936.37217832403
 30
0
  0
VERTEX
  5
3DF
  8
ARREDI ATTREZZATURE - FURNITURE
  6
BYLAYER
 62
  256
 10
81629.20483322481
 20
41936.36126702216
 30
0
  0
VERTEX
  5
3E0
  8
ARREDI ATTREZZATURE - FURNITURE
  6
BYLAYER
 62
  256
 10
81629.20384124268
 20
41936.35002770184
 30
0
  0
VERTEX
  5
3E1
  8
ARREDI ATTREZZATURE - FURNITURE
  6
BYLAYER
 62
  256
 10
81629.20285599367
 20
41936.33848743954
 30
0
  0
VERTEX
  5
3E2
  8
ARREDI ATTREZZATURE - FURNITURE
  6
BYLAYER
 62
  256
 10
81629.2018798513
 20
41936.32667403678
 30
0
  0
VERTEX
  5
3E3
  8
ARREDI ATTREZZATURE - FURNITURE
  6
BYLAYER
 62
  256
 10
81629.20091516722
 20
41936.31461595307
 30
0
  0
VERTEX
  5
3E4
  8
ARREDI ATTREZZATURE - FURNITURE
  6
BYLAYER
 62
  256
 10
81629.19996426544
 20
41936.3023422374
 30
0
  0
VERTEX
  5
3E5
  8
ARREDI ATTREZZATURE - FURNITURE
  6
BYLAYER
 62
  256
 10
81629.19902943673
 20
41936.28988245822
 30
0
  0
VERTEX
  5
3E6
  8
ARREDI ATTREZZATURE - FURNITURE
  6
BYLAYER
 62
  256
 10
81629.19811293318
 20
41936.27726663225
 30
0
  0
VERTEX
  5
3E7
  8
ARREDI ATTREZZATURE - FURNITURE
  6
BYLAYER
 62
  256
 10
81629.19721696276
 20
41936.26452515209
 30
0
  0
VERTEX
  5
3E8
  8
ARREDI ATTREZZATURE - FURNITURE
  6
BYLAYER
 62
  256
 10
81629.1963436839
 20
41936.25168871309
 30
0
  0
VERTEX
  5
3E9
  8
ARREDI ATTREZZATURE - FURNITURE
  6
BYLAYER
 62
  256
 10
81629.19549520045
 20
41936.23878823937
 30
0
  0
VERTEX
  5
3EA
  8
ARREDI ATTREZZATURE - FURNITURE
  6
BYLAYER
 62
  256
 10
81629.19467355643
 20
41936.22585480929
 30
0
  0
VERTEX
  5
3EB
  8
ARREDI ATTREZZATURE - FURNITURE
  6
BYLAYER
 62
  256
 10
81629.19388073128
 20
41936.21291958062
 30
0
  0
VERTEX
  5
3EC
  8
ARREDI ATTREZZATURE - FURNITURE
  6
BYLAYER
 62
  256
 10
81629.19311863501
 20
41936.20001371545
 30
0
  0
VERTEX
  5
3ED
  8
ARREDI ATTREZZATURE - FURNITURE
  6
BYLAYER
 62
  256
 10
81629.19238910353
 20
41936.18716830516
 30
0
  0
VERTEX
  5
3EE
  8
ARREDI ATTREZZATURE - FURNITURE
  6
BYLAYER
 62
  256
 10
81629.19169389438
 20
41936.17441429543
 30
0
  0
VERTEX
  5
3EF
  8
ARREDI ATTREZZATURE - FURNITURE
  6
BYLAYER
 62
  256
 10
81629.19103468234
 20
41936.16178241183
 30
0
  0
VERTEX
  5
3F0
  8
ARREDI ATTREZZATURE - FURNITURE
  6
BYLAYER
 62
  256
 10
81629.19041305555
 20
41936.14930308565
 30
0
  0
VERTEX
  5
3F1
  8
ARREDI ATTREZZATURE - FURNITURE
  6
BYLAYER
 62
  256
 10
81629.18983051155
 20
41936.13700638068
 30
0
  0
VERTEX
  5
3F2
  8
ARREDI ATTREZZATURE - FURNITURE
  6
BYLAYER
 62
  256
 10
81629.18928845374
 20
41936.12492192077
 30
0
  0
VERTEX
  5
3F3
  8
ARREDI ATTREZZATURE - FURNITURE
  6
BYLAYER
 62
  256
 10
81629.18878818798
 20
41936.11307881844
 30
0
  0
VERTEX
  5
3F4
  8
ARREDI ATTREZZATURE - FURNITURE
  6
BYLAYER
 62
  256
 10
81629.18833091945
 20
41936.10150560475
 30
0
  0
VERTEX
  5
3F5
  8
ARREDI ATTREZZATURE - FURNITURE
  6
BYLAYER
 62
  256
 10
81629.18791774976
 20
41936.0902301606
 30
0
  0
VERTEX
  5
3F6
  8
ARREDI ATTREZZATURE - FURNITURE
  6
BYLAYER
 62
  256
 10
81629.18754967429
 20
41936.07927964952
 30
0
  0
VERTEX
  5
3F7
  8
ARREDI ATTREZZATURE - FURNITURE
  6
BYLAYER
 62
  256
 10
81629.18722757972
 20
41936.06868045223
 30
0
  0
VERTEX
  5
3F8
  8
ARREDI ATTREZZATURE - FURNITURE
  6
BYLAYER
 62
  256
 10
81629.18695224205
 20
41936.05845810315
 30
0
  0
VERTEX
  5
3F9
  8
ARREDI ATTREZZATURE - FURNITURE
  6
BYLAYER
 62
  256
 10
81629.18672432454
 20
41936.0486372288
 30
0
  0
VERTEX
  5
3FA
  8
ARREDI ATTREZZATURE - FURNITURE
  6
BYLAYER
 62
  256
 10
81629.18654437632
 20
41936.03924148854
 30
0
  0
VERTEX
  5
3FB
  8
ARREDI ATTREZZATURE - FURNITURE
  6
BYLAYER
 62
  256
 10
81629.18641283085
 20
41936.03029351751
 30
0
  0
VERTEX
  5
3FC
  8
ARREDI ATTREZZATURE - FURNITURE
  6
BYLAYER
 62
  256
 10
81629.18633000509
 20
41936.02181487218
 30
0
  0
VERTEX
  5
3FD
  8
ARREDI ATTREZZATURE - FURNITURE
  6
BYLAYER
 62
  256
 10
81629.18629609853
 20
41936.01382597833
 30
0
  0
VERTEX
  5
3FE
  8
ARREDI ATTREZZATURE - FURNITURE
  6
BYLAYER
 62
  256
 10
81629.18631119287
 20
41936.00634608192
 30
0
  0
VERTEX
  5
3FF
  8
ARREDI ATTREZZATURE - FURNITURE
  6
BYLAYER
 62
  256
 10
81629.18637525174
 20
41935.99939320266
 30
0
  0
VERTEX
  5
400
  8
ARREDI ATTREZZATURE - FURNITURE
  6
BYLAYER
 62
  256
 10
81629.18648812085
 20
41935.99298409066
 30
0
  0
VERTEX
  5
401
  8
ARREDI ATTREZZATURE - FURNITURE
  6
BYLAYER
 62
  256
 10
81629.18664952822
 20
41935.98713418602
 30
0
  0
VERTEX
  5
402
  8
ARREDI ATTREZZATURE - FURNITURE
  6
BYLAYER
 62
  256
 10
81629.18685908506
 20
41935.98185758169
 30
0
  0
VERTEX
  5
403
  8
ARREDI ATTREZZATURE - FURNITURE
  6
BYLAYER
 62
  256
 10
81629.18711628653
 20
41935.97716698945
 30
0
  0
VERTEX
  5
404
  8
ARREDI ATTREZZATURE - FURNITURE
  6
BYLAYER
 62
  256
 10
81629.18742051297
 20
41935.97307370936
 30
0
  0
VERTEX
  5
405
  8
ARREDI ATTREZZATURE - FURNITURE
  6
BYLAYER
 62
  256
 10
81629.18777103152
 20
41935.96958760249
 30
0
  0
VERTEX
  5
406
  8
ARREDI ATTREZZATURE - FURNITURE
  6
BYLAYER
 62
  256
 10
81629.1881669977
 20
41935.96671706717
 30
0
  0
VERTEX
  5
407
  8
ARREDI ATTREZZATURE - FURNITURE
  6
BYLAYER
 62
  256
 10
81629.18860745763
 20
41935.96446901879
 30
0
  0
VERTEX
  5
408
  8
ARREDI ATTREZZATURE - FURNITURE
  6
BYLAYER
 62
  256
 10
81629.1890913502
 20
41935.96284887307
 30
0
  0
VERTEX
  5
409
  8
ARREDI ATTREZZATURE - FURNITURE
  6
BYLAYER
 62
  256
 10
81629.18961750966
 20
41935.9618605331
 30
0
  0
VERTEX
  5
40A
  8
ARREDI ATTREZZATURE - FURNITURE
  6
BYLAYER
 62
  256
 10
81629.19018466845
 20
41935.96150637986
 30
0
  0
VERTEX
  5
40B
  8
ARREDI ATTREZZATURE - FURNITURE
  6
BYLAYER
 62
  256
 10
81629.19079146022
 20
41935.96178726656
 30
0
  0
VERTEX
  5
40C
  8
ARREDI ATTREZZATURE - FURNITURE
  6
BYLAYER
 62
  256
 10
81629.19143642318
 20
41935.96270251651
 30
0
  0
VERTEX
  5
40D
  8
ARREDI ATTREZZATURE - FURNITURE
  6
BYLAYER
 62
  256
 10
81629.19211800354
 20
41935.96424992479
 30
0
  0
VERTEX
  5
40E
  8
ARREDI ATTREZZATURE - FURNITURE
  6
BYLAYER
 62
  256
 10
81629.19283455932
 20
41935.96642576354
 30
0
  0
VERTEX
  5
40F
  8
ARREDI ATTREZZATURE - FURNITURE
  6
BYLAYER
 62
  256
 10
81629.19358436429
 20
41935.96922479101
 30
0
  0
VERTEX
  5
410
  8
ARREDI ATTREZZATURE - FURNITURE
  6
BYLAYER
 62
  256
 10
81629.19436561207
 20
41935.97264026408
 30
0
  0
VERTEX
  5
411
  8
ARREDI ATTREZZATURE - FURNITURE
  6
BYLAYER
 62
  256
 10
81629.19517642057
 20
41935.97666395456
 30
0
  0
VERTEX
  5
412
  8
ARREDI ATTREZZATURE - FURNITURE
  6
BYLAYER
 62
  256
 10
81629.19601483653
 20
41935.98128616906
 30
0
  0
VERTEX
  5
413
  8
ARREDI ATTREZZATURE - FURNITURE
  6
BYLAYER
 62
  256
 10
81629.19687884007
 20
41935.98649577224
 30
0
  0
VERTEX
  5
414
  8
ARREDI ATTREZZATURE - FURNITURE
  6
BYLAYER
 62
  256
 10
81629.19776634977
 20
41935.99228021371
 30
0
  0
VERTEX
  5
415
  8
ARREDI ATTREZZATURE - FURNITURE
  6
BYLAYER
 62
  256
 10
81629.19867522753
 20
41935.99862555824
 30
0
  0
VERTEX
  5
416
  8
ARREDI ATTREZZATURE - FURNITURE
  6
BYLAYER
 62
  256
 10
81629.19960328378
 20
41936.00551651936
 30
0
  0
VERTEX
  5
417
  8
ARREDI ATTREZZATURE - FURNITURE
  6
BYLAYER
 62
  256
 10
81629.20054828275
 20
41936.01293649612
 30
0
  0
VERTEX
  5
418
  8
ARREDI ATTREZZATURE - FURNITURE
  6
BYLAYER
 62
  256
 10
81629.20150794784
 20
41936.02086761316
 30
0
  0
VERTEX
  5
419
  8
ARREDI ATTREZZATURE - FURNITURE
  6
BYLAYER
 62
  256
 10
81629.20247996719
 20
41936.0292907637
 30
0
  0
VERTEX
  5
41A
  8
ARREDI ATTREZZATURE - FURNITURE
  6
BYLAYER
 62
  256
 10
81629.20346199906
 20
41936.03818565567
 30
0
  0
VERTEX
  5
41B
  8
ARREDI ATTREZZATURE - FURNITURE
  6
BYLAYER
 62
  256
 10
81629.20445167768
 20
41936.04753086047
 30
0
  0
VERTEX
  5
41C
  8
ARREDI ATTREZZATURE - FURNITURE
  6
BYLAYER
 62
  256
 10
81629.20544661881
 20
41936.05730386469
 30
0
  0
VERTEX
  5
41D
  8
ARREDI ATTREZZATURE - FURNITURE
  6
BYLAYER
 62
  256
 10
81629.20644442555
 20
41936.06748112431
 30
0
  0
VERTEX
  5
41E
  8
ARREDI ATTREZZATURE - FURNITURE
  6
BYLAYER
 62
  256
 10
81629.20744269413
 20
41936.07803812141
 30
0
  0
VERTEX
  5
41F
  8
ARREDI ATTREZZATURE - FURNITURE
  6
BYLAYER
 62
  256
 10
81629.20843901958
 20
41936.08894942327
 30
0
  0
VERTEX
  5
420
  8
ARREDI ATTREZZATURE - FURNITURE
  6
BYLAYER
 62
  256
 10
81629.20943100171
 20
41936.10018874359
 30
0
  0
VERTEX
  5
421
  8
ARREDI ATTREZZATURE - FURNITURE
  6
BYLAYER
 62
  256
 10
81629.21041625072
 20
41936.11172900589
 30
0
  0
VERTEX
  5
422
  8
ARREDI ATTREZZATURE - FURNITURE
  6
BYLAYER
 62
  256
 10
81629.21139239309
 20
41936.12354240866
 30
0
  0
VERTEX
  5
423
  8
ARREDI ATTREZZATURE - FURNITURE
  6
BYLAYER
 62
  256
 10
81629.21235707717
 20
41936.13560049236
 30
0
  0
VERTEX
  5
424
  8
ARREDI ATTREZZATURE - FURNITURE
  6
BYLAYER
 62
  256
 10
81629.21330797895
 20
41936.14787420804
 30
0
  0
VERTEX
  5
425
  8
ARREDI ATTREZZATURE - FURNITURE
  6
BYLAYER
 62
  256
 10
81629.21424280766
 20
41936.16033398721
 30
0
  0
VERTEX
  5
426
  8
ARREDI ATTREZZATURE - FURNITURE
  6
BYLAYER
 62
  256
 10
81629.21515931121
 20
41936.17294981318
 30
0
  0
VERTEX
  5
427
  8
ARREDI ATTREZZATURE - FURNITURE
  6
BYLAYER
 62
  256
 10
81629.21605528163
 20
41936.18569129334
 30
0
  0
VERTEX
  5
428
  8
ARREDI ATTREZZATURE - FURNITURE
  6
BYLAYER
 62
  256
 10
81629.21692856049
 20
41936.19852773234
 30
0
  0
VERTEX
  5
429
  8
ARREDI ATTREZZATURE - FURNITURE
  6
BYLAYER
 62
  256
 10
81629.21777704394
 20
41936.21142820606
 30
0
  0
VERTEX
  5
42A
  8
ARREDI ATTREZZATURE - FURNITURE
  6
BYLAYER
 62
  256
 10
81629.21859868796
 20
41936.22436163614
 30
0
  0
VERTEX
  5
42B
  8
ARREDI ATTREZZATURE - FURNITURE
  6
BYLAYER
 62
  256
 10
81629.21939151311
 20
41936.23729686481
 30
0
  0
VERTEX
  5
42C
  8
ARREDI ATTREZZATURE - FURNITURE
  6
BYLAYER
 62
  256
 10
81629.22015360938
 20
41936.25020272998
 30
0
  0
VERTEX
  5
42D
  8
ARREDI ATTREZZATURE - FURNITURE
  6
BYLAYER
 62
  256
 10
81629.22088314086
 20
41936.26304814027
 30
0
  0
VERTEX
  5
42E
  8
ARREDI ATTREZZATURE - FURNITURE
  6
BYLAYER
 62
  256
 10
81629.22157835001
 20
41936.27580215
 30
0
  0
VERTEX
  5
42F
  8
ARREDI ATTREZZATURE - FURNITURE
  6
BYLAYER
 62
  256
 10
81629.22223756205
 20
41936.2884340336
 30
0
  0
VERTEX
  5
430
  8
ARREDI ATTREZZATURE - FURNITURE
  6
BYLAYER
 62
  256
 10
81629.22285918884
 20
41936.30091335978
 30
0
  0
VERTEX
  5
431
  8
ARREDI ATTREZZATURE - FURNITURE
  6
BYLAYER
 62
  256
 10
81629.22344173284
 20
41936.31321006475
 30
0
  0
VERTEX
  5
432
  8
ARREDI ATTREZZATURE - FURNITURE
  6
BYLAYER
 62
  256
 10
81629.22398379065
 20
41936.32529452466
 30
0
  0
VERTEX
  5
433
  8
ARREDI ATTREZZATURE - FURNITURE
  6
BYLAYER
 62
  256
 10
81629.22448405641
 20
41936.33713762699
 30
0
  0
VERTEX
  5
434
  8
ARREDI ATTREZZATURE - FURNITURE
  6
BYLAYER
 62
  256
 10
81629.22494132494
 20
41936.34871084068
 30
0
  0
VERTEX
  5
435
  8
ARREDI ATTREZZATURE - FURNITURE
  6
BYLAYER
 62
  256
 10
81629.22535449463
 20
41936.35998628484
 30
0
  0
VERTEX
  5
436
  8
ARREDI ATTREZZATURE - FURNITURE
  6
BYLAYER
 62
  256
 10
81629.2257225701
 20
41936.37093679592
 30
0
  0
VERTEX
  5
437
  8
ARREDI ATTREZZATURE - FURNITURE
  6
BYLAYER
 62
  256
 10
81629.22604466467
 20
41936.38153599321
 30
0
  0
VERTEX
  5
438
  8
ARREDI ATTREZZATURE - FURNITURE
  6
BYLAYER
 62
  256
 10
81629.22632000234
 20
41936.39175834228
 30
0
  0
VERTEX
  5
439
  8
ARREDI ATTREZZATURE - FURNITURE
  6
BYLAYER
 62
  256
 10
81629.22654791985
 20
41936.40157921663
 30
0
  0
VERTEX
  5
43A
  8
ARREDI ATTREZZATURE - FURNITURE
  6
BYLAYER
 62
  256
 10
81629.22672786807
 20
41936.4109749569
 30
0
  0
VERTEX
  5
43B
  8
ARREDI ATTREZZATURE - FURNITURE
  6
BYLAYER
 62
  256
 10
81629.22685941354
 20
41936.41992292792
 30
0
  0
VERTEX
  5
43C
  8
ARREDI ATTREZZATURE - FURNITURE
  6
BYLAYER
 62
  256
 10
81629.2269422393
 20
41936.42840157326
 30
0
  0
VERTEX
  5
43D
  8
ARREDI ATTREZZATURE - FURNITURE
  6
BYLAYER
 62
  256
 10
81629.22697614586
 20
41936.4363904671
 30
0
  0
VERTEX
  5
43E
  8
ARREDI ATTREZZATURE - FURNITURE
  6
BYLAYER
 62
  256
 10
81629.22696105152
 20
41936.44387036351
 30
0
  0
VERTEX
  5
43F
  8
ARREDI ATTREZZATURE - FURNITURE
  6
BYLAYER
 62
  256
 10
81629.22689699265
 20
41936.45082324277
 30
0
  0
VERTEX
  5
440
  8
ARREDI ATTREZZATURE - FURNITURE
  6
BYLAYER
 62
  256
 10
81629.22678412354
 20
41936.45723235477
 30
0
  0
VERTEX
  5
441
  8
ARREDI ATTREZZATURE - FURNITURE
  6
BYLAYER
 62
  256
 10
81629.22662271617
 20
41936.46308225941
 30
0
  0
VERTEX
  5
442
  8
ARREDI ATTREZZATURE - FURNITURE
  6
BYLAYER
 62
  256
 10
81629.22641315933
 20
41936.46835886374
 30
0
  0
VERTEX
  5
443
  8
ARREDI ATTREZZATURE - FURNITURE
  6
BYLAYER
 62
  256
 10
81629.22615595786
 20
41936.47304945598
 30
0
  0
VERTEX
  5
444
  8
ARREDI ATTREZZATURE - FURNITURE
  6
BYLAYER
 62
  256
 10
81629.22585173142
 20
41936.47714273607
 30
0
  0
VERTEX
  5
445
  8
ARREDI ATTREZZATURE - FURNITURE
  6
BYLAYER
 62
  256
 10
81629.22550121287
 20
41936.48062884294
 30
0
  0
VERTEX
  5
446
  8
ARREDI ATTREZZATURE - FURNITURE
  6
BYLAYER
 62
  256
 10
81629.22510524669
 20
41936.48349937826
 30
0
  0
VERTEX
  5
447
  8
ARREDI ATTREZZATURE - FURNITURE
  6
BYLAYER
 62
  256
 10
81629.22466478676
 20
41936.48574742665
 30
0
  0
VERTEX
  5
448
  8
ARREDI ATTREZZATURE - FURNITURE
  6
BYLAYER
 62
  256
 10
81629.22418089419
 20
41936.48736757236
 30
0
  0
VERTEX
  5
449
  8
ARREDI ATTREZZATURE - FURNITURE
  6
BYLAYER
 62
  256
 10
81629.22365473473
 20
41936.48835591233
 30
0
  0
SEQEND
  5
44A
  8
ARREDI ATTREZZATURE - FURNITURE
  6
BYLAYER
 62
  256
  0
POLYLINE
  5
44B
  8
ARREDI ATTREZZATURE - FURNITURE
  6
BYLAYER
 62
  256
 66
    1
 10
0
 20
0
 30
0
 70
    1
210
0
220
0
230
-1
  0
VERTEX
  5
44C
  8
ARREDI ATTREZZATURE - FURNITURE
  6
BYLAYER
 62
  256
 10
81629.51334440308
 20
41936.48434703296
 30
0
  0
VERTEX
  5
44D
  8
ARREDI ATTREZZATURE - FURNITURE
  6
BYLAYER
 62
  256
 10
81629.51275628577
 20
41936.48402889522
 30
0
  0
VERTEX
  5
44E
  8
ARREDI ATTREZZATURE - FURNITURE
  6
BYLAYER
 62
  256
 10
81629.51216958527
 20
41936.48307524843
 30
0
  0
VERTEX
  5
44F
  8
ARREDI ATTREZZATURE - FURNITURE
  6
BYLAYER
 62
  256
 10
81629.51158571502
 20
41936.48148838999
 30
0
  0
VERTEX
  5
450
  8
ARREDI ATTREZZATURE - FURNITURE
  6
BYLAYER
 62
  256
 10
81629.51100608161
 20
41936.4792721428
 30
0
  0
VERTEX
  5
451
  8
ARREDI ATTREZZATURE - FURNITURE
  6
BYLAYER
 62
  256
 10
81629.51043208141
 20
41936.47643184599
 30
0
  0
VERTEX
  5
452
  8
ARREDI ATTREZZATURE - FURNITURE
  6
BYLAYER
 62
  256
 10
81629.50986509725
 20
41936.47297434207
 30
0
  0
VERTEX
  5
453
  8
ARREDI ATTREZZATURE - FURNITURE
  6
BYLAYER
 62
  256
 10
81629.50930649505
 20
41936.46890796049
 30
0
  0
VERTEX
  5
454
  8
ARREDI ATTREZZATURE - FURNITURE
  6
BYLAYER
 62
  256
 10
81629.50875762051
 20
41936.4642424975
 30
0
  0
VERTEX
  5
455
  8
ARREDI ATTREZZATURE - FURNITURE
  6
BYLAYER
 62
  256
 10
81629.50821979594
 20
41936.45898919262
 30
0
  0
VERTEX
  5
456
  8
ARREDI ATTREZZATURE - FURNITURE
  6
BYLAYER
 62
  256
 10
81629.507694317
 20
41936.45316070152
 30
0
  0
VERTEX
  5
457
  8
ARREDI ATTREZZATURE - FURNITURE
  6
BYLAYER
 62
  256
 10
81629.50718244961
 20
41936.44677106555
 30
0
  0
VERTEX
  5
458
  8
ARREDI ATTREZZATURE - FURNITURE
  6
BYLAYER
 62
  256
 10
81629.50668542691
 20
41936.4398356779
 30
0
  0
VERTEX
  5
459
  8
ARREDI ATTREZZATURE - FURNITURE
  6
BYLAYER
 62
  256
 10
81629.50620444625
 20
41936.43237124652
 30
0
  0
VERTEX
  5
45A
  8
ARREDI ATTREZZATURE - FURNITURE
  6
BYLAYER
 62
  256
 10
81629.5057406664
 20
41936.42439575389
 30
0
  0
VERTEX
  5
45B
  8
ARREDI ATTREZZATURE - FURNITURE
  6
BYLAYER
 62
  256
 10
81629.5052952046
 20
41936.41592841365
 30
0
  0
VERTEX
  5
45C
  8
ARREDI ATTREZZATURE - FURNITURE
  6
BYLAYER
 62
  256
 10
81629.50486913402
 20
41936.40698962439
 30
0
  0
VERTEX
  5
45D
  8
ARREDI ATTREZZATURE - FURNITURE
  6
BYLAYER
 62
  256
 10
81629.50446348111
 20
41936.39760092042
 30
0
  0
VERTEX
  5
45E
  8
ARREDI ATTREZZATURE - FURNITURE
  6
BYLAYER
 62
  256
 10
81629.50407922312
 20
41936.38778491996
 30
0
  0
VERTEX
  5
45F
  8
ARREDI ATTREZZATURE - FURNITURE
  6
BYLAYER
 62
  256
 10
81629.50371728576
 20
41936.3775652706
 30
0
  0
VERTEX
  5
460
  8
ARREDI ATTREZZATURE - FURNITURE
  6
BYLAYER
 62
  256
 10
81629.50337854098
 20
41936.36696659239
 30
0
  0
VERTEX
  5
461
  8
ARREDI ATTREZZATURE - FURNITURE
  6
BYLAYER
 62
  256
 10
81629.50306380482
 20
41936.35601441845
 30
0
  0
VERTEX
  5
462
  8
ARREDI ATTREZZATURE - FURNITURE
  6
BYLAYER
 62
  256
 10
81629.50277383551
 20
41936.34473513356
 30
0
  0
VERTEX
  5
463
  8
ARREDI ATTREZZATURE - FURNITURE
  6
BYLAYER
 62
  256
 10
81629.50250933165
 20
41936.33315591047
 30
0
  0
VERTEX
  5
464
  8
ARREDI ATTREZZATURE - FURNITURE
  6
BYLAYER
 62
  256
 10
81629.5022709304
 20
41936.32130464457
 30
0
  0
VERTEX
  5
465
  8
ARREDI ATTREZZATURE - FURNITURE
  6
BYLAYER
 62
  256
 10
81629.50205920613
 20
41936.30920988657
 30
0
  0
VERTEX
  5
466
  8
ARREDI ATTREZZATURE - FURNITURE
  6
BYLAYER
 62
  256
 10
81629.5018746689
 20
41936.29690077383
 30
0
  0
VERTEX
  5
467
  8
ARREDI ATTREZZATURE - FURNITURE
  6
BYLAYER
 62
  256
 10
81629.50171776325
 20
41936.28440696007
 30
0
  0
VERTEX
  5
468
  8
ARREDI ATTREZZATURE - FURNITURE
  6
BYLAYER
 62
  256
 10
81629.50158886719
 20
41936.27175854397
 30
0
  0
VERTEX
  5
469
  8
ARREDI ATTREZZATURE - FURNITURE
  6
BYLAYER
 62
  256
 10
81629.50148829125
 20
41936.25898599669
 30
0
  0
VERTEX
  5
46A
  8
ARREDI ATTREZZATURE - FURNITURE
  6
BYLAYER
 62
  256
 10
81629.50141627772
 20
41936.2461200884
 30
0
  0
VERTEX
  5
46B
  8
ARREDI ATTREZZATURE - FURNITURE
  6
BYLAYER
 62
  256
 10
81629.50137300011
 20
41936.23319181422
 30
0
  0
VERTEX
  5
46C
  8
ARREDI ATTREZZATURE - FURNITURE
  6
BYLAYER
 62
  256
 10
81629.50135856263
 20
41936.22023231947
 30
0
  0
VERTEX
  5
46D
  8
ARREDI ATTREZZATURE - FURNITURE
  6
BYLAYER
 62
  256
 10
81629.50137300011
 20
41936.20727282471
 30
0
  0
VERTEX
  5
46E
  8
ARREDI ATTREZZATURE - FURNITURE
  6
BYLAYER
 62
  256
 10
81629.50141627772
 20
41936.19434455053
 30
0
  0
VERTEX
  5
46F
  8
ARREDI ATTREZZATURE - FURNITURE
  6
BYLAYER
 62
  256
 10
81629.50148829125
 20
41936.18147864224
 30
0
  0
VERTEX
  5
470
  8
ARREDI ATTREZZATURE - FURNITURE
  6
BYLAYER
 62
  256
 10
81629.50158886719
 20
41936.16870609496
 30
0
  0
VERTEX
  5
471
  8
ARREDI ATTREZZATURE - FURNITURE
  6
BYLAYER
 62
  256
 10
81629.50171776325
 20
41936.15605767886
 30
0
  0
VERTEX
  5
472
  8
ARREDI ATTREZZATURE - FURNITURE
  6
BYLAYER
 62
  256
 10
81629.5018746689
 20
41936.1435638651
 30
0
  0
VERTEX
  5
473
  8
ARREDI ATTREZZATURE - FURNITURE
  6
BYLAYER
 62
  256
 10
81629.50205920613
 20
41936.13125475236
 30
0
  0
VERTEX
  5
474
  8
ARREDI ATTREZZATURE - FURNITURE
  6
BYLAYER
 62
  256
 10
81629.5022709304
 20
41936.11915999436
 30
0
  0
VERTEX
  5
475
  8
ARREDI ATTREZZATURE - FURNITURE
  6
BYLAYER
 62
  256
 10
81629.50250933165
 20
41936.10730872846
 30
0
  0
VERTEX
  5
476
  8
ARREDI ATTREZZATURE - FURNITURE
  6
BYLAYER
 62
  256
 10
81629.50277383551
 20
41936.09572950537
 30
0
  0
VERTEX
  5
477
  8
ARREDI ATTREZZATURE - FURNITURE
  6
BYLAYER
 62
  256
 10
81629.50306380482
 20
41936.08445022048
 30
0
  0
VERTEX
  5
478
  8
ARREDI ATTREZZATURE - FURNITURE
  6
BYLAYER
 62
  256
 10
81629.50337854098
 20
41936.07349804654
 30
0
  0
VERTEX
  5
479
  8
ARREDI ATTREZZATURE - FURNITURE
  6
BYLAYER
 62
  256
 10
81629.50371728576
 20
41936.06289936833
 30
0
  0
VERTEX
  5
47A
  8
ARREDI ATTREZZATURE - FURNITURE
  6
BYLAYER
 62
  256
 10
81629.50407922312
 20
41936.05267971897
 30
0
  0
VERTEX
  5
47B
  8
ARREDI ATTREZZATURE - FURNITURE
  6
BYLAYER
 62
  256
 10
81629.50446348111
 20
41936.04286371851
 30
0
  0
VERTEX
  5
47C
  8
ARREDI ATTREZZATURE - FURNITURE
  6
BYLAYER
 62
  256
 10
81629.50486913402
 20
41936.03347501454
 30
0
  0
VERTEX
  5
47D
  8
ARREDI ATTREZZATURE - FURNITURE
  6
BYLAYER
 62
  256
 10
81629.5052952046
 20
41936.02453622528
 30
0
  0
VERTEX
  5
47E
  8
ARREDI ATTREZZATURE - FURNITURE
  6
BYLAYER
 62
  256
 10
81629.5057406664
 20
41936.01606888504
 30
0
  0
VERTEX
  5
47F
  8
ARREDI ATTREZZATURE - FURNITURE
  6
BYLAYER
 62
  256
 10
81629.50620444625
 20
41936.00809339241
 30
0
  0
VERTEX
  5
480
  8
ARREDI ATTREZZATURE - FURNITURE
  6
BYLAYER
 62
  256
 10
81629.50668542691
 20
41936.00062896103
 30
0
  0
VERTEX
  5
481
  8
ARREDI ATTREZZATURE - FURNITURE
  6
BYLAYER
 62
  256
 10
81629.50718244961
 20
41935.99369357338
 30
0
  0
VERTEX
  5
482
  8
ARREDI ATTREZZATURE - FURNITURE
  6
BYLAYER
 62
  256
 10
81629.507694317
 20
41935.98730393741
 30
0
  0
VERTEX
  5
483
  8
ARREDI ATTREZZATURE - FURNITURE
  6
BYLAYER
 62
  256
 10
81629.50821979594
 20
41935.98147544631
 30
0
  0
VERTEX
  5
484
  8
ARREDI ATTREZZATURE - FURNITURE
  6
BYLAYER
 62
  256
 10
81629.50875762051
 20
41935.97622214143
 30
0
  0
VERTEX
  5
485
  8
ARREDI ATTREZZATURE - FURNITURE
  6
BYLAYER
 62
  256
 10
81629.50930649505
 20
41935.97155667844
 30
0
  0
VERTEX
  5
486
  8
ARREDI ATTREZZATURE - FURNITURE
  6
BYLAYER
 62
  256
 10
81629.50986509725
 20
41935.96749029686
 30
0
  0
VERTEX
  5
487
  8
ARREDI ATTREZZATURE - FURNITURE
  6
BYLAYER
 62
  256
 10
81629.51043208141
 20
41935.96403279294
 30
0
  0
VERTEX
  5
488
  8
ARREDI ATTREZZATURE - FURNITURE
  6
BYLAYER
 62
  256
 10
81629.51100608161
 20
41935.96119249613
 30
0
  0
VERTEX
  5
489
  8
ARREDI ATTREZZATURE - FURNITURE
  6
BYLAYER
 62
  256
 10
81629.51158571502
 20
41935.95897624894
 30
0
  0
VERTEX
  5
48A
  8
ARREDI ATTREZZATURE - FURNITURE
  6
BYLAYER
 62
  256
 10
81629.51216958527
 20
41935.9573893905
 30
0
  0
VERTEX
  5
48B
  8
ARREDI ATTREZZATURE - FURNITURE
  6
BYLAYER
 62
  256
 10
81629.51275628577
 20
41935.95643574371
 30
0
  0
VERTEX
  5
48C
  8
ARREDI ATTREZZATURE - FURNITURE
  6
BYLAYER
 62
  256
 10
81629.51334440308
 20
41935.95611760597
 30
0
  0
VERTEX
  5
48D
  8
ARREDI ATTREZZATURE - FURNITURE
  6
BYLAYER
 62
  256
 10
81629.51393252039
 20
41935.95643574371
 30
0
  0
VERTEX
  5
48E
  8
ARREDI ATTREZZATURE - FURNITURE
  6
BYLAYER
 62
  256
 10
81629.51451922089
 20
41935.9573893905
 30
0
  0
VERTEX
  5
48F
  8
ARREDI ATTREZZATURE - FURNITURE
  6
BYLAYER
 62
  256
 10
81629.51510309114
 20
41935.95897624894
 30
0
  0
VERTEX
  5
490
  8
ARREDI ATTREZZATURE - FURNITURE
  6
BYLAYER
 62
  256
 10
81629.51568272455
 20
41935.96119249613
 30
0
  0
VERTEX
  5
491
  8
ARREDI ATTREZZATURE - FURNITURE
  6
BYLAYER
 62
  256
 10
81629.51625672475
 20
41935.96403279294
 30
0
  0
VERTEX
  5
492
  8
ARREDI ATTREZZATURE - FURNITURE
  6
BYLAYER
 62
  256
 10
81629.51682370891
 20
41935.96749029686
 30
0
  0
VERTEX
  5
493
  8
ARREDI ATTREZZATURE - FURNITURE
  6
BYLAYER
 62
  256
 10
81629.51738231111
 20
41935.97155667844
 30
0
  0
VERTEX
  5
494
  8
ARREDI ATTREZZATURE - FURNITURE
  6
BYLAYER
 62
  256
 10
81629.51793118565
 20
41935.97622214143
 30
0
  0
VERTEX
  5
495
  8
ARREDI ATTREZZATURE - FURNITURE
  6
BYLAYER
 62
  256
 10
81629.51846901022
 20
41935.98147544631
 30
0
  0
VERTEX
  5
496
  8
ARREDI ATTREZZATURE - FURNITURE
  6
BYLAYER
 62
  256
 10
81629.51899448916
 20
41935.98730393741
 30
0
  0
VERTEX
  5
497
  8
ARREDI ATTREZZATURE - FURNITURE
  6
BYLAYER
 62
  256
 10
81629.51950635655
 20
41935.99369357338
 30
0
  0
VERTEX
  5
498
  8
ARREDI ATTREZZATURE - FURNITURE
  6
BYLAYER
 62
  256
 10
81629.52000337925
 20
41936.00062896103
 30
0
  0
VERTEX
  5
499
  8
ARREDI ATTREZZATURE - FURNITURE
  6
BYLAYER
 62
  256
 10
81629.52048435991
 20
41936.00809339241
 30
0
  0
VERTEX
  5
49A
  8
ARREDI ATTREZZATURE - FURNITURE
  6
BYLAYER
 62
  256
 10
81629.52094813976
 20
41936.01606888504
 30
0
  0
VERTEX
  5
49B
  8
ARREDI ATTREZZATURE - FURNITURE
  6
BYLAYER
 62
  256
 10
81629.52139360156
 20
41936.02453622528
 30
0
  0
VERTEX
  5
49C
  8
ARREDI ATTREZZATURE - FURNITURE
  6
BYLAYER
 62
  256
 10
81629.52181967214
 20
41936.03347501454
 30
0
  0
VERTEX
  5
49D
  8
ARREDI ATTREZZATURE - FURNITURE
  6
BYLAYER
 62
  256
 10
81629.52222532505
 20
41936.04286371851
 30
0
  0
VERTEX
  5
49E
  8
ARREDI ATTREZZATURE - FURNITURE
  6
BYLAYER
 62
  256
 10
81629.52260958304
 20
41936.05267971897
 30
0
  0
VERTEX
  5
49F
  8
ARREDI ATTREZZATURE - FURNITURE
  6
BYLAYER
 62
  256
 10
81629.5229715204
 20
41936.06289936833
 30
0
  0
VERTEX
  5
4A0
  8
ARREDI ATTREZZATURE - FURNITURE
  6
BYLAYER
 62
  256
 10
81629.52331026518
 20
41936.07349804654
 30
0
  0
VERTEX
  5
4A1
  8
ARREDI ATTREZZATURE - FURNITURE
  6
BYLAYER
 62
  256
 10
81629.52362500134
 20
41936.08445022048
 30
0
  0
VERTEX
  5
4A2
  8
ARREDI ATTREZZATURE - FURNITURE
  6
BYLAYER
 62
  256
 10
81629.52391497065
 20
41936.09572950537
 30
0
  0
VERTEX
  5
4A3
  8
ARREDI ATTREZZATURE - FURNITURE
  6
BYLAYER
 62
  256
 10
81629.52417947451
 20
41936.10730872846
 30
0
  0
VERTEX
  5
4A4
  8
ARREDI ATTREZZATURE - FURNITURE
  6
BYLAYER
 62
  256
 10
81629.52441787576
 20
41936.11915999436
 30
0
  0
VERTEX
  5
4A5
  8
ARREDI ATTREZZATURE - FURNITURE
  6
BYLAYER
 62
  256
 10
81629.52462960003
 20
41936.13125475236
 30
0
  0
VERTEX
  5
4A6
  8
ARREDI ATTREZZATURE - FURNITURE
  6
BYLAYER
 62
  256
 10
81629.52481413726
 20
41936.1435638651
 30
0
  0
VERTEX
  5
4A7
  8
ARREDI ATTREZZATURE - FURNITURE
  6
BYLAYER
 62
  256
 10
81629.52497104291
 20
41936.15605767886
 30
0
  0
VERTEX
  5
4A8
  8
ARREDI ATTREZZATURE - FURNITURE
  6
BYLAYER
 62
  256
 10
81629.52509993897
 20
41936.16870609496
 30
0
  0
VERTEX
  5
4A9
  8
ARREDI ATTREZZATURE - FURNITURE
  6
BYLAYER
 62
  256
 10
81629.52520051491
 20
41936.18147864224
 30
0
  0
VERTEX
  5
4AA
  8
ARREDI ATTREZZATURE - FURNITURE
  6
BYLAYER
 62
  256
 10
81629.52527252844
 20
41936.19434455053
 30
0
  0
VERTEX
  5
4AB
  8
ARREDI ATTREZZATURE - FURNITURE
  6
BYLAYER
 62
  256
 10
81629.52531580605
 20
41936.20727282471
 30
0
  0
VERTEX
  5
4AC
  8
ARREDI ATTREZZATURE - FURNITURE
  6
BYLAYER
 62
  256
 10
81629.52533024353
 20
41936.22023231947
 30
0
  0
VERTEX
  5
4AD
  8
ARREDI ATTREZZATURE - FURNITURE
  6
BYLAYER
 62
  256
 10
81629.52531580605
 20
41936.23319181422
 30
0
  0
VERTEX
  5
4AE
  8
ARREDI ATTREZZATURE - FURNITURE
  6
BYLAYER
 62
  256
 10
81629.52527252844
 20
41936.2461200884
 30
0
  0
VERTEX
  5
4AF
  8
ARREDI ATTREZZATURE - FURNITURE
  6
BYLAYER
 62
  256
 10
81629.52520051491
 20
41936.25898599669
 30
0
  0
VERTEX
  5
4B0
  8
ARREDI ATTREZZATURE - FURNITURE
  6
BYLAYER
 62
  256
 10
81629.52509993897
 20
41936.27175854397
 30
0
  0
VERTEX
  5
4B1
  8
ARREDI ATTREZZATURE - FURNITURE
  6
BYLAYER
 62
  256
 10
81629.52497104291
 20
41936.28440696007
 30
0
  0
VERTEX
  5
4B2
  8
ARREDI ATTREZZATURE - FURNITURE
  6
BYLAYER
 62
  256
 10
81629.52481413726
 20
41936.29690077383
 30
0
  0
VERTEX
  5
4B3
  8
ARREDI ATTREZZATURE - FURNITURE
  6
BYLAYER
 62
  256
 10
81629.52462960003
 20
41936.30920988657
 30
0
  0
VERTEX
  5
4B4
  8
ARREDI ATTREZZATURE - FURNITURE
  6
BYLAYER
 62
  256
 10
81629.52441787576
 20
41936.32130464457
 30
0
  0
VERTEX
  5
4B5
  8
ARREDI ATTREZZATURE - FURNITURE
  6
BYLAYER
 62
  256
 10
81629.52417947451
 20
41936.33315591047
 30
0
  0
VERTEX
  5
4B6
  8
ARREDI ATTREZZATURE - FURNITURE
  6
BYLAYER
 62
  256
 10
81629.52391497065
 20
41936.34473513356
 30
0
  0
VERTEX
  5
4B7
  8
ARREDI ATTREZZATURE - FURNITURE
  6
BYLAYER
 62
  256
 10
81629.52362500134
 20
41936.35601441845
 30
0
  0
VERTEX
  5
4B8
  8
ARREDI ATTREZZATURE - FURNITURE
  6
BYLAYER
 62
  256
 10
81629.52331026518
 20
41936.36696659239
 30
0
  0
VERTEX
  5
4B9
  8
ARREDI ATTREZZATURE - FURNITURE
  6
BYLAYER
 62
  256
 10
81629.5229715204
 20
41936.3775652706
 30
0
  0
VERTEX
  5
4BA
  8
ARREDI ATTREZZATURE - FURNITURE
  6
BYLAYER
 62
  256
 10
81629.52260958304
 20
41936.38778491996
 30
0
  0
VERTEX
  5
4BB
  8
ARREDI ATTREZZATURE - FURNITURE
  6
BYLAYER
 62
  256
 10
81629.52222532505
 20
41936.39760092042
 30
0
  0
VERTEX
  5
4BC
  8
ARREDI ATTREZZATURE - FURNITURE
  6
BYLAYER
 62
  256
 10
81629.52181967214
 20
41936.40698962439
 30
0
  0
VERTEX
  5
4BD
  8
ARREDI ATTREZZATURE - FURNITURE
  6
BYLAYER
 62
  256
 10
81629.52139360156
 20
41936.41592841365
 30
0
  0
VERTEX
  5
4BE
  8
ARREDI ATTREZZATURE - FURNITURE
  6
BYLAYER
 62
  256
 10
81629.52094813976
 20
41936.42439575389
 30
0
  0
VERTEX
  5
4BF
  8
ARREDI ATTREZZATURE - FURNITURE
  6
BYLAYER
 62
  256
 10
81629.52048435991
 20
41936.43237124652
 30
0
  0
VERTEX
  5
4C0
  8
ARREDI ATTREZZATURE - FURNITURE
  6
BYLAYER
 62
  256
 10
81629.52000337925
 20
41936.4398356779
 30
0
  0
VERTEX
  5
4C1
  8
ARREDI ATTREZZATURE - FURNITURE
  6
BYLAYER
 62
  256
 10
81629.51950635655
 20
41936.44677106555
 30
0
  0
VERTEX
  5
4C2
  8
ARREDI ATTREZZATURE - FURNITURE
  6
BYLAYER
 62
  256
 10
81629.51899448916
 20
41936.45316070152
 30
0
  0
VERTEX
  5
4C3
  8
ARREDI ATTREZZATURE - FURNITURE
  6
BYLAYER
 62
  256
 10
81629.51846901022
 20
41936.45898919262
 30
0
  0
VERTEX
  5
4C4
  8
ARREDI ATTREZZATURE - FURNITURE
  6
BYLAYER
 62
  256
 10
81629.51793118565
 20
41936.4642424975
 30
0
  0
VERTEX
  5
4C5
  8
ARREDI ATTREZZATURE - FURNITURE
  6
BYLAYER
 62
  256
 10
81629.51738231111
 20
41936.46890796049
 30
0
  0
VERTEX
  5
4C6
  8
ARREDI ATTREZZATURE - FURNITURE
  6
BYLAYER
 62
  256
 10
81629.51682370891
 20
41936.47297434207
 30
0
  0
VERTEX
  5
4C7
  8
ARREDI ATTREZZATURE - FURNITURE
  6
BYLAYER
 62
  256
 10
81629.51625672475
 20
41936.47643184599
 30
0
  0
VERTEX
  5
4C8
  8
ARREDI ATTREZZATURE - FURNITURE
  6
BYLAYER
 62
  256
 10
81629.51568272455
 20
41936.4792721428
 30
0
  0
VERTEX
  5
4C9
  8
ARREDI ATTREZZATURE - FURNITURE
  6
BYLAYER
 62
  256
 10
81629.51510309114
 20
41936.48148838999
 30
0
  0
VERTEX
  5
4CA
  8
ARREDI ATTREZZATURE - FURNITURE
  6
BYLAYER
 62
  256
 10
81629.51451922089
 20
41936.48307524843
 30
0
  0
VERTEX
  5
4CB
  8
ARREDI ATTREZZATURE - FURNITURE
  6
BYLAYER
 62
  256
 10
81629.51393252039
 20
41936.48402889522
 30
0
  0
SEQEND
  5
4CC
  8
ARREDI ATTREZZATURE - FURNITURE
  6
BYLAYER
 62
  256
  0
POLYLINE
  5
4CD
  8
ARREDI ATTREZZATURE - FURNITURE
  6
BYLAYER
 62
  256
 66
    1
 10
0
 20
0
 30
0
 70
    1
210
0
220
0
230
-1
  0
VERTEX
  5
4CE
  8
ARREDI ATTREZZATURE - FURNITURE
  6
BYLAYER
 62
  256
 10
81629.01830001843
 20
41936.48817493357
 30
0
  0
VERTEX
  5
4CF
  8
ARREDI ATTREZZATURE - FURNITURE
  6
BYLAYER
 62
  256
 10
81629.01774254761
 20
41936.48780571833
 30
0
  0
VERTEX
  5
4D0
  8
ARREDI ATTREZZATURE - FURNITURE
  6
BYLAYER
 62
  256
 10
81629.01724304554
 20
41936.48680364181
 30
0
  0
VERTEX
  5
4D1
  8
ARREDI ATTREZZATURE - FURNITURE
  6
BYLAYER
 62
  256
 10
81629.01680271553
 20
41936.4851711181
 30
0
  0
VERTEX
  5
4D2
  8
ARREDI ATTREZZATURE - FURNITURE
  6
BYLAYER
 62
  256
 10
81629.01642261838
 20
41936.48291208011
 30
0
  0
VERTEX
  5
4D3
  8
ARREDI ATTREZZATURE - FURNITURE
  6
BYLAYER
 62
  256
 10
81629.01610366978
 20
41936.48003197004
 30
0
  0
VERTEX
  5
4D4
  8
ARREDI ATTREZZATURE - FURNITURE
  6
BYLAYER
 62
  256
 10
81629.01584663813
 20
41936.47653772633
 30
0
  0
VERTEX
  5
4D5
  8
ARREDI ATTREZZATURE - FURNITURE
  6
BYLAYER
 62
  256
 10
81629.0156521426
 20
41936.47243776693
 30
0
  0
VERTEX
  5
4D6
  8
ARREDI ATTREZZATURE - FURNITURE
  6
BYLAYER
 62
  256
 10
81629.01552065178
 20
41936.46774196899
 30
0
  0
VERTEX
  5
4D7
  8
ARREDI ATTREZZATURE - FURNITURE
  6
BYLAYER
 62
  256
 10
81629.01545248242
 20
41936.46246164511
 30
0
  0
VERTEX
  5
4D8
  8
ARREDI ATTREZZATURE - FURNITURE
  6
BYLAYER
 62
  256
 10
81629.01544779877
 20
41936.45660951603
 30
0
  0
VERTEX
  5
4D9
  8
ARREDI ATTREZZATURE - FURNITURE
  6
BYLAYER
 62
  256
 10
81629.01550661206
 20
41936.45019968008
 30
0
  0
VERTEX
  5
4DA
  8
ARREDI ATTREZZATURE - FURNITURE
  6
BYLAYER
 62
  256
 10
81629.01562878069
 20
41936.44324757907
 30
0
  0
VERTEX
  5
4DB
  8
ARREDI ATTREZZATURE - FURNITURE
  6
BYLAYER
 62
  256
 10
81629.01581401029
 20
41936.43576996126
 30
0
  0
VERTEX
  5
4DC
  8
ARREDI ATTREZZATURE - FURNITURE
  6
BYLAYER
 62
  256
 10
81629.01606185461
 20
41936.42778484087
 30
0
  0
VERTEX
  5
4DD
  8
ARREDI ATTREZZATURE - FURNITURE
  6
BYLAYER
 62
  256
 10
81629.0163717166
 20
41936.41931145474
 30
0
  0
VERTEX
  5
4DE
  8
ARREDI ATTREZZATURE - FURNITURE
  6
BYLAYER
 62
  256
 10
81629.01674284978
 20
41936.41037021602
 30
0
  0
VERTEX
  5
4DF
  8
ARREDI ATTREZZATURE - FURNITURE
  6
BYLAYER
 62
  256
 10
81629.01717436004
 20
41936.40098266494
 30
0
  0
VERTEX
  5
4E0
  8
ARREDI ATTREZZATURE - FURNITURE
  6
BYLAYER
 62
  256
 10
81629.01766520784
 20
41936.39117141692
 30
0
  0
VERTEX
  5
4E1
  8
ARREDI ATTREZZATURE - FURNITURE
  6
BYLAYER
 62
  256
 10
81629.01821421071
 20
41936.38096010812
 30
0
  0
VERTEX
  5
4E2
  8
ARREDI ATTREZZATURE - FURNITURE
  6
BYLAYER
 62
  256
 10
81629.018820046
 20
41936.37037333847
 30
0
  0
VERTEX
  5
4E3
  8
ARREDI ATTREZZATURE - FURNITURE
  6
BYLAYER
 62
  256
 10
81629.01948125423
 20
41936.35943661244
 30
0
  0
VERTEX
  5
4E4
  8
ARREDI ATTREZZATURE - FURNITURE
  6
BYLAYER
 62
  256
 10
81629.02019624251
 20
41936.34817627754
 30
0
  0
VERTEX
  5
4E5
  8
ARREDI ATTREZZATURE - FURNITURE
  6
BYLAYER
 62
  256
 10
81629.02096328835
 20
41936.33661946093
 30
0
  0
VERTEX
  5
4E6
  8
ARREDI ATTREZZATURE - FURNITURE
  6
BYLAYER
 62
  256
 10
81629.02178054387
 20
41936.32479400398
 30
0
  0
VERTEX
  5
4E7
  8
ARREDI ATTREZZATURE - FURNITURE
  6
BYLAYER
 62
  256
 10
81629.02264604022
 20
41936.31272839525
 30
0
  0
VERTEX
  5
4E8
  8
ARREDI ATTREZZATURE - FURNITURE
  6
BYLAYER
 62
  256
 10
81629.02355769236
 20
41936.30045170184
 30
0
  0
VERTEX
  5
4E9
  8
ARREDI ATTREZZATURE - FURNITURE
  6
BYLAYER
 62
  256
 10
81629.02451330403
 20
41936.2879934994
 30
0
  0
VERTEX
  5
4EA
  8
ARREDI ATTREZZATURE - FURNITURE
  6
BYLAYER
 62
  256
 10
81629.0255105731
 20
41936.27538380082
 30
0
  0
VERTEX
  5
4EB
  8
ARREDI ATTREZZATURE - FURNITURE
  6
BYLAYER
 62
  256
 10
81629.02654709703
 20
41936.26265298397
 30
0
  0
VERTEX
  5
4EC
  8
ARREDI ATTREZZATURE - FURNITURE
  6
BYLAYER
 62
  256
 10
81629.02762037875
 20
41936.2498317185
 30
0
  0
VERTEX
  5
4ED
  8
ARREDI ATTREZZATURE - FURNITURE
  6
BYLAYER
 62
  256
 10
81629.02872783266
 20
41936.23695089196
 30
0
  0
VERTEX
  5
4EE
  8
ARREDI ATTREZZATURE - FURNITURE
  6
BYLAYER
 62
  256
 10
81629.02986679078
 20
41936.22404153539
 30
0
  0
VERTEX
  5
4EF
  8
ARREDI ATTREZZATURE - FURNITURE
  6
BYLAYER
 62
  256
 10
81629.03103450924
 20
41936.21113474857
 30
0
  0
VERTEX
  5
4F0
  8
ARREDI ATTREZZATURE - FURNITURE
  6
BYLAYER
 62
  256
 10
81629.03222817495
 20
41936.19826162507
 30
0
  0
VERTEX
  5
4F1
  8
ARREDI ATTREZZATURE - FURNITURE
  6
BYLAYER
 62
  256
 10
81629.03344491225
 20
41936.18545317738
 30
0
  0
VERTEX
  5
4F2
  8
ARREDI ATTREZZATURE - FURNITURE
  6
BYLAYER
 62
  256
 10
81629.03468178988
 20
41936.17274026216
 30
0
  0
VERTEX
  5
4F3
  8
ARREDI ATTREZZATURE - FURNITURE
  6
BYLAYER
 62
  256
 10
81629.03593582814
 20
41936.16015350595
 30
0
  0
VERTEX
  5
4F4
  8
ARREDI ATTREZZATURE - FURNITURE
  6
BYLAYER
 62
  256
 10
81629.0372040059
 20
41936.14772323133
 30
0
  0
VERTEX
  5
4F5
  8
ARREDI ATTREZZATURE - FURNITURE
  6
BYLAYER
 62
  256
 10
81629.03848326806
 20
41936.13547938394
 30
0
  0
VERTEX
  5
4F6
  8
ARREDI ATTREZZATURE - FURNITURE
  6
BYLAYER
 62
  256
 10
81629.03977053272
 20
41936.12345146028
 30
0
  0
VERTEX
  5
4F7
  8
ARREDI ATTREZZATURE - FURNITURE
  6
BYLAYER
 62
  256
 10
81629.04106269876
 20
41936.11166843666
 30
0
  0
VERTEX
  5
4F8
  8
ARREDI ATTREZZATURE - FURNITURE
  6
BYLAYER
 62
  256
 10
81629.04235665324
 20
41936.10015869942
 30
0
  0
VERTEX
  5
4F9
  8
ARREDI ATTREZZATURE - FURNITURE
  6
BYLAYER
 62
  256
 10
81629.04364927892
 20
41936.08894997653
 30
0
  0
VERTEX
  5
4FA
  8
ARREDI ATTREZZATURE - FURNITURE
  6
BYLAYER
 62
  256
 10
81629.04493746175
 20
41936.07806927077
 30
0
  0
VERTEX
  5
4FB
  8
ARREDI ATTREZZATURE - FURNITURE
  6
BYLAYER
 62
  256
 10
81629.04621809836
 20
41936.06754279473
 30
0
  0
VERTEX
  5
4FC
  8
ARREDI ATTREZZATURE - FURNITURE
  6
BYLAYER
 62
  256
 10
81629.04748810361
 20
41936.05739590761
 30
0
  0
VERTEX
  5
4FD
  8
ARREDI ATTREZZATURE - FURNITURE
  6
BYLAYER
 62
  256
 10
81629.04874441795
 20
41936.04765305415
 30
0
  0
VERTEX
  5
4FE
  8
ARREDI ATTREZZATURE - FURNITURE
  6
BYLAYER
 62
  256
 10
81629.04998401477
 20
41936.03833770573
 30
0
  0
VERTEX
  5
4FF
  8
ARREDI ATTREZZATURE - FURNITURE
  6
BYLAYER
 62
  256
 10
81629.05120390782
 20
41936.02947230384
 30
0
  0
VERTEX
  5
500
  8
ARREDI ATTREZZATURE - FURNITURE
  6
BYLAYER
 62
  256
 10
81629.05240115823
 20
41936.02107820602
 30
0
  0
VERTEX
  5
501
  8
ARREDI ATTREZZATURE - FURNITURE
  6
BYLAYER
 62
  256
 10
81629.05357288176
 20
41936.01317563438
 30
0
  0
VERTEX
  5
502
  8
ARREDI ATTREZZATURE - FURNITURE
  6
BYLAYER
 62
  256
 10
81629.05471625559
 20
41936.0057836269
 30
0
  0
VERTEX
  5
503
  8
ARREDI ATTREZZATURE - FURNITURE
  6
BYLAYER
 62
  256
 10
81629.05582852526
 20
41935.99891999159
 30
0
  0
VERTEX
  5
504
  8
ARREDI ATTREZZATURE - FURNITURE
  6
BYLAYER
 62
  256
 10
81629.0569070112
 20
41935.99260126355
 30
0
  0
VERTEX
  5
505
  8
ARREDI ATTREZZATURE - FURNITURE
  6
BYLAYER
 62
  256
 10
81629.05794911523
 20
41935.98684266513
 30
0
  0
VERTEX
  5
506
  8
ARREDI ATTREZZATURE - FURNITURE
  6
BYLAYER
 62
  256
 10
81629.05895232687
 20
41935.98165806931
 30
0
  0
VERTEX
  5
507
  8
ARREDI ATTREZZATURE - FURNITURE
  6
BYLAYER
 62
  256
 10
81629.05991422925
 20
41935.97705996623
 30
0
  0
VERTEX
  5
508
  8
ARREDI ATTREZZATURE - FURNITURE
  6
BYLAYER
 62
  256
 10
81629.06083250509
 20
41935.97305943313
 30
0
  0
VERTEX
  5
509
  8
ARREDI ATTREZZATURE - FURNITURE
  6
BYLAYER
 62
  256
 10
81629.06170494219
 20
41935.96966610763
 30
0
  0
VERTEX
  5
50A
  8
ARREDI ATTREZZATURE - FURNITURE
  6
BYLAYER
 62
  256
 10
81629.06252943873
 20
41935.96688816457
 30
0
  0
VERTEX
  5
50B
  8
ARREDI ATTREZZATURE - FURNITURE
  6
BYLAYER
 62
  256
 10
81629.06330400846
 20
41935.96473229625
 30
0
  0
VERTEX
  5
50C
  8
ARREDI ATTREZZATURE - FURNITURE
  6
BYLAYER
 62
  256
 10
81629.06402678539
 20
41935.96320369634
 30
0
  0
VERTEX
  5
50D
  8
ARREDI ATTREZZATURE - FURNITURE
  6
BYLAYER
 62
  256
 10
81629.06469602825
 20
41935.96230604738
 30
0
  0
VERTEX
  5
50E
  8
ARREDI ATTREZZATURE - FURNITURE
  6
BYLAYER
 62
  256
 10
81629.06531012479
 20
41935.96204151186
 30
0
  0
VERTEX
  5
50F
  8
ARREDI ATTREZZATURE - FURNITURE
  6
BYLAYER
 62
  256
 10
81629.06586759561
 20
41935.9624107271
 30
0
  0
VERTEX
  5
510
  8
ARREDI ATTREZZATURE - FURNITURE
  6
BYLAYER
 62
  256
 10
81629.06636709768
 20
41935.96341280362
 30
0
  0
VERTEX
  5
511
  8
ARREDI ATTREZZATURE - FURNITURE
  6
BYLAYER
 62
  256
 10
81629.06680742769
 20
41935.96504532733
 30
0
  0
VERTEX
  5
512
  8
ARREDI ATTREZZATURE - FURNITURE
  6
BYLAYER
 62
  256
 10
81629.06718752484
 20
41935.96730436532
 30
0
  0
VERTEX
  5
513
  8
ARREDI ATTREZZATURE - FURNITURE
  6
BYLAYER
 62
  256
 10
81629.06750647344
 20
41935.97018447539
 30
0
  0
VERTEX
  5
514
  8
ARREDI ATTREZZATURE - FURNITURE
  6
BYLAYER
 62
  256
 10
81629.0677635051
 20
41935.9736787191
 30
0
  0
VERTEX
  5
515
  8
ARREDI ATTREZZATURE - FURNITURE
  6
BYLAYER
 62
  256
 10
81629.06795800063
 20
41935.9777786785
 30
0
  0
VERTEX
  5
516
  8
ARREDI ATTREZZATURE - FURNITURE
  6
BYLAYER
 62
  256
 10
81629.06808949144
 20
41935.98247447644
 30
0
  0
VERTEX
  5
517
  8
ARREDI ATTREZZATURE - FURNITURE
  6
BYLAYER
 62
  256
 10
81629.0681576608
 20
41935.98775480032
 30
0
  0
VERTEX
  5
518
  8
ARREDI ATTREZZATURE - FURNITURE
  6
BYLAYER
 62
  256
 10
81629.06816234445
 20
41935.9936069294
 30
0
  0
VERTEX
  5
519
  8
ARREDI ATTREZZATURE - FURNITURE
  6
BYLAYER
 62
  256
 10
81629.06810353116
 20
41936.00001676536
 30
0
  0
VERTEX
  5
51A
  8
ARREDI ATTREZZATURE - FURNITURE
  6
BYLAYER
 62
  256
 10
81629.06798136253
 20
41936.00696886636
 30
0
  0
VERTEX
  5
51B
  8
ARREDI ATTREZZATURE - FURNITURE
  6
BYLAYER
 62
  256
 10
81629.06779613293
 20
41936.01444648417
 30
0
  0
VERTEX
  5
51C
  8
ARREDI ATTREZZATURE - FURNITURE
  6
BYLAYER
 62
  256
 10
81629.06754828861
 20
41936.02243160456
 30
0
  0
VERTEX
  5
51D
  8
ARREDI ATTREZZATURE - FURNITURE
  6
BYLAYER
 62
  256
 10
81629.06723842662
 20
41936.03090499069
 30
0
  0
VERTEX
  5
51E
  8
ARREDI ATTREZZATURE - FURNITURE
  6
BYLAYER
 62
  256
 10
81629.06686729344
 20
41936.03984622941
 30
0
  0
VERTEX
  5
51F
  8
ARREDI ATTREZZATURE - FURNITURE
  6
BYLAYER
 62
  256
 10
81629.06643578318
 20
41936.04923378049
 30
0
  0
VERTEX
  5
520
  8
ARREDI ATTREZZATURE - FURNITURE
  6
BYLAYER
 62
  256
 10
81629.06594493538
 20
41936.05904502852
 30
0
  0
VERTEX
  5
521
  8
ARREDI ATTREZZATURE - FURNITURE
  6
BYLAYER
 62
  256
 10
81629.06539593251
 20
41936.06925633732
 30
0
  0
VERTEX
  5
522
  8
ARREDI ATTREZZATURE - FURNITURE
  6
BYLAYER
 62
  256
 10
81629.06479009723
 20
41936.07984310696
 30
0
  0
VERTEX
  5
523
  8
ARREDI ATTREZZATURE - FURNITURE
  6
BYLAYER
 62
  256
 10
81629.06412888899
 20
41936.09077983299
 30
0
  0
VERTEX
  5
524
  8
ARREDI ATTREZZATURE - FURNITURE
  6
BYLAYER
 62
  256
 10
81629.06341390072
 20
41936.10204016789
 30
0
  0
VERTEX
  5
525
  8
ARREDI ATTREZZATURE - FURNITURE
  6
BYLAYER
 62
  256
 10
81629.06264685487
 20
41936.11359698451
 30
0
  0
VERTEX
  5
526
  8
ARREDI ATTREZZATURE - FURNITURE
  6
BYLAYER
 62
  256
 10
81629.06182959935
 20
41936.12542244145
 30
0
  0
VERTEX
  5
527
  8
ARREDI ATTREZZATURE - FURNITURE
  6
BYLAYER
 62
  256
 10
81629.060964103
 20
41936.13748805018
 30
0
  0
VERTEX
  5
528
  8
ARREDI ATTREZZATURE - FURNITURE
  6
BYLAYER
 62
  256
 10
81629.06005245086
 20
41936.14976474359
 30
0
  0
VERTEX
  5
529
  8
ARREDI ATTREZZATURE - FURNITURE
  6
BYLAYER
 62
  256
 10
81629.05909683919
 20
41936.16222294603
 30
0
  0
VERTEX
  5
52A
  8
ARREDI ATTREZZATURE - FURNITURE
  6
BYLAYER
 62
  256
 10
81629.05809957012
 20
41936.17483264461
 30
0
  0
VERTEX
  5
52B
  8
ARREDI ATTREZZATURE - FURNITURE
  6
BYLAYER
 62
  256
 10
81629.05706304619
 20
41936.18756346146
 30
0
  0
VERTEX
  5
52C
  8
ARREDI ATTREZZATURE - FURNITURE
  6
BYLAYER
 62
  256
 10
81629.05598976447
 20
41936.20038472693
 30
0
  0
VERTEX
  5
52D
  8
ARREDI ATTREZZATURE - FURNITURE
  6
BYLAYER
 62
  256
 10
81629.05488231056
 20
41936.21326555347
 30
0
  0
VERTEX
  5
52E
  8
ARREDI ATTREZZATURE - FURNITURE
  6
BYLAYER
 62
  256
 10
81629.05374335244
 20
41936.22617491004
 30
0
  0
VERTEX
  5
52F
  8
ARREDI ATTREZZATURE - FURNITURE
  6
BYLAYER
 62
  256
 10
81629.05257563398
 20
41936.23908169686
 30
0
  0
VERTEX
  5
530
  8
ARREDI ATTREZZATURE - FURNITURE
  6
BYLAYER
 62
  256
 10
81629.05138196827
 20
41936.25195482036
 30
0
  0
VERTEX
  5
531
  8
ARREDI ATTREZZATURE - FURNITURE
  6
BYLAYER
 62
  256
 10
81629.05016523098
 20
41936.26476326805
 30
0
  0
VERTEX
  5
532
  8
ARREDI ATTREZZATURE - FURNITURE
  6
BYLAYER
 62
  256
 10
81629.04892835334
 20
41936.27747618327
 30
0
  0
VERTEX
  5
533
  8
ARREDI ATTREZZATURE - FURNITURE
  6
BYLAYER
 62
  256
 10
81629.04767431508
 20
41936.29006293949
 30
0
  0
VERTEX
  5
534
  8
ARREDI ATTREZZATURE - FURNITURE
  6
BYLAYER
 62
  256
 10
81629.04640613732
 20
41936.3024932141
 30
0
  0
VERTEX
  5
535
  8
ARREDI ATTREZZATURE - FURNITURE
  6
BYLAYER
 62
  256
 10
81629.04512687516
 20
41936.31473706149
 30
0
  0
VERTEX
  5
536
  8
ARREDI ATTREZZATURE - FURNITURE
  6
BYLAYER
 62
  256
 10
81629.0438396105
 20
41936.32676498516
 30
0
  0
VERTEX
  5
537
  8
ARREDI ATTREZZATURE - FURNITURE
  6
BYLAYER
 62
  256
 10
81629.04254744446
 20
41936.33854800877
 30
0
  0
VERTEX
  5
538
  8
ARREDI ATTREZZATURE - FURNITURE
  6
BYLAYER
 62
  256
 10
81629.04125348998
 20
41936.35005774601
 30
0
  0
VERTEX
  5
539
  8
ARREDI ATTREZZATURE - FURNITURE
  6
BYLAYER
 62
  256
 10
81629.03996086431
 20
41936.36126646891
 30
0
  0
VERTEX
  5
53A
  8
ARREDI ATTREZZATURE - FURNITURE
  6
BYLAYER
 62
  256
 10
81629.03867268148
 20
41936.37214717466
 30
0
  0
VERTEX
  5
53B
  8
ARREDI ATTREZZATURE - FURNITURE
  6
BYLAYER
 62
  256
 10
81629.03739204486
 20
41936.3826736507
 30
0
  0
VERTEX
  5
53C
  8
ARREDI ATTREZZATURE - FURNITURE
  6
BYLAYER
 62
  256
 10
81629.03612203962
 20
41936.39282053783
 30
0
  0
VERTEX
  5
53D
  8
ARREDI ATTREZZATURE - FURNITURE
  6
BYLAYER
 62
  256
 10
81629.03486572528
 20
41936.40256339128
 30
0
  0
VERTEX
  5
53E
  8
ARREDI ATTREZZATURE - FURNITURE
  6
BYLAYER
 62
  256
 10
81629.03362612845
 20
41936.4118787397
 30
0
  0
VERTEX
  5
53F
  8
ARREDI ATTREZZATURE - FURNITURE
  6
BYLAYER
 62
  256
 10
81629.0324062354
 20
41936.42074414159
 30
0
  0
VERTEX
  5
540
  8
ARREDI ATTREZZATURE - FURNITURE
  6
BYLAYER
 62
  256
 10
81629.03120898499
 20
41936.42913823941
 30
0
  0
VERTEX
  5
541
  8
ARREDI ATTREZZATURE - FURNITURE
  6
BYLAYER
 62
  256
 10
81629.03003726146
 20
41936.43704081106
 30
0
  0
VERTEX
  5
542
  8
ARREDI ATTREZZATURE - FURNITURE
  6
BYLAYER
 62
  256
 10
81629.02889388763
 20
41936.44443281853
 30
0
  0
VERTEX
  5
543
  8
ARREDI ATTREZZATURE - FURNITURE
  6
BYLAYER
 62
  256
 10
81629.02778161796
 20
41936.45129645384
 30
0
  0
VERTEX
  5
544
  8
ARREDI ATTREZZATURE - FURNITURE
  6
BYLAYER
 62
  256
 10
81629.02670313203
 20
41936.45761518188
 30
0
  0
VERTEX
  5
545
  8
ARREDI ATTREZZATURE - FURNITURE
  6
BYLAYER
 62
  256
 10
81629.02566102799
 20
41936.4633737803
 30
0
  0
VERTEX
  5
546
  8
ARREDI ATTREZZATURE - FURNITURE
  6
BYLAYER
 62
  256
 10
81629.02465781635
 20
41936.46855837612
 30
0
  0
VERTEX
  5
547
  8
ARREDI ATTREZZATURE - FURNITURE
  6
BYLAYER
 62
  256
 10
81629.02369591397
 20
41936.4731564792
 30
0
  0
VERTEX
  5
548
  8
ARREDI ATTREZZATURE - FURNITURE
  6
BYLAYER
 62
  256
 10
81629.02277763814
 20
41936.4771570123
 30
0
  0
VERTEX
  5
549
  8
ARREDI ATTREZZATURE - FURNITURE
  6
BYLAYER
 62
  256
 10
81629.02190520104
 20
41936.4805503378
 30
0
  0
VERTEX
  5
54A
  8
ARREDI ATTREZZATURE - FURNITURE
  6
BYLAYER
 62
  256
 10
81629.02108070449
 20
41936.48332828086
 30
0
  0
VERTEX
  5
54B
  8
ARREDI ATTREZZATURE - FURNITURE
  6
BYLAYER
 62
  256
 10
81629.02030613476
 20
41936.48548414918
 30
0
  0
VERTEX
  5
54C
  8
ARREDI ATTREZZATURE - FURNITURE
  6
BYLAYER
 62
  256
 10
81629.01958335783
 20
41936.48701274909
 30
0
  0
VERTEX
  5
54D
  8
ARREDI ATTREZZATURE - FURNITURE
  6
BYLAYER
 62
  256
 10
81629.01891411497
 20
41936.48791039806
 30
0
  0
SEQEND
  5
54E
  8
ARREDI ATTREZZATURE - FURNITURE
  6
BYLAYER
 62
  256
  0
POLYLINE
  5
54F
  8
ARREDI ATTREZZATURE - FURNITURE
  6
BYLAYER
 62
  256
 66
    1
 10
0
 20
0
 30
0
 70
    1
210
0
220
0
230
-0.9999999999999999
  0
VERTEX
  5
550
  8
ARREDI ATTREZZATURE - FURNITURE
  6
BYLAYER
 62
  256
 10
81629.39584456984
 20
41936.48771859898
 30
0
  0
VERTEX
  5
551
  8
ARREDI ATTREZZATURE - FURNITURE
  6
BYLAYER
 62
  256
 10
81629.39523777807
 20
41936.48743771228
 30
0
  0
VERTEX
  5
552
  8
ARREDI ATTREZZATURE - FURNITURE
  6
BYLAYER
 62
  256
 10
81629.39459281511
 20
41936.48652246234
 30
0
  0
VERTEX
  5
553
  8
ARREDI ATTREZZATURE - FURNITURE
  6
BYLAYER
 62
  256
 10
81629.39391123474
 20
41936.48497505406
 30
0
  0
VERTEX
  5
554
  8
ARREDI ATTREZZATURE - FURNITURE
  6
BYLAYER
 62
  256
 10
81629.39319467897
 20
41936.4827992153
 30
0
  0
VERTEX
  5
555
  8
ARREDI ATTREZZATURE - FURNITURE
  6
BYLAYER
 62
  256
 10
81629.392444874
 20
41936.48000018783
 30
0
  0
VERTEX
  5
556
  8
ARREDI ATTREZZATURE - FURNITURE
  6
BYLAYER
 62
  256
 10
81629.39166362621
 20
41936.47658471476
 30
0
  0
VERTEX
  5
557
  8
ARREDI ATTREZZATURE - FURNITURE
  6
BYLAYER
 62
  256
 10
81629.39085281771
 20
41936.47256102428
 30
0
  0
VERTEX
  5
558
  8
ARREDI ATTREZZATURE - FURNITURE
  6
BYLAYER
 62
  256
 10
81629.39001440175
 20
41936.46793880979
 30
0
  0
VERTEX
  5
559
  8
ARREDI ATTREZZATURE - FURNITURE
  6
BYLAYER
 62
  256
 10
81629.38915039822
 20
41936.46272920661
 30
0
  0
VERTEX
  5
55A
  8
ARREDI ATTREZZATURE - FURNITURE
  6
BYLAYER
 62
  256
 10
81629.38826288852
 20
41936.45694476514
 30
0
  0
VERTEX
  5
55B
  8
ARREDI ATTREZZATURE - FURNITURE
  6
BYLAYER
 62
  256
 10
81629.38735401076
 20
41936.4505994206
 30
0
  0
VERTEX
  5
55C
  8
ARREDI ATTREZZATURE - FURNITURE
  6
BYLAYER
 62
  256
 10
81629.38642595451
 20
41936.44370845948
 30
0
  0
VERTEX
  5
55D
  8
ARREDI ATTREZZATURE - FURNITURE
  6
BYLAYER
 62
  256
 10
81629.38548095553
 20
41936.43628848272
 30
0
  0
VERTEX
  5
55E
  8
ARREDI ATTREZZATURE - FURNITURE
  6
BYLAYER
 62
  256
 10
81629.38452129044
 20
41936.42835736569
 30
0
  0
VERTEX
  5
55F
  8
ARREDI ATTREZZATURE - FURNITURE
  6
BYLAYER
 62
  256
 10
81629.38354927109
 20
41936.41993421514
 30
0
  0
VERTEX
  5
560
  8
ARREDI ATTREZZATURE - FURNITURE
  6
BYLAYER
 62
  256
 10
81629.38256723923
 20
41936.41103932317
 30
0
  0
VERTEX
  5
561
  8
ARREDI ATTREZZATURE - FURNITURE
  6
BYLAYER
 62
  256
 10
81629.38157756061
 20
41936.40169411838
 30
0
  0
VERTEX
  5
562
  8
ARREDI ATTREZZATURE - FURNITURE
  6
BYLAYER
 62
  256
 10
81629.38058261947
 20
41936.39192111415
 30
0
  0
VERTEX
  5
563
  8
ARREDI ATTREZZATURE - FURNITURE
  6
BYLAYER
 62
  256
 10
81629.37958481273
 20
41936.38174385454
 30
0
  0
VERTEX
  5
564
  8
ARREDI ATTREZZATURE - FURNITURE
  6
BYLAYER
 62
  256
 10
81629.37858654416
 20
41936.37118685744
 30
0
  0
VERTEX
  5
565
  8
ARREDI ATTREZZATURE - FURNITURE
  6
BYLAYER
 62
  256
 10
81629.3775902187
 20
41936.36027555558
 30
0
  0
VERTEX
  5
566
  8
ARREDI ATTREZZATURE - FURNITURE
  6
BYLAYER
 62
  256
 10
81629.37659823657
 20
41936.34903623525
 30
0
  0
VERTEX
  5
567
  8
ARREDI ATTREZZATURE - FURNITURE
  6
BYLAYER
 62
  256
 10
81629.37561298757
 20
41936.33749597296
 30
0
  0
VERTEX
  5
568
  8
ARREDI ATTREZZATURE - FURNITURE
  6
BYLAYER
 62
  256
 10
81629.3746368452
 20
41936.32568257019
 30
0
  0
VERTEX
  5
569
  8
ARREDI ATTREZZATURE - FURNITURE
  6
BYLAYER
 62
  256
 10
81629.37367216112
 20
41936.31362448649
 30
0
  0
VERTEX
  5
56A
  8
ARREDI ATTREZZATURE - FURNITURE
  6
BYLAYER
 62
  256
 10
81629.37272125934
 20
41936.30135077081
 30
0
  0
VERTEX
  5
56B
  8
ARREDI ATTREZZATURE - FURNITURE
  6
BYLAYER
 62
  256
 10
81629.37178643062
 20
41936.28889099164
 30
0
  0
VERTEX
  5
56C
  8
ARREDI ATTREZZATURE - FURNITURE
  6
BYLAYER
 62
  256
 10
81629.37086992708
 20
41936.27627516566
 30
0
  0
VERTEX
  5
56D
  8
ARREDI ATTREZZATURE - FURNITURE
  6
BYLAYER
 62
  256
 10
81629.36997395665
 20
41936.2635336855
 30
0
  0
VERTEX
  5
56E
  8
ARREDI ATTREZZATURE - FURNITURE
  6
BYLAYER
 62
  256
 10
81629.3691006778
 20
41936.25069724651
 30
0
  0
VERTEX
  5
56F
  8
ARREDI ATTREZZATURE - FURNITURE
  6
BYLAYER
 62
  256
 10
81629.36825219434
 20
41936.23779677278
 30
0
  0
VERTEX
  5
570
  8
ARREDI ATTREZZATURE - FURNITURE
  6
BYLAYER
 62
  256
 10
81629.36743055032
 20
41936.22486334271
 30
0
  0
VERTEX
  5
571
  8
ARREDI ATTREZZATURE - FURNITURE
  6
BYLAYER
 62
  256
 10
81629.36663772518
 20
41936.21192811403
 30
0
  0
VERTEX
  5
572
  8
ARREDI ATTREZZATURE - FURNITURE
  6
BYLAYER
 62
  256
 10
81629.36587562891
 20
41936.19902224887
 30
0
  0
VERTEX
  5
573
  8
ARREDI ATTREZZATURE - FURNITURE
  6
BYLAYER
 62
  256
 10
81629.36514609742
 20
41936.18617683857
 30
0
  0
VERTEX
  5
574
  8
ARREDI ATTREZZATURE - FURNITURE
  6
BYLAYER
 62
  256
 10
81629.36445088827
 20
41936.17342282885
 30
0
  0
VERTEX
  5
575
  8
ARREDI ATTREZZATURE - FURNITURE
  6
BYLAYER
 62
  256
 10
81629.36379167624
 20
41936.16079094524
 30
0
  0
VERTEX
  5
576
  8
ARREDI ATTREZZATURE - FURNITURE
  6
BYLAYER
 62
  256
 10
81629.36317004944
 20
41936.14831161906
 30
0
  0
VERTEX
  5
577
  8
ARREDI ATTREZZATURE - FURNITURE
  6
BYLAYER
 62
  256
 10
81629.36258750544
 20
41936.1360149141
 30
0
  0
VERTEX
  5
578
  8
ARREDI ATTREZZATURE - FURNITURE
  6
BYLAYER
 62
  256
 10
81629.36204544763
 20
41936.12393045419
 30
0
  0
VERTEX
  5
579
  8
ARREDI ATTREZZATURE - FURNITURE
  6
BYLAYER
 62
  256
 10
81629.36154518188
 20
41936.11208735185
 30
0
  0
VERTEX
  5
57A
  8
ARREDI ATTREZZATURE - FURNITURE
  6
BYLAYER
 62
  256
 10
81629.36108791335
 20
41936.10051413817
 30
0
  0
VERTEX
  5
57B
  8
ARREDI ATTREZZATURE - FURNITURE
  6
BYLAYER
 62
  256
 10
81629.36067474366
 20
41936.08923869401
 30
0
  0
VERTEX
  5
57C
  8
ARREDI ATTREZZATURE - FURNITURE
  6
BYLAYER
 62
  256
 10
81629.36030666818
 20
41936.07828818293
 30
0
  0
VERTEX
  5
57D
  8
ARREDI ATTREZZATURE - FURNITURE
  6
BYLAYER
 62
  256
 10
81629.35998457362
 20
41936.06768898564
 30
0
  0
VERTEX
  5
57E
  8
ARREDI ATTREZZATURE - FURNITURE
  6
BYLAYER
 62
  256
 10
81629.35970923594
 20
41936.05746663656
 30
0
  0
VERTEX
  5
57F
  8
ARREDI ATTREZZATURE - FURNITURE
  6
BYLAYER
 62
  256
 10
81629.35948131843
 20
41936.04764576221
 30
0
  0
VERTEX
  5
580
  8
ARREDI ATTREZZATURE - FURNITURE
  6
BYLAYER
 62
  256
 10
81629.35930137022
 20
41936.03825002195
 30
0
  0
VERTEX
  5
581
  8
ARREDI ATTREZZATURE - FURNITURE
  6
BYLAYER
 62
  256
 10
81629.35916982475
 20
41936.02930205093
 30
0
  0
VERTEX
  5
582
  8
ARREDI ATTREZZATURE - FURNITURE
  6
BYLAYER
 62
  256
 10
81629.35908699899
 20
41936.02082340559
 30
0
  0
VERTEX
  5
583
  8
ARREDI ATTREZZATURE - FURNITURE
  6
BYLAYER
 62
  256
 10
81629.35905309243
 20
41936.01283451175
 30
0
  0
VERTEX
  5
584
  8
ARREDI ATTREZZATURE - FURNITURE
  6
BYLAYER
 62
  256
 10
81629.35906818676
 20
41936.00535461534
 30
0
  0
VERTEX
  5
585
  8
ARREDI ATTREZZATURE - FURNITURE
  6
BYLAYER
 62
  256
 10
81629.35913224563
 20
41935.99840173608
 30
0
  0
VERTEX
  5
586
  8
ARREDI ATTREZZATURE - FURNITURE
  6
BYLAYER
 62
  256
 10
81629.35924511474
 20
41935.99199262408
 30
0
  0
VERTEX
  5
587
  8
ARREDI ATTREZZATURE - FURNITURE
  6
BYLAYER
 62
  256
 10
81629.35940652211
 20
41935.98614271943
 30
0
  0
VERTEX
  5
588
  8
ARREDI ATTREZZATURE - FURNITURE
  6
BYLAYER
 62
  256
 10
81629.35961607896
 20
41935.9808661151
 30
0
  0
VERTEX
  5
589
  8
ARREDI ATTREZZATURE - FURNITURE
  6
BYLAYER
 62
  256
 10
81629.35987328042
 20
41935.97617552286
 30
0
  0
VERTEX
  5
58A
  8
ARREDI ATTREZZATURE - FURNITURE
  6
BYLAYER
 62
  256
 10
81629.36017750687
 20
41935.97208224278
 30
0
  0
VERTEX
  5
58B
  8
ARREDI ATTREZZATURE - FURNITURE
  6
BYLAYER
 62
  256
 10
81629.36052802541
 20
41935.96859613591
 30
0
  0
VERTEX
  5
58C
  8
ARREDI ATTREZZATURE - FURNITURE
  6
BYLAYER
 62
  256
 10
81629.3609239916
 20
41935.96572560059
 30
0
  0
VERTEX
  5
58D
  8
ARREDI ATTREZZATURE - FURNITURE
  6
BYLAYER
 62
  256
 10
81629.36136445153
 20
41935.9634775522
 30
0
  0
VERTEX
  5
58E
  8
ARREDI ATTREZZATURE - FURNITURE
  6
BYLAYER
 62
  256
 10
81629.3618483441
 20
41935.96185740648
 30
0
  0
VERTEX
  5
58F
  8
ARREDI ATTREZZATURE - FURNITURE
  6
BYLAYER
 62
  256
 10
81629.36237450356
 20
41935.96086906651
 30
0
  0
VERTEX
  5
590
  8
ARREDI ATTREZZATURE - FURNITURE
  6
BYLAYER
 62
  256
 10
81629.36294166234
 20
41935.96051491328
 30
0
  0
VERTEX
  5
591
  8
ARREDI ATTREZZATURE - FURNITURE
  6
BYLAYER
 62
  256
 10
81629.36354845412
 20
41935.96079579998
 30
0
  0
VERTEX
  5
592
  8
ARREDI ATTREZZATURE - FURNITURE
  6
BYLAYER
 62
  256
 10
81629.36419341707
 20
41935.96171104992
 30
0
  0
VERTEX
  5
593
  8
ARREDI ATTREZZATURE - FURNITURE
  6
BYLAYER
 62
  256
 10
81629.36487499744
 20
41935.9632584582
 30
0
  0
VERTEX
  5
594
  8
ARREDI ATTREZZATURE - FURNITURE
  6
BYLAYER
 62
  256
 10
81629.36559155321
 20
41935.96543429696
 30
0
  0
VERTEX
  5
595
  8
ARREDI ATTREZZATURE - FURNITURE
  6
BYLAYER
 62
  256
 10
81629.36634135818
 20
41935.96823332443
 30
0
  0
VERTEX
  5
596
  8
ARREDI ATTREZZATURE - FURNITURE
  6
BYLAYER
 62
  256
 10
81629.36712260597
 20
41935.97164879749
 30
0
  0
VERTEX
  5
597
  8
ARREDI ATTREZZATURE - FURNITURE
  6
BYLAYER
 62
  256
 10
81629.36793341447
 20
41935.97567248798
 30
0
  0
VERTEX
  5
598
  8
ARREDI ATTREZZATURE - FURNITURE
  6
BYLAYER
 62
  256
 10
81629.36877183043
 20
41935.98029470247
 30
0
  0
VERTEX
  5
599
  8
ARREDI ATTREZZATURE - FURNITURE
  6
BYLAYER
 62
  256
 10
81629.36963583397
 20
41935.98550430565
 30
0
  0
VERTEX
  5
59A
  8
ARREDI ATTREZZATURE - FURNITURE
  6
BYLAYER
 62
  256
 10
81629.37052334366
 20
41935.99128874712
 30
0
  0
VERTEX
  5
59B
  8
ARREDI ATTREZZATURE - FURNITURE
  6
BYLAYER
 62
  256
 10
81629.37143222142
 20
41935.99763409165
 30
0
  0
VERTEX
  5
59C
  8
ARREDI ATTREZZATURE - FURNITURE
  6
BYLAYER
 62
  256
 10
81629.37236027767
 20
41936.00452505278
 30
0
  0
VERTEX
  5
59D
  8
ARREDI ATTREZZATURE - FURNITURE
  6
BYLAYER
 62
  256
 10
81629.37330527665
 20
41936.01194502954
 30
0
  0
VERTEX
  5
59E
  8
ARREDI ATTREZZATURE - FURNITURE
  6
BYLAYER
 62
  256
 10
81629.37426494174
 20
41936.01987614657
 30
0
  0
VERTEX
  5
59F
  8
ARREDI ATTREZZATURE - FURNITURE
  6
BYLAYER
 62
  256
 10
81629.37523696109
 20
41936.02829929712
 30
0
  0
VERTEX
  5
5A0
  8
ARREDI ATTREZZATURE - FURNITURE
  6
BYLAYER
 62
  256
 10
81629.37621899295
 20
41936.03719418908
 30
0
  0
VERTEX
  5
5A1
  8
ARREDI ATTREZZATURE - FURNITURE
  6
BYLAYER
 62
  256
 10
81629.37720867158
 20
41936.04653939388
 30
0
  0
VERTEX
  5
5A2
  8
ARREDI ATTREZZATURE - FURNITURE
  6
BYLAYER
 62
  256
 10
81629.37820361271
 20
41936.0563123981
 30
0
  0
VERTEX
  5
5A3
  8
ARREDI ATTREZZATURE - FURNITURE
  6
BYLAYER
 62
  256
 10
81629.37920141945
 20
41936.06648965772
 30
0
  0
VERTEX
  5
5A4
  8
ARREDI ATTREZZATURE - FURNITURE
  6
BYLAYER
 62
  256
 10
81629.38019968802
 20
41936.07704665482
 30
0
  0
VERTEX
  5
5A5
  8
ARREDI ATTREZZATURE - FURNITURE
  6
BYLAYER
 62
  256
 10
81629.38119601348
 20
41936.08795795668
 30
0
  0
VERTEX
  5
5A6
  8
ARREDI ATTREZZATURE - FURNITURE
  6
BYLAYER
 62
  256
 10
81629.38218799561
 20
41936.09919727701
 30
0
  0
VERTEX
  5
5A7
  8
ARREDI ATTREZZATURE - FURNITURE
  6
BYLAYER
 62
  256
 10
81629.38317324461
 20
41936.1107375393
 30
0
  0
VERTEX
  5
5A8
  8
ARREDI ATTREZZATURE - FURNITURE
  6
BYLAYER
 62
  256
 10
81629.38414938698
 20
41936.12255094207
 30
0
  0
VERTEX
  5
5A9
  8
ARREDI ATTREZZATURE - FURNITURE
  6
BYLAYER
 62
  256
 10
81629.38511407106
 20
41936.13460902577
 30
0
  0
VERTEX
  5
5AA
  8
ARREDI ATTREZZATURE - FURNITURE
  6
BYLAYER
 62
  256
 10
81629.38606497284
 20
41936.14688274145
 30
0
  0
VERTEX
  5
5AB
  8
ARREDI ATTREZZATURE - FURNITURE
  6
BYLAYER
 62
  256
 10
81629.38699980156
 20
41936.15934252062
 30
0
  0
VERTEX
  5
5AC
  8
ARREDI ATTREZZATURE - FURNITURE
  6
BYLAYER
 62
  256
 10
81629.3879163051
 20
41936.1719583466
 30
0
  0
VERTEX
  5
5AD
  8
ARREDI ATTREZZATURE - FURNITURE
  6
BYLAYER
 62
  256
 10
81629.38881227553
 20
41936.18469982676
 30
0
  0
VERTEX
  5
5AE
  8
ARREDI ATTREZZATURE - FURNITURE
  6
BYLAYER
 62
  256
 10
81629.38968555439
 20
41936.19753626575
 30
0
  0
VERTEX
  5
5AF
  8
ARREDI ATTREZZATURE - FURNITURE
  6
BYLAYER
 62
  256
 10
81629.39053403784
 20
41936.21043673948
 30
0
  0
VERTEX
  5
5B0
  8
ARREDI ATTREZZATURE - FURNITURE
  6
BYLAYER
 62
  256
 10
81629.39135568186
 20
41936.22337016955
 30
0
  0
VERTEX
  5
5B1
  8
ARREDI ATTREZZATURE - FURNITURE
  6
BYLAYER
 62
  256
 10
81629.392148507
 20
41936.23630539823
 30
0
  0
VERTEX
  5
5B2
  8
ARREDI ATTREZZATURE - FURNITURE
  6
BYLAYER
 62
  256
 10
81629.39291060327
 20
41936.24921126339
 30
0
  0
VERTEX
  5
5B3
  8
ARREDI ATTREZZATURE - FURNITURE
  6
BYLAYER
 62
  256
 10
81629.39364013476
 20
41936.26205667369
 30
0
  0
VERTEX
  5
5B4
  8
ARREDI ATTREZZATURE - FURNITURE
  6
BYLAYER
 62
  256
 10
81629.39433534391
 20
41936.27481068341
 30
0
  0
VERTEX
  5
5B5
  8
ARREDI ATTREZZATURE - FURNITURE
  6
BYLAYER
 62
  256
 10
81629.39499455594
 20
41936.28744256702
 30
0
  0
VERTEX
  5
5B6
  8
ARREDI ATTREZZATURE - FURNITURE
  6
BYLAYER
 62
  256
 10
81629.39561618274
 20
41936.29992189319
 30
0
  0
VERTEX
  5
5B7
  8
ARREDI ATTREZZATURE - FURNITURE
  6
BYLAYER
 62
  256
 10
81629.39619872674
 20
41936.31221859816
 30
0
  0
VERTEX
  5
5B8
  8
ARREDI ATTREZZATURE - FURNITURE
  6
BYLAYER
 62
  256
 10
81629.39674078455
 20
41936.32430305807
 30
0
  0
VERTEX
  5
5B9
  8
ARREDI ATTREZZATURE - FURNITURE
  6
BYLAYER
 62
  256
 10
81629.3972410503
 20
41936.33614616041
 30
0
  0
VERTEX
  5
5BA
  8
ARREDI ATTREZZATURE - FURNITURE
  6
BYLAYER
 62
  256
 10
81629.39769831883
 20
41936.34771937409
 30
0
  0
VERTEX
  5
5BB
  8
ARREDI ATTREZZATURE - FURNITURE
  6
BYLAYER
 62
  256
 10
81629.39811148852
 20
41936.35899481825
 30
0
  0
VERTEX
  5
5BC
  8
ARREDI ATTREZZATURE - FURNITURE
  6
BYLAYER
 62
  256
 10
81629.398479564
 20
41936.36994532933
 30
0
  0
VERTEX
  5
5BD
  8
ARREDI ATTREZZATURE - FURNITURE
  6
BYLAYER
 62
  256
 10
81629.39880165856
 20
41936.38054452662
 30
0
  0
VERTEX
  5
5BE
  8
ARREDI ATTREZZATURE - FURNITURE
  6
BYLAYER
 62
  256
 10
81629.39907699624
 20
41936.39076687569
 30
0
  0
VERTEX
  5
5BF
  8
ARREDI ATTREZZATURE - FURNITURE
  6
BYLAYER
 62
  256
 10
81629.39930491375
 20
41936.40058775005
 30
0
  0
VERTEX
  5
5C0
  8
ARREDI ATTREZZATURE - FURNITURE
  6
BYLAYER
 62
  256
 10
81629.39948486196
 20
41936.40998349031
 30
0
  0
VERTEX
  5
5C1
  8
ARREDI ATTREZZATURE - FURNITURE
  6
BYLAYER
 62
  256
 10
81629.39961640743
 20
41936.41893146133
 30
0
  0
VERTEX
  5
5C2
  8
ARREDI ATTREZZATURE - FURNITURE
  6
BYLAYER
 62
  256
 10
81629.3996992332
 20
41936.42741010667
 30
0
  0
VERTEX
  5
5C3
  8
ARREDI ATTREZZATURE - FURNITURE
  6
BYLAYER
 62
  256
 10
81629.39973313975
 20
41936.43539900051
 30
0
  0
VERTEX
  5
5C4
  8
ARREDI ATTREZZATURE - FURNITURE
  6
BYLAYER
 62
  256
 10
81629.39971804542
 20
41936.44287889692
 30
0
  0
VERTEX
  5
5C5
  8
ARREDI ATTREZZATURE - FURNITURE
  6
BYLAYER
 62
  256
 10
81629.39965398655
 20
41936.44983177618
 30
0
  0
VERTEX
  5
5C6
  8
ARREDI ATTREZZATURE - FURNITURE
  6
BYLAYER
 62
  256
 10
81629.39954111744
 20
41936.45624088818
 30
0
  0
VERTEX
  5
5C7
  8
ARREDI ATTREZZATURE - FURNITURE
  6
BYLAYER
 62
  256
 10
81629.39937971007
 20
41936.46209079283
 30
0
  0
VERTEX
  5
5C8
  8
ARREDI ATTREZZATURE - FURNITURE
  6
BYLAYER
 62
  256
 10
81629.39917015322
 20
41936.46736739716
 30
0
  0
VERTEX
  5
5C9
  8
ARREDI ATTREZZATURE - FURNITURE
  6
BYLAYER
 62
  256
 10
81629.39891295176
 20
41936.4720579894
 30
0
  0
VERTEX
  5
5CA
  8
ARREDI ATTREZZATURE - FURNITURE
  6
BYLAYER
 62
  256
 10
81629.39860872531
 20
41936.47615126948
 30
0
  0
VERTEX
  5
5CB
  8
ARREDI ATTREZZATURE - FURNITURE
  6
BYLAYER
 62
  256
 10
81629.39825820677
 20
41936.47963737635
 30
0
  0
VERTEX
  5
5CC
  8
ARREDI ATTREZZATURE - FURNITURE
  6
BYLAYER
 62
  256
 10
81629.39786224058
 20
41936.48250791167
 30
0
  0
VERTEX
  5
5CD
  8
ARREDI ATTREZZATURE - FURNITURE
  6
BYLAYER
 62
  256
 10
81629.39742178065
 20
41936.48475596006
 30
0
  0
VERTEX
  5
5CE
  8
ARREDI ATTREZZATURE - FURNITURE
  6
BYLAYER
 62
  256
 10
81629.39693788809
 20
41936.48637610578
 30
0
  0
VERTEX
  5
5CF
  8
ARREDI ATTREZZATURE - FURNITURE
  6
BYLAYER
 62
  256
 10
81629.39641172862
 20
41936.48736444575
 30
0
  0
SEQEND
  5
5D0
  8
ARREDI ATTREZZATURE - FURNITURE
  6
BYLAYER
 62
  256
  0
POLYLINE
  5
5D1
  8
ARREDI ATTREZZATURE - FURNITURE
  6
BYLAYER
 62
  256
 66
    1
 10
0
 20
0
 30
0
 70
    1
210
0
220
0
230
-0.9999999999999999
  0
VERTEX
  5
5D2
  8
ARREDI ATTREZZATURE - FURNITURE
  6
BYLAYER
 62
  256
 10
81628.93825110042
 20
41936.48871006557
 30
0
  0
VERTEX
  5
5D3
  8
ARREDI ATTREZZATURE - FURNITURE
  6
BYLAYER
 62
  256
 10
81628.93764430865
 20
41936.48842917887
 30
0
  0
VERTEX
  5
5D4
  8
ARREDI ATTREZZATURE - FURNITURE
  6
BYLAYER
 62
  256
 10
81628.93699934569
 20
41936.48751392892
 30
0
  0
VERTEX
  5
5D5
  8
ARREDI ATTREZZATURE - FURNITURE
  6
BYLAYER
 62
  256
 10
81628.93631776533
 20
41936.48596652065
 30
0
  0
VERTEX
  5
5D6
  8
ARREDI ATTREZZATURE - FURNITURE
  6
BYLAYER
 62
  256
 10
81628.93560120955
 20
41936.48379068189
 30
0
  0
VERTEX
  5
5D7
  8
ARREDI ATTREZZATURE - FURNITURE
  6
BYLAYER
 62
  256
 10
81628.93485140459
 20
41936.48099165442
 30
0
  0
VERTEX
  5
5D8
  8
ARREDI ATTREZZATURE - FURNITURE
  6
BYLAYER
 62
  256
 10
81628.9340701568
 20
41936.47757618135
 30
0
  0
VERTEX
  5
5D9
  8
ARREDI ATTREZZATURE - FURNITURE
  6
BYLAYER
 62
  256
 10
81628.9332593483
 20
41936.47355249087
 30
0
  0
VERTEX
  5
5DA
  8
ARREDI ATTREZZATURE - FURNITURE
  6
BYLAYER
 62
  256
 10
81628.93242093234
 20
41936.46893027637
 30
0
  0
VERTEX
  5
5DB
  8
ARREDI ATTREZZATURE - FURNITURE
  6
BYLAYER
 62
  256
 10
81628.9315569288
 20
41936.46372067319
 30
0
  0
VERTEX
  5
5DC
  8
ARREDI ATTREZZATURE - FURNITURE
  6
BYLAYER
 62
  256
 10
81628.9306694191
 20
41936.45793623172
 30
0
  0
VERTEX
  5
5DD
  8
ARREDI ATTREZZATURE - FURNITURE
  6
BYLAYER
 62
  256
 10
81628.92976054134
 20
41936.45159088719
 30
0
  0
VERTEX
  5
5DE
  8
ARREDI ATTREZZATURE - FURNITURE
  6
BYLAYER
 62
  256
 10
81628.92883248509
 20
41936.44469992607
 30
0
  0
VERTEX
  5
5DF
  8
ARREDI ATTREZZATURE - FURNITURE
  6
BYLAYER
 62
  256
 10
81628.92788748612
 20
41936.43727994931
 30
0
  0
VERTEX
  5
5E0
  8
ARREDI ATTREZZATURE - FURNITURE
  6
BYLAYER
 62
  256
 10
81628.92692782103
 20
41936.42934883227
 30
0
  0
VERTEX
  5
5E1
  8
ARREDI ATTREZZATURE - FURNITURE
  6
BYLAYER
 62
  256
 10
81628.92595580168
 20
41936.42092568173
 30
0
  0
VERTEX
  5
5E2
  8
ARREDI ATTREZZATURE - FURNITURE
  6
BYLAYER
 62
  256
 10
81628.92497376981
 20
41936.41203078976
 30
0
  0
VERTEX
  5
5E3
  8
ARREDI ATTREZZATURE - FURNITURE
  6
BYLAYER
 62
  256
 10
81628.92398409119
 20
41936.40268558497
 30
0
  0
VERTEX
  5
5E4
  8
ARREDI ATTREZZATURE - FURNITURE
  6
BYLAYER
 62
  256
 10
81628.92298915006
 20
41936.39291258074
 30
0
  0
VERTEX
  5
5E5
  8
ARREDI ATTREZZATURE - FURNITURE
  6
BYLAYER
 62
  256
 10
81628.92199134332
 20
41936.38273532112
 30
0
  0
VERTEX
  5
5E6
  8
ARREDI ATTREZZATURE - FURNITURE
  6
BYLAYER
 62
  256
 10
81628.92099307475
 20
41936.37217832403
 30
0
  0
VERTEX
  5
5E7
  8
ARREDI ATTREZZATURE - FURNITURE
  6
BYLAYER
 62
  256
 10
81628.91999674929
 20
41936.36126702216
 30
0
  0
VERTEX
  5
5E8
  8
ARREDI ATTREZZATURE - FURNITURE
  6
BYLAYER
 62
  256
 10
81628.91900476716
 20
41936.35002770184
 30
0
  0
VERTEX
  5
5E9
  8
ARREDI ATTREZZATURE - FURNITURE
  6
BYLAYER
 62
  256
 10
81628.91801951815
 20
41936.33848743954
 30
0
  0
VERTEX
  5
5EA
  8
ARREDI ATTREZZATURE - FURNITURE
  6
BYLAYER
 62
  256
 10
81628.91704337578
 20
41936.32667403678
 30
0
  0
VERTEX
  5
5EB
  8
ARREDI ATTREZZATURE - FURNITURE
  6
BYLAYER
 62
  256
 10
81628.91607869171
 20
41936.31461595307
 30
0
  0
VERTEX
  5
5EC
  8
ARREDI ATTREZZATURE - FURNITURE
  6
BYLAYER
 62
  256
 10
81628.91512778992
 20
41936.3023422374
 30
0
  0
VERTEX
  5
5ED
  8
ARREDI ATTREZZATURE - FURNITURE
  6
BYLAYER
 62
  256
 10
81628.91419296121
 20
41936.28988245822
 30
0
  0
VERTEX
  5
5EE
  8
ARREDI ATTREZZATURE - FURNITURE
  6
BYLAYER
 62
  256
 10
81628.91327645766
 20
41936.27726663225
 30
0
  0
VERTEX
  5
5EF
  8
ARREDI ATTREZZATURE - FURNITURE
  6
BYLAYER
 62
  256
 10
81628.91238048724
 20
41936.26452515209
 30
0
  0
VERTEX
  5
5F0
  8
ARREDI ATTREZZATURE - FURNITURE
  6
BYLAYER
 62
  256
 10
81628.91150720838
 20
41936.25168871309
 30
0
  0
VERTEX
  5
5F1
  8
ARREDI ATTREZZATURE - FURNITURE
  6
BYLAYER
 62
  256
 10
81628.91065872493
 20
41936.23878823937
 30
0
  0
VERTEX
  5
5F2
  8
ARREDI ATTREZZATURE - FURNITURE
  6
BYLAYER
 62
  256
 10
81628.90983708091
 20
41936.22585480929
 30
0
  0
VERTEX
  5
5F3
  8
ARREDI ATTREZZATURE - FURNITURE
  6
BYLAYER
 62
  256
 10
81628.90904425576
 20
41936.21291958062
 30
0
  0
VERTEX
  5
5F4
  8
ARREDI ATTREZZATURE - FURNITURE
  6
BYLAYER
 62
  256
 10
81628.90828215949
 20
41936.20001371545
 30
0
  0
VERTEX
  5
5F5
  8
ARREDI ATTREZZATURE - FURNITURE
  6
BYLAYER
 62
  256
 10
81628.90755262801
 20
41936.18716830516
 30
0
  0
VERTEX
  5
5F6
  8
ARREDI ATTREZZATURE - FURNITURE
  6
BYLAYER
 62
  256
 10
81628.90685741886
 20
41936.17441429543
 30
0
  0
VERTEX
  5
5F7
  8
ARREDI ATTREZZATURE - FURNITURE
  6
BYLAYER
 62
  256
 10
81628.90619820682
 20
41936.16178241183
 30
0
  0
VERTEX
  5
5F8
  8
ARREDI ATTREZZATURE - FURNITURE
  6
BYLAYER
 62
  256
 10
81628.90557658003
 20
41936.14930308565
 30
0
  0
VERTEX
  5
5F9
  8
ARREDI ATTREZZATURE - FURNITURE
  6
BYLAYER
 62
  256
 10
81628.90499403603
 20
41936.13700638068
 30
0
  0
VERTEX
  5
5FA
  8
ARREDI ATTREZZATURE - FURNITURE
  6
BYLAYER
 62
  256
 10
81628.90445197822
 20
41936.12492192077
 30
0
  0
VERTEX
  5
5FB
  8
ARREDI ATTREZZATURE - FURNITURE
  6
BYLAYER
 62
  256
 10
81628.90395171246
 20
41936.11307881844
 30
0
  0
VERTEX
  5
5FC
  8
ARREDI ATTREZZATURE - FURNITURE
  6
BYLAYER
 62
  256
 10
81628.90349444393
 20
41936.10150560475
 30
0
  0
VERTEX
  5
5FD
  8
ARREDI ATTREZZATURE - FURNITURE
  6
BYLAYER
 62
  256
 10
81628.90308127424
 20
41936.0902301606
 30
0
  0
VERTEX
  5
5FE
  8
ARREDI ATTREZZATURE - FURNITURE
  6
BYLAYER
 62
  256
 10
81628.90271319877
 20
41936.07927964952
 30
0
  0
VERTEX
  5
5FF
  8
ARREDI ATTREZZATURE - FURNITURE
  6
BYLAYER
 62
  256
 10
81628.9023911042
 20
41936.06868045223
 30
0
  0
VERTEX
  5
600
  8
ARREDI ATTREZZATURE - FURNITURE
  6
BYLAYER
 62
  256
 10
81628.90211576653
 20
41936.05845810315
 30
0
  0
VERTEX
  5
601
  8
ARREDI ATTREZZATURE - FURNITURE
  6
BYLAYER
 62
  256
 10
81628.90188784902
 20
41936.0486372288
 30
0
  0
VERTEX
  5
602
  8
ARREDI ATTREZZATURE - FURNITURE
  6
BYLAYER
 62
  256
 10
81628.9017079008
 20
41936.03924148854
 30
0
  0
VERTEX
  5
603
  8
ARREDI ATTREZZATURE - FURNITURE
  6
BYLAYER
 62
  256
 10
81628.90157635533
 20
41936.03029351751
 30
0
  0
VERTEX
  5
604
  8
ARREDI ATTREZZATURE - FURNITURE
  6
BYLAYER
 62
  256
 10
81628.90149352957
 20
41936.02181487218
 30
0
  0
VERTEX
  5
605
  8
ARREDI ATTREZZATURE - FURNITURE
  6
BYLAYER
 62
  256
 10
81628.90145962301
 20
41936.01382597833
 30
0
  0
VERTEX
  5
606
  8
ARREDI ATTREZZATURE - FURNITURE
  6
BYLAYER
 62
  256
 10
81628.90147471735
 20
41936.00634608192
 30
0
  0
VERTEX
  5
607
  8
ARREDI ATTREZZATURE - FURNITURE
  6
BYLAYER
 62
  256
 10
81628.90153877622
 20
41935.99939320266
 30
0
  0
VERTEX
  5
608
  8
ARREDI ATTREZZATURE - FURNITURE
  6
BYLAYER
 62
  256
 10
81628.90165164533
 20
41935.99298409066
 30
0
  0
VERTEX
  5
609
  8
ARREDI ATTREZZATURE - FURNITURE
  6
BYLAYER
 62
  256
 10
81628.9018130527
 20
41935.98713418602
 30
0
  0
VERTEX
  5
60A
  8
ARREDI ATTREZZATURE - FURNITURE
  6
BYLAYER
 62
  256
 10
81628.90202260955
 20
41935.98185758169
 30
0
  0
VERTEX
  5
60B
  8
ARREDI ATTREZZATURE - FURNITURE
  6
BYLAYER
 62
  256
 10
81628.90227981101
 20
41935.97716698945
 30
0
  0
VERTEX
  5
60C
  8
ARREDI ATTREZZATURE - FURNITURE
  6
BYLAYER
 62
  256
 10
81628.90258403745
 20
41935.97307370936
 30
0
  0
VERTEX
  5
60D
  8
ARREDI ATTREZZATURE - FURNITURE
  6
BYLAYER
 62
  256
 10
81628.902934556
 20
41935.96958760249
 30
0
  0
VERTEX
  5
60E
  8
ARREDI ATTREZZATURE - FURNITURE
  6
BYLAYER
 62
  256
 10
81628.90333052218
 20
41935.96671706717
 30
0
  0
VERTEX
  5
60F
  8
ARREDI ATTREZZATURE - FURNITURE
  6
BYLAYER
 62
  256
 10
81628.90377098211
 20
41935.96446901879
 30
0
  0
VERTEX
  5
610
  8
ARREDI ATTREZZATURE - FURNITURE
  6
BYLAYER
 62
  256
 10
81628.90425487468
 20
41935.96284887307
 30
0
  0
VERTEX
  5
611
  8
ARREDI ATTREZZATURE - FURNITURE
  6
BYLAYER
 62
  256
 10
81628.90478103414
 20
41935.9618605331
 30
0
  0
VERTEX
  5
612
  8
ARREDI ATTREZZATURE - FURNITURE
  6
BYLAYER
 62
  256
 10
81628.90534819293
 20
41935.96150637986
 30
0
  0
VERTEX
  5
613
  8
ARREDI ATTREZZATURE - FURNITURE
  6
BYLAYER
 62
  256
 10
81628.9059549847
 20
41935.96178726656
 30
0
  0
VERTEX
  5
614
  8
ARREDI ATTREZZATURE - FURNITURE
  6
BYLAYER
 62
  256
 10
81628.90659994766
 20
41935.96270251651
 30
0
  0
VERTEX
  5
615
  8
ARREDI ATTREZZATURE - FURNITURE
  6
BYLAYER
 62
  256
 10
81628.90728152802
 20
41935.96424992479
 30
0
  0
VERTEX
  5
616
  8
ARREDI ATTREZZATURE - FURNITURE
  6
BYLAYER
 62
  256
 10
81628.9079980838
 20
41935.96642576354
 30
0
  0
VERTEX
  5
617
  8
ARREDI ATTREZZATURE - FURNITURE
  6
BYLAYER
 62
  256
 10
81628.90874788877
 20
41935.96922479101
 30
0
  0
VERTEX
  5
618
  8
ARREDI ATTREZZATURE - FURNITURE
  6
BYLAYER
 62
  256
 10
81628.90952913655
 20
41935.97264026408
 30
0
  0
VERTEX
  5
619
  8
ARREDI ATTREZZATURE - FURNITURE
  6
BYLAYER
 62
  256
 10
81628.91033994505
 20
41935.97666395456
 30
0
  0
VERTEX
  5
61A
  8
ARREDI ATTREZZATURE - FURNITURE
  6
BYLAYER
 62
  256
 10
81628.91117836101
 20
41935.98128616906
 30
0
  0
VERTEX
  5
61B
  8
ARREDI ATTREZZATURE - FURNITURE
  6
BYLAYER
 62
  256
 10
81628.91204236455
 20
41935.98649577224
 30
0
  0
VERTEX
  5
61C
  8
ARREDI ATTREZZATURE - FURNITURE
  6
BYLAYER
 62
  256
 10
81628.91292987425
 20
41935.99228021371
 30
0
  0
VERTEX
  5
61D
  8
ARREDI ATTREZZATURE - FURNITURE
  6
BYLAYER
 62
  256
 10
81628.91383875201
 20
41935.99862555824
 30
0
  0
VERTEX
  5
61E
  8
ARREDI ATTREZZATURE - FURNITURE
  6
BYLAYER
 62
  256
 10
81628.91476680826
 20
41936.00551651936
 30
0
  0
VERTEX
  5
61F
  8
ARREDI ATTREZZATURE - FURNITURE
  6
BYLAYER
 62
  256
 10
81628.91571180723
 20
41936.01293649612
 30
0
  0
VERTEX
  5
620
  8
ARREDI ATTREZZATURE - FURNITURE
  6
BYLAYER
 62
  256
 10
81628.91667147233
 20
41936.02086761316
 30
0
  0
VERTEX
  5
621
  8
ARREDI ATTREZZATURE - FURNITURE
  6
BYLAYER
 62
  256
 10
81628.91764349167
 20
41936.0292907637
 30
0
  0
VERTEX
  5
622
  8
ARREDI ATTREZZATURE - FURNITURE
  6
BYLAYER
 62
  256
 10
81628.91862552354
 20
41936.03818565567
 30
0
  0
VERTEX
  5
623
  8
ARREDI ATTREZZATURE - FURNITURE
  6
BYLAYER
 62
  256
 10
81628.91961520216
 20
41936.04753086047
 30
0
  0
VERTEX
  5
624
  8
ARREDI ATTREZZATURE - FURNITURE
  6
BYLAYER
 62
  256
 10
81628.92061014329
 20
41936.05730386469
 30
0
  0
VERTEX
  5
625
  8
ARREDI ATTREZZATURE - FURNITURE
  6
BYLAYER
 62
  256
 10
81628.92160795003
 20
41936.06748112431
 30
0
  0
VERTEX
  5
626
  8
ARREDI ATTREZZATURE - FURNITURE
  6
BYLAYER
 62
  256
 10
81628.92260621861
 20
41936.07803812141
 30
0
  0
VERTEX
  5
627
  8
ARREDI ATTREZZATURE - FURNITURE
  6
BYLAYER
 62
  256
 10
81628.92360254406
 20
41936.08894942327
 30
0
  0
VERTEX
  5
628
  8
ARREDI ATTREZZATURE - FURNITURE
  6
BYLAYER
 62
  256
 10
81628.92459452619
 20
41936.10018874359
 30
0
  0
VERTEX
  5
629
  8
ARREDI ATTREZZATURE - FURNITURE
  6
BYLAYER
 62
  256
 10
81628.9255797752
 20
41936.11172900589
 30
0
  0
VERTEX
  5
62A
  8
ARREDI ATTREZZATURE - FURNITURE
  6
BYLAYER
 62
  256
 10
81628.92655591757
 20
41936.12354240866
 30
0
  0
VERTEX
  5
62B
  8
ARREDI ATTREZZATURE - FURNITURE
  6
BYLAYER
 62
  256
 10
81628.92752060165
 20
41936.13560049236
 30
0
  0
VERTEX
  5
62C
  8
ARREDI ATTREZZATURE - FURNITURE
  6
BYLAYER
 62
  256
 10
81628.92847150343
 20
41936.14787420804
 30
0
  0
VERTEX
  5
62D
  8
ARREDI ATTREZZATURE - FURNITURE
  6
BYLAYER
 62
  256
 10
81628.92940633214
 20
41936.16033398721
 30
0
  0
VERTEX
  5
62E
  8
ARREDI ATTREZZATURE - FURNITURE
  6
BYLAYER
 62
  256
 10
81628.93032283569
 20
41936.17294981318
 30
0
  0
VERTEX
  5
62F
  8
ARREDI ATTREZZATURE - FURNITURE
  6
BYLAYER
 62
  256
 10
81628.93121880612
 20
41936.18569129334
 30
0
  0
VERTEX
  5
630
  8
ARREDI ATTREZZATURE - FURNITURE
  6
BYLAYER
 62
  256
 10
81628.93209208497
 20
41936.19852773234
 30
0
  0
VERTEX
  5
631
  8
ARREDI ATTREZZATURE - FURNITURE
  6
BYLAYER
 62
  256
 10
81628.93294056843
 20
41936.21142820606
 30
0
  0
VERTEX
  5
632
  8
ARREDI ATTREZZATURE - FURNITURE
  6
BYLAYER
 62
  256
 10
81628.93376221244
 20
41936.22436163614
 30
0
  0
VERTEX
  5
633
  8
ARREDI ATTREZZATURE - FURNITURE
  6
BYLAYER
 62
  256
 10
81628.93455503759
 20
41936.23729686481
 30
0
  0
VERTEX
  5
634
  8
ARREDI ATTREZZATURE - FURNITURE
  6
BYLAYER
 62
  256
 10
81628.93531713386
 20
41936.25020272998
 30
0
  0
VERTEX
  5
635
  8
ARREDI ATTREZZATURE - FURNITURE
  6
BYLAYER
 62
  256
 10
81628.93604666535
 20
41936.26304814027
 30
0
  0
VERTEX
  5
636
  8
ARREDI ATTREZZATURE - FURNITURE
  6
BYLAYER
 62
  256
 10
81628.9367418745
 20
41936.27580215
 30
0
  0
VERTEX
  5
637
  8
ARREDI ATTREZZATURE - FURNITURE
  6
BYLAYER
 62
  256
 10
81628.93740108653
 20
41936.2884340336
 30
0
  0
VERTEX
  5
638
  8
ARREDI ATTREZZATURE - FURNITURE
  6
BYLAYER
 62
  256
 10
81628.93802271332
 20
41936.30091335978
 30
0
  0
VERTEX
  5
639
  8
ARREDI ATTREZZATURE - FURNITURE
  6
BYLAYER
 62
  256
 10
81628.93860525732
 20
41936.31321006475
 30
0
  0
VERTEX
  5
63A
  8
ARREDI ATTREZZATURE - FURNITURE
  6
BYLAYER
 62
  256
 10
81628.93914731513
 20
41936.32529452466
 30
0
  0
VERTEX
  5
63B
  8
ARREDI ATTREZZATURE - FURNITURE
  6
BYLAYER
 62
  256
 10
81628.93964758089
 20
41936.33713762699
 30
0
  0
VERTEX
  5
63C
  8
ARREDI ATTREZZATURE - FURNITURE
  6
BYLAYER
 62
  256
 10
81628.94010484942
 20
41936.34871084068
 30
0
  0
VERTEX
  5
63D
  8
ARREDI ATTREZZATURE - FURNITURE
  6
BYLAYER
 62
  256
 10
81628.94051801911
 20
41936.35998628484
 30
0
  0
VERTEX
  5
63E
  8
ARREDI ATTREZZATURE - FURNITURE
  6
BYLAYER
 62
  256
 10
81628.94088609458
 20
41936.37093679592
 30
0
  0
VERTEX
  5
63F
  8
ARREDI ATTREZZATURE - FURNITURE
  6
BYLAYER
 62
  256
 10
81628.94120818915
 20
41936.38153599321
 30
0
  0
VERTEX
  5
640
  8
ARREDI ATTREZZATURE - FURNITURE
  6
BYLAYER
 62
  256
 10
81628.94148352683
 20
41936.39175834228
 30
0
  0
VERTEX
  5
641
  8
ARREDI ATTREZZATURE - FURNITURE
  6
BYLAYER
 62
  256
 10
81628.94171144433
 20
41936.40157921663
 30
0
  0
VERTEX
  5
642
  8
ARREDI ATTREZZATURE - FURNITURE
  6
BYLAYER
 62
  256
 10
81628.94189139255
 20
41936.4109749569
 30
0
  0
VERTEX
  5
643
  8
ARREDI ATTREZZATURE - FURNITURE
  6
BYLAYER
 62
  256
 10
81628.94202293802
 20
41936.41992292792
 30
0
  0
VERTEX
  5
644
  8
ARREDI ATTREZZATURE - FURNITURE
  6
BYLAYER
 62
  256
 10
81628.94210576378
 20
41936.42840157326
 30
0
  0
VERTEX
  5
645
  8
ARREDI ATTREZZATURE - FURNITURE
  6
BYLAYER
 62
  256
 10
81628.94213967034
 20
41936.4363904671
 30
0
  0
VERTEX
  5
646
  8
ARREDI ATTREZZATURE - FURNITURE
  6
BYLAYER
 62
  256
 10
81628.942124576
 20
41936.44387036351
 30
0
  0
VERTEX
  5
647
  8
ARREDI ATTREZZATURE - FURNITURE
  6
BYLAYER
 62
  256
 10
81628.94206051713
 20
41936.45082324277
 30
0
  0
VERTEX
  5
648
  8
ARREDI ATTREZZATURE - FURNITURE
  6
BYLAYER
 62
  256
 10
81628.94194764803
 20
41936.45723235477
 30
0
  0
VERTEX
  5
649
  8
ARREDI ATTREZZATURE - FURNITURE
  6
BYLAYER
 62
  256
 10
81628.94178624066
 20
41936.46308225941
 30
0
  0
VERTEX
  5
64A
  8
ARREDI ATTREZZATURE - FURNITURE
  6
BYLAYER
 62
  256
 10
81628.94157668381
 20
41936.46835886374
 30
0
  0
VERTEX
  5
64B
  8
ARREDI ATTREZZATURE - FURNITURE
  6
BYLAYER
 62
  256
 10
81628.94131948234
 20
41936.47304945598
 30
0
  0
VERTEX
  5
64C
  8
ARREDI ATTREZZATURE - FURNITURE
  6
BYLAYER
 62
  256
 10
81628.9410152559
 20
41936.47714273607
 30
0
  0
VERTEX
  5
64D
  8
ARREDI ATTREZZATURE - FURNITURE
  6
BYLAYER
 62
  256
 10
81628.94066473735
 20
41936.48062884294
 30
0
  0
VERTEX
  5
64E
  8
ARREDI ATTREZZATURE - FURNITURE
  6
BYLAYER
 62
  256
 10
81628.94026877117
 20
41936.48349937826
 30
0
  0
VERTEX
  5
64F
  8
ARREDI ATTREZZATURE - FURNITURE
  6
BYLAYER
 62
  256
 10
81628.93982831124
 20
41936.48574742665
 30
0
  0
VERTEX
  5
650
  8
ARREDI ATTREZZATURE - FURNITURE
  6
BYLAYER
 62
  256
 10
81628.93934441867
 20
41936.48736757236
 30
0
  0
VERTEX
  5
651
  8
ARREDI ATTREZZATURE - FURNITURE
  6
BYLAYER
 62
  256
 10
81628.93881825921
 20
41936.48835591233
 30
0
  0
SEQEND
  5
652
  8
ARREDI ATTREZZATURE - FURNITURE
  6
BYLAYER
 62
  256
  0
POLYLINE
  5
653
  8
ARREDI ATTREZZATURE - FURNITURE
  6
BYLAYER
 62
  256
 66
    1
 10
0
 20
0
 30
0
 70
    1
210
0
220
0
230
-0.9999999999999999
  0
VERTEX
  5
654
  8
ARREDI ATTREZZATURE - FURNITURE
  6
BYLAYER
 62
  256
 10
81629.8300491618
 20
41936.47938840823
 30
0
  0
VERTEX
  5
655
  8
ARREDI ATTREZZATURE - FURNITURE
  6
BYLAYER
 62
  256
 10
81629.82942822606
 20
41936.47914035094
 30
0
  0
VERTEX
  5
656
  8
ARREDI ATTREZZATURE - FURNITURE
  6
BYLAYER
 62
  256
 10
81629.82873527223
 20
41936.47826087687
 30
0
  0
VERTEX
  5
657
  8
ARREDI ATTREZZATURE - FURNITURE
  6
BYLAYER
 62
  256
 10
81629.82797196966
 20
41936.47675210473
 30
0
  0
VERTEX
  5
658
  8
ARREDI ATTREZZATURE - FURNITURE
  6
BYLAYER
 62
  256
 10
81629.82714015723
 20
41936.4746176693
 30
0
  0
VERTEX
  5
659
  8
ARREDI ATTREZZATURE - FURNITURE
  6
BYLAYER
 62
  256
 10
81629.82624183886
 20
41936.47186271262
 30
0
  0
VERTEX
  5
65A
  8
ARREDI ATTREZZATURE - FURNITURE
  6
BYLAYER
 62
  256
 10
81629.82527917865
 20
41936.46849387162
 30
0
  0
VERTEX
  5
65B
  8
ARREDI ATTREZZATURE - FURNITURE
  6
BYLAYER
 62
  256
 10
81629.82425449575
 20
41936.46451926213
 30
0
  0
VERTEX
  5
65C
  8
ARREDI ATTREZZATURE - FURNITURE
  6
BYLAYER
 62
  256
 10
81629.82317025872
 20
41936.45994845933
 30
0
  0
VERTEX
  5
65D
  8
ARREDI ATTREZZATURE - FURNITURE
  6
BYLAYER
 62
  256
 10
81629.82202907957
 20
41936.45479247471
 30
0
  0
VERTEX
  5
65E
  8
ARREDI ATTREZZATURE - FURNITURE
  6
BYLAYER
 62
  256
 10
81629.82083370749
 20
41936.44906372945
 30
0
  0
VERTEX
  5
65F
  8
ARREDI ATTREZZATURE - FURNITURE
  6
BYLAYER
 62
  256
 10
81629.81958702224
 20
41936.44277602463
 30
0
  0
VERTEX
  5
660
  8
ARREDI ATTREZZATURE - FURNITURE
  6
BYLAYER
 62
  256
 10
81629.81829202722
 20
41936.43594450786
 30
0
  0
VERTEX
  5
661
  8
ARREDI ATTREZZATURE - FURNITURE
  6
BYLAYER
 62
  256
 10
81629.81695184215
 20
41936.42858563687
 30
0
  0
VERTEX
  5
662
  8
ARREDI ATTREZZATURE - FURNITURE
  6
BYLAYER
 62
  256
 10
81629.81556969568
 20
41936.42071713984
 30
0
  0
VERTEX
  5
663
  8
ARREDI ATTREZZATURE - FURNITURE
  6
BYLAYER
 62
  256
 10
81629.81414891752
 20
41936.41235797264
 30
0
  0
VERTEX
  5
664
  8
ARREDI ATTREZZATURE - FURNITURE
  6
BYLAYER
 62
  256
 10
81629.81269293043
 20
41936.40352827324
 30
0
  0
VERTEX
  5
665
  8
ARREDI ATTREZZATURE - FURNITURE
  6
BYLAYER
 62
  256
 10
81629.81120524202
 20
41936.39424931319
 30
0
  0
VERTEX
  5
666
  8
ARREDI ATTREZZATURE - FURNITURE
  6
BYLAYER
 62
  256
 10
81629.80968943628
 20
41936.38454344629
 30
0
  0
VERTEX
  5
667
  8
ARREDI ATTREZZATURE - FURNITURE
  6
BYLAYER
 62
  256
 10
81629.80814916489
 20
41936.37443405484
 30
0
  0
VERTEX
  5
668
  8
ARREDI ATTREZZATURE - FURNITURE
  6
BYLAYER
 62
  256
 10
81629.80658813851
 20
41936.36394549323
 30
0
  0
VERTEX
  5
669
  8
ARREDI ATTREZZATURE - FURNITURE
  6
BYLAYER
 62
  256
 10
81629.80501011779
 20
41936.35310302934
 30
0
  0
VERTEX
  5
66A
  8
ARREDI ATTREZZATURE - FURNITURE
  6
BYLAYER
 62
  256
 10
81629.80341890432
 20
41936.34193278361
 30
0
  0
VERTEX
  5
66B
  8
ARREDI ATTREZZATURE - FURNITURE
  6
BYLAYER
 62
  256
 10
81629.80181833149
 20
41936.33046166613
 30
0
  0
VERTEX
  5
66C
  8
ARREDI ATTREZZATURE - FURNITURE
  6
BYLAYER
 62
  256
 10
81629.8002122552
 20
41936.31871731183
 30
0
  0
VERTEX
  5
66D
  8
ARREDI ATTREZZATURE - FURNITURE
  6
BYLAYER
 62
  256
 10
81629.79860454462
 20
41936.30672801391
 30
0
  0
VERTEX
  5
66E
  8
ARREDI ATTREZZATURE - FURNITURE
  6
BYLAYER
 62
  256
 10
81629.79699907287
 20
41936.29452265563
 30
0
  0
VERTEX
  5
66F
  8
ARREDI ATTREZZATURE - FURNITURE
  6
BYLAYER
 62
  256
 10
81629.7953997077
 20
41936.28213064074
 30
0
  0
VERTEX
  5
670
  8
ARREDI ATTREZZATURE - FURNITURE
  6
BYLAYER
 62
  256
 10
81629.79381030209
 20
41936.26958182272
 30
0
  0
VERTEX
  5
671
  8
ARREDI ATTREZZATURE - FURNITURE
  6
BYLAYER
 62
  256
 10
81629.79223468505
 20
41936.25690643276
 30
0
  0
VERTEX
  5
672
  8
ARREDI ATTREZZATURE - FURNITURE
  6
BYLAYER
 62
  256
 10
81629.79067665242
 20
41936.24413500699
 30
0
  0
VERTEX
  5
673
  8
ARREDI ATTREZZATURE - FURNITURE
  6
BYLAYER
 62
  256
 10
81629.7891399576
 20
41936.23129831289
 30
0
  0
VERTEX
  5
674
  8
ARREDI ATTREZZATURE - FURNITURE
  6
BYLAYER
 62
  256
 10
81629.78762830266
 20
41936.21842727518
 30
0
  0
VERTEX
  5
675
  8
ARREDI ATTREZZATURE - FURNITURE
  6
BYLAYER
 62
  256
 10
81629.78614532927
 20
41936.20555290131
 30
0
  0
VERTEX
  5
676
  8
ARREDI ATTREZZATURE - FURNITURE
  6
BYLAYER
 62
  256
 10
81629.78469461005
 20
41936.19270620678
 30
0
  0
VERTEX
  5
677
  8
ARREDI ATTREZZATURE - FURNITURE
  6
BYLAYER
 62
  256
 10
81629.78327963995
 20
41936.17991814041
 30
0
  0
VERTEX
  5
678
  8
ARREDI ATTREZZATURE - FURNITURE
  6
BYLAYER
 62
  256
 10
81629.78190382769
 20
41936.16721950976
 30
0
  0
VERTEX
  5
679
  8
ARREDI ATTREZZATURE - FURNITURE
  6
BYLAYER
 62
  256
 10
81629.78057048777
 20
41936.15464090696
 30
0
  0
VERTEX
  5
67A
  8
ARREDI ATTREZZATURE - FURNITURE
  6
BYLAYER
 62
  256
 10
81629.7792828323
 20
41936.14221263494
 30
0
  0
VERTEX
  5
67B
  8
ARREDI ATTREZZATURE - FURNITURE
  6
BYLAYER
 62
  256
 10
81629.77804396338
 20
41936.12996463452
 30
0
  0
VERTEX
  5
67C
  8
ARREDI ATTREZZATURE - FURNITURE
  6
BYLAYER
 62
  256
 10
81629.77685686554
 20
41936.1179264122
 30
0
  0
VERTEX
  5
67D
  8
ARREDI ATTREZZATURE - FURNITURE
  6
BYLAYER
 62
  256
 10
81629.7757243986
 20
41936.10612696911
 30
0
  0
VERTEX
  5
67E
  8
ARREDI ATTREZZATURE - FURNITURE
  6
BYLAYER
 62
  256
 10
81629.77464929076
 20
41936.09459473113
 30
0
  0
VERTEX
  5
67F
  8
ARREDI ATTREZZATURE - FURNITURE
  6
BYLAYER
 62
  256
 10
81629.77363413209
 20
41936.08335748046
 30
0
  0
VERTEX
  5
680
  8
ARREDI ATTREZZATURE - FURNITURE
  6
BYLAYER
 62
  256
 10
81629.77268136814
 20
41936.07244228858
 30
0
  0
VERTEX
  5
681
  8
ARREDI ATTREZZATURE - FURNITURE
  6
BYLAYER
 62
  256
 10
81629.77179329423
 20
41936.06187545118
 30
0
  0
VERTEX
  5
682
  8
ARREDI ATTREZZATURE - FURNITURE
  6
BYLAYER
 62
  256
 10
81629.77097204982
 20
41936.05168242468
 30
0
  0
VERTEX
  5
683
  8
ARREDI ATTREZZATURE - FURNITURE
  6
BYLAYER
 62
  256
 10
81629.77021961335
 20
41936.04188776498
 30
0
  0
VERTEX
  5
684
  8
ARREDI ATTREZZATURE - FURNITURE
  6
BYLAYER
 62
  256
 10
81629.76953779749
 20
41936.03251506827
 30
0
  0
VERTEX
  5
685
  8
ARREDI ATTREZZATURE - FURNITURE
  6
BYLAYER
 62
  256
 10
81629.76892824481
 20
41936.0235869142
 30
0
  0
VERTEX
  5
686
  8
ARREDI ATTREZZATURE - FURNITURE
  6
BYLAYER
 62
  256
 10
81629.76839242379
 20
41936.01512481146
 30
0
  0
VERTEX
  5
687
  8
ARREDI ATTREZZATURE - FURNITURE
  6
BYLAYER
 62
  256
 10
81629.76793162523
 20
41936.00714914602
 30
0
  0
VERTEX
  5
688
  8
ARREDI ATTREZZATURE - FURNITURE
  6
BYLAYER
 62
  256
 10
81629.76754695928
 20
41935.99967913194
 30
0
  0
VERTEX
  5
689
  8
ARREDI ATTREZZATURE - FURNITURE
  6
BYLAYER
 62
  256
 10
81629.7672393526
 20
41935.99273276516
 30
0
  0
VERTEX
  5
68A
  8
ARREDI ATTREZZATURE - FURNITURE
  6
BYLAYER
 62
  256
 10
81629.76700954625
 20
41935.98632678005
 30
0
  0
VERTEX
  5
68B
  8
ARREDI ATTREZZATURE - FURNITURE
  6
BYLAYER
 62
  256
 10
81629.76685809385
 20
41935.98047660922
 30
0
  0
VERTEX
  5
68C
  8
ARREDI ATTREZZATURE - FURNITURE
  6
BYLAYER
 62
  256
 10
81629.76678536029
 20
41935.97519634623
 30
0
  0
VERTEX
  5
68D
  8
ARREDI ATTREZZATURE - FURNITURE
  6
BYLAYER
 62
  256
 10
81629.76679152074
 20
41935.97049871171
 30
0
  0
VERTEX
  5
68E
  8
ARREDI ATTREZZATURE - FURNITURE
  6
BYLAYER
 62
  256
 10
81629.7668765604
 20
41935.96639502265
 30
0
  0
VERTEX
  5
68F
  8
ARREDI ATTREZZATURE - FURNITURE
  6
BYLAYER
 62
  256
 10
81629.7670402744
 20
41935.9628951652
 30
0
  0
VERTEX
  5
690
  8
ARREDI ATTREZZATURE - FURNITURE
  6
BYLAYER
 62
  256
 10
81629.76728226832
 20
41935.96000757086
 30
0
  0
VERTEX
  5
691
  8
ARREDI ATTREZZATURE - FURNITURE
  6
BYLAYER
 62
  256
 10
81629.76760195919
 20
41935.95773919605
 30
0
  0
VERTEX
  5
692
  8
ARREDI ATTREZZATURE - FURNITURE
  6
BYLAYER
 62
  256
 10
81629.76799857683
 20
41935.9560955055
 30
0
  0
VERTEX
  5
693
  8
ARREDI ATTREZZATURE - FURNITURE
  6
BYLAYER
 62
  256
 10
81629.76847116578
 20
41935.95508045902
 30
0
  0
VERTEX
  5
694
  8
ARREDI ATTREZZATURE - FURNITURE
  6
BYLAYER
 62
  256
 10
81629.76901858751
 20
41935.95469650193
 30
0
  0
VERTEX
  5
695
  8
ARREDI ATTREZZATURE - FURNITURE
  6
BYLAYER
 62
  256
 10
81629.76963952325
 20
41935.95494455922
 30
0
  0
VERTEX
  5
696
  8
ARREDI ATTREZZATURE - FURNITURE
  6
BYLAYER
 62
  256
 10
81629.77033247708
 20
41935.95582403329
 30
0
  0
VERTEX
  5
697
  8
ARREDI ATTREZZATURE - FURNITURE
  6
BYLAYER
 62
  256
 10
81629.77109577965
 20
41935.95733280542
 30
0
  0
VERTEX
  5
698
  8
ARREDI ATTREZZATURE - FURNITURE
  6
BYLAYER
 62
  256
 10
81629.77192759208
 20
41935.95946724086
 30
0
  0
VERTEX
  5
699
  8
ARREDI ATTREZZATURE - FURNITURE
  6
BYLAYER
 62
  256
 10
81629.77282591045
 20
41935.96222219754
 30
0
  0
VERTEX
  5
69A
  8
ARREDI ATTREZZATURE - FURNITURE
  6
BYLAYER
 62
  256
 10
81629.77378857066
 20
41935.96559103854
 30
0
  0
VERTEX
  5
69B
  8
ARREDI ATTREZZATURE - FURNITURE
  6
BYLAYER
 62
  256
 10
81629.77481325356
 20
41935.96956564803
 30
0
  0
VERTEX
  5
69C
  8
ARREDI ATTREZZATURE - FURNITURE
  6
BYLAYER
 62
  256
 10
81629.77589749059
 20
41935.97413645082
 30
0
  0
VERTEX
  5
69D
  8
ARREDI ATTREZZATURE - FURNITURE
  6
BYLAYER
 62
  256
 10
81629.77703866974
 20
41935.97929243545
 30
0
  0
VERTEX
  5
69E
  8
ARREDI ATTREZZATURE - FURNITURE
  6
BYLAYER
 62
  256
 10
81629.77823404182
 20
41935.98502118071
 30
0
  0
VERTEX
  5
69F
  8
ARREDI ATTREZZATURE - FURNITURE
  6
BYLAYER
 62
  256
 10
81629.77948072707
 20
41935.99130888553
 30
0
  0
VERTEX
  5
6A0
  8
ARREDI ATTREZZATURE - FURNITURE
  6
BYLAYER
 62
  256
 10
81629.78077572209
 20
41935.9981404023
 30
0
  0
VERTEX
  5
6A1
  8
ARREDI ATTREZZATURE - FURNITURE
  6
BYLAYER
 62
  256
 10
81629.78211590716
 20
41936.00549927328
 30
0
  0
VERTEX
  5
6A2
  8
ARREDI ATTREZZATURE - FURNITURE
  6
BYLAYER
 62
  256
 10
81629.78349805363
 20
41936.01336777032
 30
0
  0
VERTEX
  5
6A3
  8
ARREDI ATTREZZATURE - FURNITURE
  6
BYLAYER
 62
  256
 10
81629.78491883179
 20
41936.02172693752
 30
0
  0
VERTEX
  5
6A4
  8
ARREDI ATTREZZATURE - FURNITURE
  6
BYLAYER
 62
  256
 10
81629.78637481888
 20
41936.03055663691
 30
0
  0
VERTEX
  5
6A5
  8
ARREDI ATTREZZATURE - FURNITURE
  6
BYLAYER
 62
  256
 10
81629.78786250729
 20
41936.03983559697
 30
0
  0
VERTEX
  5
6A6
  8
ARREDI ATTREZZATURE - FURNITURE
  6
BYLAYER
 62
  256
 10
81629.78937831303
 20
41936.04954146386
 30
0
  0
VERTEX
  5
6A7
  8
ARREDI ATTREZZATURE - FURNITURE
  6
BYLAYER
 62
  256
 10
81629.79091858442
 20
41936.05965085531
 30
0
  0
VERTEX
  5
6A8
  8
ARREDI ATTREZZATURE - FURNITURE
  6
BYLAYER
 62
  256
 10
81629.7924796108
 20
41936.07013941693
 30
0
  0
VERTEX
  5
6A9
  8
ARREDI ATTREZZATURE - FURNITURE
  6
BYLAYER
 62
  256
 10
81629.79405763152
 20
41936.08098188082
 30
0
  0
VERTEX
  5
6AA
  8
ARREDI ATTREZZATURE - FURNITURE
  6
BYLAYER
 62
  256
 10
81629.79564884499
 20
41936.09215212655
 30
0
  0
VERTEX
  5
6AB
  8
ARREDI ATTREZZATURE - FURNITURE
  6
BYLAYER
 62
  256
 10
81629.79724941782
 20
41936.10362324403
 30
0
  0
VERTEX
  5
6AC
  8
ARREDI ATTREZZATURE - FURNITURE
  6
BYLAYER
 62
  256
 10
81629.79885549411
 20
41936.11536759832
 30
0
  0
VERTEX
  5
6AD
  8
ARREDI ATTREZZATURE - FURNITURE
  6
BYLAYER
 62
  256
 10
81629.80046320469
 20
41936.12735689624
 30
0
  0
VERTEX
  5
6AE
  8
ARREDI ATTREZZATURE - FURNITURE
  6
BYLAYER
 62
  256
 10
81629.80206867644
 20
41936.13956225453
 30
0
  0
VERTEX
  5
6AF
  8
ARREDI ATTREZZATURE - FURNITURE
  6
BYLAYER
 62
  256
 10
81629.80366804161
 20
41936.15195426942
 30
0
  0
VERTEX
  5
6B0
  8
ARREDI ATTREZZATURE - FURNITURE
  6
BYLAYER
 62
  256
 10
81629.80525744722
 20
41936.16450308744
 30
0
  0
VERTEX
  5
6B1
  8
ARREDI ATTREZZATURE - FURNITURE
  6
BYLAYER
 62
  256
 10
81629.80683306426
 20
41936.1771784774
 30
0
  0
VERTEX
  5
6B2
  8
ARREDI ATTREZZATURE - FURNITURE
  6
BYLAYER
 62
  256
 10
81629.80839109689
 20
41936.18994990316
 30
0
  0
VERTEX
  5
6B3
  8
ARREDI ATTREZZATURE - FURNITURE
  6
BYLAYER
 62
  256
 10
81629.80992779171
 20
41936.20278659727
 30
0
  0
VERTEX
  5
6B4
  8
ARREDI ATTREZZATURE - FURNITURE
  6
BYLAYER
 62
  256
 10
81629.81143944665
 20
41936.21565763498
 30
0
  0
VERTEX
  5
6B5
  8
ARREDI ATTREZZATURE - FURNITURE
  6
BYLAYER
 62
  256
 10
81629.81292242004
 20
41936.22853200885
 30
0
  0
VERTEX
  5
6B6
  8
ARREDI ATTREZZATURE - FURNITURE
  6
BYLAYER
 62
  256
 10
81629.81437313926
 20
41936.24137870338
 30
0
  0
VERTEX
  5
6B7
  8
ARREDI ATTREZZATURE - FURNITURE
  6
BYLAYER
 62
  256
 10
81629.81578810936
 20
41936.25416676974
 30
0
  0
VERTEX
  5
6B8
  8
ARREDI ATTREZZATURE - FURNITURE
  6
BYLAYER
 62
  256
 10
81629.81716392162
 20
41936.26686540039
 30
0
  0
VERTEX
  5
6B9
  8
ARREDI ATTREZZATURE - FURNITURE
  6
BYLAYER
 62
  256
 10
81629.81849726154
 20
41936.2794440032
 30
0
  0
VERTEX
  5
6BA
  8
ARREDI ATTREZZATURE - FURNITURE
  6
BYLAYER
 62
  256
 10
81629.81978491701
 20
41936.29187227521
 30
0
  0
VERTEX
  5
6BB
  8
ARREDI ATTREZZATURE - FURNITURE
  6
BYLAYER
 62
  256
 10
81629.82102378593
 20
41936.30412027564
 30
0
  0
VERTEX
  5
6BC
  8
ARREDI ATTREZZATURE - FURNITURE
  6
BYLAYER
 62
  256
 10
81629.82221088377
 20
41936.31615849795
 30
0
  0
VERTEX
  5
6BD
  8
ARREDI ATTREZZATURE - FURNITURE
  6
BYLAYER
 62
  256
 10
81629.82334335071
 20
41936.32795794105
 30
0
  0
VERTEX
  5
6BE
  8
ARREDI ATTREZZATURE - FURNITURE
  6
BYLAYER
 62
  256
 10
81629.82441845855
 20
41936.33949017902
 30
0
  0
VERTEX
  5
6BF
  8
ARREDI ATTREZZATURE - FURNITURE
  6
BYLAYER
 62
  256
 10
81629.82543361722
 20
41936.3507274297
 30
0
  0
VERTEX
  5
6C0
  8
ARREDI ATTREZZATURE - FURNITURE
  6
BYLAYER
 62
  256
 10
81629.82638638117
 20
41936.36164262157
 30
0
  0
VERTEX
  5
6C1
  8
ARREDI ATTREZZATURE - FURNITURE
  6
BYLAYER
 62
  256
 10
81629.82727445508
 20
41936.37220945898
 30
0
  0
VERTEX
  5
6C2
  8
ARREDI ATTREZZATURE - FURNITURE
  6
BYLAYER
 62
  256
 10
81629.82809569949
 20
41936.38240248548
 30
0
  0
VERTEX
  5
6C3
  8
ARREDI ATTREZZATURE - FURNITURE
  6
BYLAYER
 62
  256
 10
81629.82884813596
 20
41936.39219714518
 30
0
  0
VERTEX
  5
6C4
  8
ARREDI ATTREZZATURE - FURNITURE
  6
BYLAYER
 62
  256
 10
81629.82952995182
 20
41936.40156984189
 30
0
  0
VERTEX
  5
6C5
  8
ARREDI ATTREZZATURE - FURNITURE
  6
BYLAYER
 62
  256
 10
81629.8301395045
 20
41936.41049799596
 30
0
  0
VERTEX
  5
6C6
  8
ARREDI ATTREZZATURE - FURNITURE
  6
BYLAYER
 62
  256
 10
81629.83067532552
 20
41936.41896009869
 30
0
  0
VERTEX
  5
6C7
  8
ARREDI ATTREZZATURE - FURNITURE
  6
BYLAYER
 62
  256
 10
81629.83113612408
 20
41936.42693576414
 30
0
  0
VERTEX
  5
6C8
  8
ARREDI ATTREZZATURE - FURNITURE
  6
BYLAYER
 62
  256
 10
81629.83152079003
 20
41936.43440577821
 30
0
  0
VERTEX
  5
6C9
  8
ARREDI ATTREZZATURE - FURNITURE
  6
BYLAYER
 62
  256
 10
81629.83182839671
 20
41936.441352145
 30
0
  0
VERTEX
  5
6CA
  8
ARREDI ATTREZZATURE - FURNITURE
  6
BYLAYER
 62
  256
 10
81629.83205820306
 20
41936.4477581301
 30
0
  0
VERTEX
  5
6CB
  8
ARREDI ATTREZZATURE - FURNITURE
  6
BYLAYER
 62
  256
 10
81629.83220965546
 20
41936.45360830094
 30
0
  0
VERTEX
  5
6CC
  8
ARREDI ATTREZZATURE - FURNITURE
  6
BYLAYER
 62
  256
 10
81629.83228238902
 20
41936.45888856392
 30
0
  0
VERTEX
  5
6CD
  8
ARREDI ATTREZZATURE - FURNITURE
  6
BYLAYER
 62
  256
 10
81629.83227622857
 20
41936.46358619845
 30
0
  0
VERTEX
  5
6CE
  8
ARREDI ATTREZZATURE - FURNITURE
  6
BYLAYER
 62
  256
 10
81629.83219118891
 20
41936.46768988751
 30
0
  0
VERTEX
  5
6CF
  8
ARREDI ATTREZZATURE - FURNITURE
  6
BYLAYER
 62
  256
 10
81629.83202747491
 20
41936.47118974495
 30
0
  0
VERTEX
  5
6D0
  8
ARREDI ATTREZZATURE - FURNITURE
  6
BYLAYER
 62
  256
 10
81629.83178548099
 20
41936.4740773393
 30
0
  0
VERTEX
  5
6D1
  8
ARREDI ATTREZZATURE - FURNITURE
  6
BYLAYER
 62
  256
 10
81629.83146579012
 20
41936.47634571411
 30
0
  0
VERTEX
  5
6D2
  8
ARREDI ATTREZZATURE - FURNITURE
  6
BYLAYER
 62
  256
 10
81629.83106917248
 20
41936.47798940466
 30
0
  0
VERTEX
  5
6D3
  8
ARREDI ATTREZZATURE - FURNITURE
  6
BYLAYER
 62
  256
 10
81629.83059658353
 20
41936.47900445114
 30
0
  0
SEQEND
  5
6D4
  8
ARREDI ATTREZZATURE - FURNITURE
  6
BYLAYER
 62
  256
  0
POLYLINE
  5
6D5
  8
ARREDI ATTREZZATURE - FURNITURE
  6
BYLAYER
 62
  256
 66
    1
 10
0
 20
0
 30
0
 70
    1
210
0
220
0
230
-1
  0
VERTEX
  5
6D6
  8
ARREDI ATTREZZATURE - FURNITURE
  6
BYLAYER
 62
  256
 10
81629.63708428058
 20
41936.47846450735
 30
0
  0
VERTEX
  5
6D7
  8
ARREDI ATTREZZATURE - FURNITURE
  6
BYLAYER
 62
  256
 10
81629.63652680976
 20
41936.47809529211
 30
0
  0
VERTEX
  5
6D8
  8
ARREDI ATTREZZATURE - FURNITURE
  6
BYLAYER
 62
  256
 10
81629.63602730769
 20
41936.47709321559
 30
0
  0
VERTEX
  5
6D9
  8
ARREDI ATTREZZATURE - FURNITURE
  6
BYLAYER
 62
  256
 10
81629.63558697767
 20
41936.47546069188
 30
0
  0
VERTEX
  5
6DA
  8
ARREDI ATTREZZATURE - FURNITURE
  6
BYLAYER
 62
  256
 10
81629.63520688053
 20
41936.47320165388
 30
0
  0
VERTEX
  5
6DB
  8
ARREDI ATTREZZATURE - FURNITURE
  6
BYLAYER
 62
  256
 10
81629.63488793193
 20
41936.47032154382
 30
0
  0
VERTEX
  5
6DC
  8
ARREDI ATTREZZATURE - FURNITURE
  6
BYLAYER
 62
  256
 10
81629.63463090027
 20
41936.46682730011
 30
0
  0
VERTEX
  5
6DD
  8
ARREDI ATTREZZATURE - FURNITURE
  6
BYLAYER
 62
  256
 10
81629.63443640474
 20
41936.46272734071
 30
0
  0
VERTEX
  5
6DE
  8
ARREDI ATTREZZATURE - FURNITURE
  6
BYLAYER
 62
  256
 10
81629.63430491393
 20
41936.45803154277
 30
0
  0
VERTEX
  5
6DF
  8
ARREDI ATTREZZATURE - FURNITURE
  6
BYLAYER
 62
  256
 10
81629.63423674456
 20
41936.45275121889
 30
0
  0
VERTEX
  5
6E0
  8
ARREDI ATTREZZATURE - FURNITURE
  6
BYLAYER
 62
  256
 10
81629.63423206091
 20
41936.44689908981
 30
0
  0
VERTEX
  5
6E1
  8
ARREDI ATTREZZATURE - FURNITURE
  6
BYLAYER
 62
  256
 10
81629.63429087421
 20
41936.44048925385
 30
0
  0
VERTEX
  5
6E2
  8
ARREDI ATTREZZATURE - FURNITURE
  6
BYLAYER
 62
  256
 10
81629.63441304283
 20
41936.43353715285
 30
0
  0
VERTEX
  5
6E3
  8
ARREDI ATTREZZATURE - FURNITURE
  6
BYLAYER
 62
  256
 10
81629.63459827243
 20
41936.42605953504
 30
0
  0
VERTEX
  5
6E4
  8
ARREDI ATTREZZATURE - FURNITURE
  6
BYLAYER
 62
  256
 10
81629.63484611675
 20
41936.41807441464
 30
0
  0
VERTEX
  5
6E5
  8
ARREDI ATTREZZATURE - FURNITURE
  6
BYLAYER
 62
  256
 10
81629.63515597874
 20
41936.40960102851
 30
0
  0
VERTEX
  5
6E6
  8
ARREDI ATTREZZATURE - FURNITURE
  6
BYLAYER
 62
  256
 10
81629.63552711192
 20
41936.4006597898
 30
0
  0
VERTEX
  5
6E7
  8
ARREDI ATTREZZATURE - FURNITURE
  6
BYLAYER
 62
  256
 10
81629.63595862218
 20
41936.39127223872
 30
0
  0
VERTEX
  5
6E8
  8
ARREDI ATTREZZATURE - FURNITURE
  6
BYLAYER
 62
  256
 10
81629.63644946998
 20
41936.38146099069
 30
0
  0
VERTEX
  5
6E9
  8
ARREDI ATTREZZATURE - FURNITURE
  6
BYLAYER
 62
  256
 10
81629.63699847285
 20
41936.37124968189
 30
0
  0
VERTEX
  5
6EA
  8
ARREDI ATTREZZATURE - FURNITURE
  6
BYLAYER
 62
  256
 10
81629.63760430814
 20
41936.36066291224
 30
0
  0
VERTEX
  5
6EB
  8
ARREDI ATTREZZATURE - FURNITURE
  6
BYLAYER
 62
  256
 10
81629.63826551638
 20
41936.34972618621
 30
0
  0
VERTEX
  5
6EC
  8
ARREDI ATTREZZATURE - FURNITURE
  6
BYLAYER
 62
  256
 10
81629.63898050465
 20
41936.33846585132
 30
0
  0
VERTEX
  5
6ED
  8
ARREDI ATTREZZATURE - FURNITURE
  6
BYLAYER
 62
  256
 10
81629.63974755049
 20
41936.3269090347
 30
0
  0
VERTEX
  5
6EE
  8
ARREDI ATTREZZATURE - FURNITURE
  6
BYLAYER
 62
  256
 10
81629.64056480602
 20
41936.31508357776
 30
0
  0
VERTEX
  5
6EF
  8
ARREDI ATTREZZATURE - FURNITURE
  6
BYLAYER
 62
  256
 10
81629.64143030236
 20
41936.30301796902
 30
0
  0
VERTEX
  5
6F0
  8
ARREDI ATTREZZATURE - FURNITURE
  6
BYLAYER
 62
  256
 10
81629.6423419545
 20
41936.29074127562
 30
0
  0
VERTEX
  5
6F1
  8
ARREDI ATTREZZATURE - FURNITURE
  6
BYLAYER
 62
  256
 10
81629.64329756617
 20
41936.27828307317
 30
0
  0
VERTEX
  5
6F2
  8
ARREDI ATTREZZATURE - FURNITURE
  6
BYLAYER
 62
  256
 10
81629.64429483525
 20
41936.2656733746
 30
0
  0
VERTEX
  5
6F3
  8
ARREDI ATTREZZATURE - FURNITURE
  6
BYLAYER
 62
  256
 10
81629.64533135918
 20
41936.25294255774
 30
0
  0
VERTEX
  5
6F4
  8
ARREDI ATTREZZATURE - FURNITURE
  6
BYLAYER
 62
  256
 10
81629.64640464089
 20
41936.24012129228
 30
0
  0
VERTEX
  5
6F5
  8
ARREDI ATTREZZATURE - FURNITURE
  6
BYLAYER
 62
  256
 10
81629.6475120948
 20
41936.22724046573
 30
0
  0
VERTEX
  5
6F6
  8
ARREDI ATTREZZATURE - FURNITURE
  6
BYLAYER
 62
  256
 10
81629.64865105292
 20
41936.21433110916
 30
0
  0
VERTEX
  5
6F7
  8
ARREDI ATTREZZATURE - FURNITURE
  6
BYLAYER
 62
  256
 10
81629.64981877139
 20
41936.20142432235
 30
0
  0
VERTEX
  5
6F8
  8
ARREDI ATTREZZATURE - FURNITURE
  6
BYLAYER
 62
  256
 10
81629.6510124371
 20
41936.18855119884
 30
0
  0
VERTEX
  5
6F9
  8
ARREDI ATTREZZATURE - FURNITURE
  6
BYLAYER
 62
  256
 10
81629.65222917439
 20
41936.17574275115
 30
0
  0
VERTEX
  5
6FA
  8
ARREDI ATTREZZATURE - FURNITURE
  6
BYLAYER
 62
  256
 10
81629.65346605203
 20
41936.16302983594
 30
0
  0
VERTEX
  5
6FB
  8
ARREDI ATTREZZATURE - FURNITURE
  6
BYLAYER
 62
  256
 10
81629.65472009029
 20
41936.15044307972
 30
0
  0
VERTEX
  5
6FC
  8
ARREDI ATTREZZATURE - FURNITURE
  6
BYLAYER
 62
  256
 10
81629.65598826804
 20
41936.13801280511
 30
0
  0
VERTEX
  5
6FD
  8
ARREDI ATTREZZATURE - FURNITURE
  6
BYLAYER
 62
  256
 10
81629.6572675302
 20
41936.12576895772
 30
0
  0
VERTEX
  5
6FE
  8
ARREDI ATTREZZATURE - FURNITURE
  6
BYLAYER
 62
  256
 10
81629.65855479486
 20
41936.11374103405
 30
0
  0
VERTEX
  5
6FF
  8
ARREDI ATTREZZATURE - FURNITURE
  6
BYLAYER
 62
  256
 10
81629.6598469609
 20
41936.10195801043
 30
0
  0
VERTEX
  5
700
  8
ARREDI ATTREZZATURE - FURNITURE
  6
BYLAYER
 62
  256
 10
81629.66114091538
 20
41936.09044827319
 30
0
  0
VERTEX
  5
701
  8
ARREDI ATTREZZATURE - FURNITURE
  6
BYLAYER
 62
  256
 10
81629.66243354106
 20
41936.0792395503
 30
0
  0
VERTEX
  5
702
  8
ARREDI ATTREZZATURE - FURNITURE
  6
BYLAYER
 62
  256
 10
81629.66372172389
 20
41936.06835884455
 30
0
  0
VERTEX
  5
703
  8
ARREDI ATTREZZATURE - FURNITURE
  6
BYLAYER
 62
  256
 10
81629.6650023605
 20
41936.0578323685
 30
0
  0
VERTEX
  5
704
  8
ARREDI ATTREZZATURE - FURNITURE
  6
BYLAYER
 62
  256
 10
81629.66627236575
 20
41936.04768548138
 30
0
  0
VERTEX
  5
705
  8
ARREDI ATTREZZATURE - FURNITURE
  6
BYLAYER
 62
  256
 10
81629.66752868009
 20
41936.03794262793
 30
0
  0
VERTEX
  5
706
  8
ARREDI ATTREZZATURE - FURNITURE
  6
BYLAYER
 62
  256
 10
81629.66876827691
 20
41936.02862727951
 30
0
  0
VERTEX
  5
707
  8
ARREDI ATTREZZATURE - FURNITURE
  6
BYLAYER
 62
  256
 10
81629.66998816996
 20
41936.01976187761
 30
0
  0
VERTEX
  5
708
  8
ARREDI ATTREZZATURE - FURNITURE
  6
BYLAYER
 62
  256
 10
81629.67118542037
 20
41936.01136777979
 30
0
  0
VERTEX
  5
709
  8
ARREDI ATTREZZATURE - FURNITURE
  6
BYLAYER
 62
  256
 10
81629.67235714391
 20
41936.00346520815
 30
0
  0
VERTEX
  5
70A
  8
ARREDI ATTREZZATURE - FURNITURE
  6
BYLAYER
 62
  256
 10
81629.67350051773
 20
41935.99607320068
 30
0
  0
VERTEX
  5
70B
  8
ARREDI ATTREZZATURE - FURNITURE
  6
BYLAYER
 62
  256
 10
81629.67461278741
 20
41935.98920956537
 30
0
  0
VERTEX
  5
70C
  8
ARREDI ATTREZZATURE - FURNITURE
  6
BYLAYER
 62
  256
 10
81629.67569127334
 20
41935.98289083732
 30
0
  0
VERTEX
  5
70D
  8
ARREDI ATTREZZATURE - FURNITURE
  6
BYLAYER
 62
  256
 10
81629.67673337738
 20
41935.97713223891
 30
0
  0
VERTEX
  5
70E
  8
ARREDI ATTREZZATURE - FURNITURE
  6
BYLAYER
 62
  256
 10
81629.67773658902
 20
41935.97194764308
 30
0
  0
VERTEX
  5
70F
  8
ARREDI ATTREZZATURE - FURNITURE
  6
BYLAYER
 62
  256
 10
81629.67869849139
 20
41935.96734954001
 30
0
  0
VERTEX
  5
710
  8
ARREDI ATTREZZATURE - FURNITURE
  6
BYLAYER
 62
  256
 10
81629.67961676723
 20
41935.9633490069
 30
0
  0
VERTEX
  5
711
  8
ARREDI ATTREZZATURE - FURNITURE
  6
BYLAYER
 62
  256
 10
81629.68048920433
 20
41935.95995568141
 30
0
  0
VERTEX
  5
712
  8
ARREDI ATTREZZATURE - FURNITURE
  6
BYLAYER
 62
  256
 10
81629.68131370087
 20
41935.95717773835
 30
0
  0
VERTEX
  5
713
  8
ARREDI ATTREZZATURE - FURNITURE
  6
BYLAYER
 62
  256
 10
81629.68208827061
 20
41935.95502187002
 30
0
  0
VERTEX
  5
714
  8
ARREDI ATTREZZATURE - FURNITURE
  6
BYLAYER
 62
  256
 10
81629.68281104753
 20
41935.95349327011
 30
0
  0
VERTEX
  5
715
  8
ARREDI ATTREZZATURE - FURNITURE
  6
BYLAYER
 62
  256
 10
81629.68348029039
 20
41935.95259562115
 30
0
  0
VERTEX
  5
716
  8
ARREDI ATTREZZATURE - FURNITURE
  6
BYLAYER
 62
  256
 10
81629.68409438693
 20
41935.95233108564
 30
0
  0
VERTEX
  5
717
  8
ARREDI ATTREZZATURE - FURNITURE
  6
BYLAYER
 62
  256
 10
81629.68465185775
 20
41935.95270030088
 30
0
  0
VERTEX
  5
718
  8
ARREDI ATTREZZATURE - FURNITURE
  6
BYLAYER
 62
  256
 10
81629.68515135982
 20
41935.9537023774
 30
0
  0
VERTEX
  5
719
  8
ARREDI ATTREZZATURE - FURNITURE
  6
BYLAYER
 62
  256
 10
81629.68559168983
 20
41935.9553349011
 30
0
  0
VERTEX
  5
71A
  8
ARREDI ATTREZZATURE - FURNITURE
  6
BYLAYER
 62
  256
 10
81629.68597178698
 20
41935.9575939391
 30
0
  0
VERTEX
  5
71B
  8
ARREDI ATTREZZATURE - FURNITURE
  6
BYLAYER
 62
  256
 10
81629.68629073558
 20
41935.96047404916
 30
0
  0
VERTEX
  5
71C
  8
ARREDI ATTREZZATURE - FURNITURE
  6
BYLAYER
 62
  256
 10
81629.68654776724
 20
41935.96396829288
 30
0
  0
VERTEX
  5
71D
  8
ARREDI ATTREZZATURE - FURNITURE
  6
BYLAYER
 62
  256
 10
81629.68674226277
 20
41935.96806825227
 30
0
  0
VERTEX
  5
71E
  8
ARREDI ATTREZZATURE - FURNITURE
  6
BYLAYER
 62
  256
 10
81629.68687375358
 20
41935.97276405022
 30
0
  0
VERTEX
  5
71F
  8
ARREDI ATTREZZATURE - FURNITURE
  6
BYLAYER
 62
  256
 10
81629.68694192295
 20
41935.9780443741
 30
0
  0
VERTEX
  5
720
  8
ARREDI ATTREZZATURE - FURNITURE
  6
BYLAYER
 62
  256
 10
81629.6869466066
 20
41935.98389650317
 30
0
  0
VERTEX
  5
721
  8
ARREDI ATTREZZATURE - FURNITURE
  6
BYLAYER
 62
  256
 10
81629.6868877933
 20
41935.99030633913
 30
0
  0
VERTEX
  5
722
  8
ARREDI ATTREZZATURE - FURNITURE
  6
BYLAYER
 62
  256
 10
81629.68676562468
 20
41935.99725844013
 30
0
  0
VERTEX
  5
723
  8
ARREDI ATTREZZATURE - FURNITURE
  6
BYLAYER
 62
  256
 10
81629.68658039508
 20
41936.00473605795
 30
0
  0
VERTEX
  5
724
  8
ARREDI ATTREZZATURE - FURNITURE
  6
BYLAYER
 62
  256
 10
81629.68633255076
 20
41936.01272117834
 30
0
  0
VERTEX
  5
725
  8
ARREDI ATTREZZATURE - FURNITURE
  6
BYLAYER
 62
  256
 10
81629.68602268877
 20
41936.02119456447
 30
0
  0
VERTEX
  5
726
  8
ARREDI ATTREZZATURE - FURNITURE
  6
BYLAYER
 62
  256
 10
81629.68565155558
 20
41936.03013580319
 30
0
  0
VERTEX
  5
727
  8
ARREDI ATTREZZATURE - FURNITURE
  6
BYLAYER
 62
  256
 10
81629.68522004533
 20
41936.03952335427
 30
0
  0
VERTEX
  5
728
  8
ARREDI ATTREZZATURE - FURNITURE
  6
BYLAYER
 62
  256
 10
81629.68472919753
 20
41936.04933460229
 30
0
  0
VERTEX
  5
729
  8
ARREDI ATTREZZATURE - FURNITURE
  6
BYLAYER
 62
  256
 10
81629.68418019466
 20
41936.05954591109
 30
0
  0
VERTEX
  5
72A
  8
ARREDI ATTREZZATURE - FURNITURE
  6
BYLAYER
 62
  256
 10
81629.68357435937
 20
41936.07013268074
 30
0
  0
VERTEX
  5
72B
  8
ARREDI ATTREZZATURE - FURNITURE
  6
BYLAYER
 62
  256
 10
81629.68291315113
 20
41936.08106940677
 30
0
  0
VERTEX
  5
72C
  8
ARREDI ATTREZZATURE - FURNITURE
  6
BYLAYER
 62
  256
 10
81629.68219816286
 20
41936.09232974167
 30
0
  0
VERTEX
  5
72D
  8
ARREDI ATTREZZATURE - FURNITURE
  6
BYLAYER
 62
  256
 10
81629.68143111702
 20
41936.10388655828
 30
0
  0
VERTEX
  5
72E
  8
ARREDI ATTREZZATURE - FURNITURE
  6
BYLAYER
 62
  256
 10
81629.68061386149
 20
41936.11571201523
 30
0
  0
VERTEX
  5
72F
  8
ARREDI ATTREZZATURE - FURNITURE
  6
BYLAYER
 62
  256
 10
81629.67974836515
 20
41936.12777762396
 30
0
  0
VERTEX
  5
730
  8
ARREDI ATTREZZATURE - FURNITURE
  6
BYLAYER
 62
  256
 10
81629.67883671301
 20
41936.14005431737
 30
0
  0
VERTEX
  5
731
  8
ARREDI ATTREZZATURE - FURNITURE
  6
BYLAYER
 62
  256
 10
81629.67788110134
 20
41936.15251251981
 30
0
  0
VERTEX
  5
732
  8
ARREDI ATTREZZATURE - FURNITURE
  6
BYLAYER
 62
  256
 10
81629.67688383226
 20
41936.16512221839
 30
0
  0
VERTEX
  5
733
  8
ARREDI ATTREZZATURE - FURNITURE
  6
BYLAYER
 62
  256
 10
81629.67584730833
 20
41936.17785303524
 30
0
  0
VERTEX
  5
734
  8
ARREDI ATTREZZATURE - FURNITURE
  6
BYLAYER
 62
  256
 10
81629.67477402661
 20
41936.19067430071
 30
0
  0
VERTEX
  5
735
  8
ARREDI ATTREZZATURE - FURNITURE
  6
BYLAYER
 62
  256
 10
81629.67366657271
 20
41936.20355512725
 30
0
  0
VERTEX
  5
736
  8
ARREDI ATTREZZATURE - FURNITURE
  6
BYLAYER
 62
  256
 10
81629.67252761459
 20
41936.21646448382
 30
0
  0
VERTEX
  5
737
  8
ARREDI ATTREZZATURE - FURNITURE
  6
BYLAYER
 62
  256
 10
81629.67135989612
 20
41936.22937127064
 30
0
  0
VERTEX
  5
738
  8
ARREDI ATTREZZATURE - FURNITURE
  6
BYLAYER
 62
  256
 10
81629.67016623041
 20
41936.24224439414
 30
0
  0
VERTEX
  5
739
  8
ARREDI ATTREZZATURE - FURNITURE
  6
BYLAYER
 62
  256
 10
81629.66894949312
 20
41936.25505284183
 30
0
  0
VERTEX
  5
73A
  8
ARREDI ATTREZZATURE - FURNITURE
  6
BYLAYER
 62
  256
 10
81629.66771261548
 20
41936.26776575705
 30
0
  0
VERTEX
  5
73B
  8
ARREDI ATTREZZATURE - FURNITURE
  6
BYLAYER
 62
  256
 10
81629.66645857722
 20
41936.28035251326
 30
0
  0
VERTEX
  5
73C
  8
ARREDI ATTREZZATURE - FURNITURE
  6
BYLAYER
 62
  256
 10
81629.66519039946
 20
41936.29278278787
 30
0
  0
VERTEX
  5
73D
  8
ARREDI ATTREZZATURE - FURNITURE
  6
BYLAYER
 62
  256
 10
81629.66391113731
 20
41936.30502663527
 30
0
  0
VERTEX
  5
73E
  8
ARREDI ATTREZZATURE - FURNITURE
  6
BYLAYER
 62
  256
 10
81629.66262387265
 20
41936.31705455893
 30
0
  0
VERTEX
  5
73F
  8
ARREDI ATTREZZATURE - FURNITURE
  6
BYLAYER
 62
  256
 10
81629.66133170661
 20
41936.32883758255
 30
0
  0
VERTEX
  5
740
  8
ARREDI ATTREZZATURE - FURNITURE
  6
BYLAYER
 62
  256
 10
81629.66003775212
 20
41936.34034731979
 30
0
  0
VERTEX
  5
741
  8
ARREDI ATTREZZATURE - FURNITURE
  6
BYLAYER
 62
  256
 10
81629.65874512645
 20
41936.35155604268
 30
0
  0
VERTEX
  5
742
  8
ARREDI ATTREZZATURE - FURNITURE
  6
BYLAYER
 62
  256
 10
81629.65745694362
 20
41936.36243674844
 30
0
  0
VERTEX
  5
743
  8
ARREDI ATTREZZATURE - FURNITURE
  6
BYLAYER
 62
  256
 10
81629.65617630701
 20
41936.37296322448
 30
0
  0
VERTEX
  5
744
  8
ARREDI ATTREZZATURE - FURNITURE
  6
BYLAYER
 62
  256
 10
81629.65490630176
 20
41936.3831101116
 30
0
  0
VERTEX
  5
745
  8
ARREDI ATTREZZATURE - FURNITURE
  6
BYLAYER
 62
  256
 10
81629.65364998742
 20
41936.39285296506
 30
0
  0
VERTEX
  5
746
  8
ARREDI ATTREZZATURE - FURNITURE
  6
BYLAYER
 62
  256
 10
81629.6524103906
 20
41936.40216831348
 30
0
  0
VERTEX
  5
747
  8
ARREDI ATTREZZATURE - FURNITURE
  6
BYLAYER
 62
  256
 10
81629.65119049755
 20
41936.41103371537
 30
0
  0
VERTEX
  5
748
  8
ARREDI ATTREZZATURE - FURNITURE
  6
BYLAYER
 62
  256
 10
81629.64999324713
 20
41936.41942781319
 30
0
  0
VERTEX
  5
749
  8
ARREDI ATTREZZATURE - FURNITURE
  6
BYLAYER
 62
  256
 10
81629.6488215236
 20
41936.42733038483
 30
0
  0
VERTEX
  5
74A
  8
ARREDI ATTREZZATURE - FURNITURE
  6
BYLAYER
 62
  256
 10
81629.64767814978
 20
41936.4347223923
 30
0
  0
VERTEX
  5
74B
  8
ARREDI ATTREZZATURE - FURNITURE
  6
BYLAYER
 62
  256
 10
81629.6465658801
 20
41936.44158602761
 30
0
  0
VERTEX
  5
74C
  8
ARREDI ATTREZZATURE - FURNITURE
  6
BYLAYER
 62
  256
 10
81629.64548739417
 20
41936.44790475566
 30
0
  0
VERTEX
  5
74D
  8
ARREDI ATTREZZATURE - FURNITURE
  6
BYLAYER
 62
  256
 10
81629.64444529013
 20
41936.45366335408
 30
0
  0
VERTEX
  5
74E
  8
ARREDI ATTREZZATURE - FURNITURE
  6
BYLAYER
 62
  256
 10
81629.64344207849
 20
41936.4588479499
 30
0
  0
VERTEX
  5
74F
  8
ARREDI ATTREZZATURE - FURNITURE
  6
BYLAYER
 62
  256
 10
81629.64248017612
 20
41936.46344605298
 30
0
  0
VERTEX
  5
750
  8
ARREDI ATTREZZATURE - FURNITURE
  6
BYLAYER
 62
  256
 10
81629.64156190028
 20
41936.46744658608
 30
0
  0
VERTEX
  5
751
  8
ARREDI ATTREZZATURE - FURNITURE
  6
BYLAYER
 62
  256
 10
81629.64068946318
 20
41936.47083991158
 30
0
  0
VERTEX
  5
752
  8
ARREDI ATTREZZATURE - FURNITURE
  6
BYLAYER
 62
  256
 10
81629.63986496664
 20
41936.47361785464
 30
0
  0
VERTEX
  5
753
  8
ARREDI ATTREZZATURE - FURNITURE
  6
BYLAYER
 62
  256
 10
81629.6390903969
 20
41936.47577372296
 30
0
  0
VERTEX
  5
754
  8
ARREDI ATTREZZATURE - FURNITURE
  6
BYLAYER
 62
  256
 10
81629.63836761998
 20
41936.47730232287
 30
0
  0
VERTEX
  5
755
  8
ARREDI ATTREZZATURE - FURNITURE
  6
BYLAYER
 62
  256
 10
81629.63769837712
 20
41936.47819997183
 30
0
  0
SEQEND
  5
756
  8
ARREDI ATTREZZATURE - FURNITURE
  6
BYLAYER
 62
  256
  0
POLYLINE
  5
757
  8
ARREDI ATTREZZATURE - FURNITURE
  6
BYLAYER
 62
  256
 66
    1
 10
0
 20
0
 30
0
 70
    1
210
0
220
0
230
-1
  0
VERTEX
  5
758
  8
ARREDI ATTREZZATURE - FURNITURE
  6
BYLAYER
 62
  256
 10
81629.91173268871
 20
41936.48209575656
 30
0
  0
VERTEX
  5
759
  8
ARREDI ATTREZZATURE - FURNITURE
  6
BYLAYER
 62
  256
 10
81629.91117521789
 20
41936.48172654132
 30
0
  0
VERTEX
  5
75A
  8
ARREDI ATTREZZATURE - FURNITURE
  6
BYLAYER
 62
  256
 10
81629.91067571582
 20
41936.4807244648
 30
0
  0
VERTEX
  5
75B
  8
ARREDI ATTREZZATURE - FURNITURE
  6
BYLAYER
 62
  256
 10
81629.9102353858
 20
41936.4790919411
 30
0
  0
VERTEX
  5
75C
  8
ARREDI ATTREZZATURE - FURNITURE
  6
BYLAYER
 62
  256
 10
81629.90985528866
 20
41936.4768329031
 30
0
  0
VERTEX
  5
75D
  8
ARREDI ATTREZZATURE - FURNITURE
  6
BYLAYER
 62
  256
 10
81629.90953634006
 20
41936.47395279304
 30
0
  0
VERTEX
  5
75E
  8
ARREDI ATTREZZATURE - FURNITURE
  6
BYLAYER
 62
  256
 10
81629.9092793084
 20
41936.47045854932
 30
0
  0
VERTEX
  5
75F
  8
ARREDI ATTREZZATURE - FURNITURE
  6
BYLAYER
 62
  256
 10
81629.90908481287
 20
41936.46635858993
 30
0
  0
VERTEX
  5
760
  8
ARREDI ATTREZZATURE - FURNITURE
  6
BYLAYER
 62
  256
 10
81629.90895332205
 20
41936.46166279198
 30
0
  0
VERTEX
  5
761
  8
ARREDI ATTREZZATURE - FURNITURE
  6
BYLAYER
 62
  256
 10
81629.90888515269
 20
41936.4563824681
 30
0
  0
VERTEX
  5
762
  8
ARREDI ATTREZZATURE - FURNITURE
  6
BYLAYER
 62
  256
 10
81629.90888046904
 20
41936.45053033903
 30
0
  0
VERTEX
  5
763
  8
ARREDI ATTREZZATURE - FURNITURE
  6
BYLAYER
 62
  256
 10
81629.90893928234
 20
41936.44412050307
 30
0
  0
VERTEX
  5
764
  8
ARREDI ATTREZZATURE - FURNITURE
  6
BYLAYER
 62
  256
 10
81629.90906145096
 20
41936.43716840207
 30
0
  0
VERTEX
  5
765
  8
ARREDI ATTREZZATURE - FURNITURE
  6
BYLAYER
 62
  256
 10
81629.90924668056
 20
41936.42969078425
 30
0
  0
VERTEX
  5
766
  8
ARREDI ATTREZZATURE - FURNITURE
  6
BYLAYER
 62
  256
 10
81629.90949452488
 20
41936.42170566386
 30
0
  0
VERTEX
  5
767
  8
ARREDI ATTREZZATURE - FURNITURE
  6
BYLAYER
 62
  256
 10
81629.90980438687
 20
41936.41323227773
 30
0
  0
VERTEX
  5
768
  8
ARREDI ATTREZZATURE - FURNITURE
  6
BYLAYER
 62
  256
 10
81629.91017552005
 20
41936.40429103901
 30
0
  0
VERTEX
  5
769
  8
ARREDI ATTREZZATURE - FURNITURE
  6
BYLAYER
 62
  256
 10
81629.91060703031
 20
41936.39490348793
 30
0
  0
VERTEX
  5
76A
  8
ARREDI ATTREZZATURE - FURNITURE
  6
BYLAYER
 62
  256
 10
81629.91109787811
 20
41936.38509223991
 30
0
  0
VERTEX
  5
76B
  8
ARREDI ATTREZZATURE - FURNITURE
  6
BYLAYER
 62
  256
 10
81629.91164688098
 20
41936.37488093111
 30
0
  0
VERTEX
  5
76C
  8
ARREDI ATTREZZATURE - FURNITURE
  6
BYLAYER
 62
  256
 10
81629.91225271627
 20
41936.36429416146
 30
0
  0
VERTEX
  5
76D
  8
ARREDI ATTREZZATURE - FURNITURE
  6
BYLAYER
 62
  256
 10
81629.91291392451
 20
41936.35335743543
 30
0
  0
VERTEX
  5
76E
  8
ARREDI ATTREZZATURE - FURNITURE
  6
BYLAYER
 62
  256
 10
81629.91362891278
 20
41936.34209710053
 30
0
  0
VERTEX
  5
76F
  8
ARREDI ATTREZZATURE - FURNITURE
  6
BYLAYER
 62
  256
 10
81629.91439595862
 20
41936.33054028392
 30
0
  0
VERTEX
  5
770
  8
ARREDI ATTREZZATURE - FURNITURE
  6
BYLAYER
 62
  256
 10
81629.91521321415
 20
41936.31871482697
 30
0
  0
VERTEX
  5
771
  8
ARREDI ATTREZZATURE - FURNITURE
  6
BYLAYER
 62
  256
 10
81629.91607871049
 20
41936.30664921824
 30
0
  0
VERTEX
  5
772
  8
ARREDI ATTREZZATURE - FURNITURE
  6
BYLAYER
 62
  256
 10
81629.91699036263
 20
41936.29437252483
 30
0
  0
VERTEX
  5
773
  8
ARREDI ATTREZZATURE - FURNITURE
  6
BYLAYER
 62
  256
 10
81629.9179459743
 20
41936.28191432239
 30
0
  0
VERTEX
  5
774
  8
ARREDI ATTREZZATURE - FURNITURE
  6
BYLAYER
 62
  256
 10
81629.91894324338
 20
41936.26930462381
 30
0
  0
VERTEX
  5
775
  8
ARREDI ATTREZZATURE - FURNITURE
  6
BYLAYER
 62
  256
 10
81629.91997976731
 20
41936.25657380696
 30
0
  0
VERTEX
  5
776
  8
ARREDI ATTREZZATURE - FURNITURE
  6
BYLAYER
 62
  256
 10
81629.92105304902
 20
41936.24375254149
 30
0
  0
VERTEX
  5
777
  8
ARREDI ATTREZZATURE - FURNITURE
  6
BYLAYER
 62
  256
 10
81629.92216050293
 20
41936.23087171495
 30
0
  0
VERTEX
  5
778
  8
ARREDI ATTREZZATURE - FURNITURE
  6
BYLAYER
 62
  256
 10
81629.92329946105
 20
41936.21796235838
 30
0
  0
VERTEX
  5
779
  8
ARREDI ATTREZZATURE - FURNITURE
  6
BYLAYER
 62
  256
 10
81629.92446717952
 20
41936.20505557156
 30
0
  0
VERTEX
  5
77A
  8
ARREDI ATTREZZATURE - FURNITURE
  6
BYLAYER
 62
  256
 10
81629.92566084523
 20
41936.19218244806
 30
0
  0
VERTEX
  5
77B
  8
ARREDI ATTREZZATURE - FURNITURE
  6
BYLAYER
 62
  256
 10
81629.92687758252
 20
41936.17937400037
 30
0
  0
VERTEX
  5
77C
  8
ARREDI ATTREZZATURE - FURNITURE
  6
BYLAYER
 62
  256
 10
81629.92811446016
 20
41936.16666108515
 30
0
  0
VERTEX
  5
77D
  8
ARREDI ATTREZZATURE - FURNITURE
  6
BYLAYER
 62
  256
 10
81629.92936849841
 20
41936.15407432894
 30
0
  0
VERTEX
  5
77E
  8
ARREDI ATTREZZATURE - FURNITURE
  6
BYLAYER
 62
  256
 10
81629.93063667617
 20
41936.14164405433
 30
0
  0
VERTEX
  5
77F
  8
ARREDI ATTREZZATURE - FURNITURE
  6
BYLAYER
 62
  256
 10
81629.93191593833
 20
41936.12940020693
 30
0
  0
VERTEX
  5
780
  8
ARREDI ATTREZZATURE - FURNITURE
  6
BYLAYER
 62
  256
 10
81629.93320320299
 20
41936.11737228327
 30
0
  0
VERTEX
  5
781
  8
ARREDI ATTREZZATURE - FURNITURE
  6
BYLAYER
 62
  256
 10
81629.93449536903
 20
41936.10558925965
 30
0
  0
VERTEX
  5
782
  8
ARREDI ATTREZZATURE - FURNITURE
  6
BYLAYER
 62
  256
 10
81629.93578932351
 20
41936.09407952241
 30
0
  0
VERTEX
  5
783
  8
ARREDI ATTREZZATURE - FURNITURE
  6
BYLAYER
 62
  256
 10
81629.93708194919
 20
41936.08287079952
 30
0
  0
VERTEX
  5
784
  8
ARREDI ATTREZZATURE - FURNITURE
  6
BYLAYER
 62
  256
 10
81629.93837013202
 20
41936.07199009376
 30
0
  0
VERTEX
  5
785
  8
ARREDI ATTREZZATURE - FURNITURE
  6
BYLAYER
 62
  256
 10
81629.93965076863
 20
41936.06146361772
 30
0
  0
VERTEX
  5
786
  8
ARREDI ATTREZZATURE - FURNITURE
  6
BYLAYER
 62
  256
 10
81629.94092077388
 20
41936.0513167306
 30
0
  0
VERTEX
  5
787
  8
ARREDI ATTREZZATURE - FURNITURE
  6
BYLAYER
 62
  256
 10
81629.94217708822
 20
41936.04157387714
 30
0
  0
VERTEX
  5
788
  8
ARREDI ATTREZZATURE - FURNITURE
  6
BYLAYER
 62
  256
 10
81629.94341668504
 20
41936.03225852872
 30
0
  0
VERTEX
  5
789
  8
ARREDI ATTREZZATURE - FURNITURE
  6
BYLAYER
 62
  256
 10
81629.94463657809
 20
41936.02339312683
 30
0
  0
VERTEX
  5
78A
  8
ARREDI ATTREZZATURE - FURNITURE
  6
BYLAYER
 62
  256
 10
81629.9458338285
 20
41936.01499902901
 30
0
  0
VERTEX
  5
78B
  8
ARREDI ATTREZZATURE - FURNITURE
  6
BYLAYER
 62
  256
 10
81629.94700555204
 20
41936.00709645737
 30
0
  0
VERTEX
  5
78C
  8
ARREDI ATTREZZATURE - FURNITURE
  6
BYLAYER
 62
  256
 10
81629.94814892586
 20
41935.9997044499
 30
0
  0
VERTEX
  5
78D
  8
ARREDI ATTREZZATURE - FURNITURE
  6
BYLAYER
 62
  256
 10
81629.94926119554
 20
41935.99284081459
 30
0
  0
VERTEX
  5
78E
  8
ARREDI ATTREZZATURE - FURNITURE
  6
BYLAYER
 62
  256
 10
81629.95033968147
 20
41935.98652208654
 30
0
  0
VERTEX
  5
78F
  8
ARREDI ATTREZZATURE - FURNITURE
  6
BYLAYER
 62
  256
 10
81629.9513817855
 20
41935.98076348812
 30
0
  0
VERTEX
  5
790
  8
ARREDI ATTREZZATURE - FURNITURE
  6
BYLAYER
 62
  256
 10
81629.95238499714
 20
41935.9755788923
 30
0
  0
VERTEX
  5
791
  8
ARREDI ATTREZZATURE - FURNITURE
  6
BYLAYER
 62
  256
 10
81629.95334689952
 20
41935.97098078922
 30
0
  0
VERTEX
  5
792
  8
ARREDI ATTREZZATURE - FURNITURE
  6
BYLAYER
 62
  256
 10
81629.95426517536
 20
41935.96698025612
 30
0
  0
VERTEX
  5
793
  8
ARREDI ATTREZZATURE - FURNITURE
  6
BYLAYER
 62
  256
 10
81629.95513761246
 20
41935.96358693062
 30
0
  0
VERTEX
  5
794
  8
ARREDI ATTREZZATURE - FURNITURE
  6
BYLAYER
 62
  256
 10
81629.955962109
 20
41935.96080898756
 30
0
  0
VERTEX
  5
795
  8
ARREDI ATTREZZATURE - FURNITURE
  6
BYLAYER
 62
  256
 10
81629.95673667874
 20
41935.95865311924
 30
0
  0
VERTEX
  5
796
  8
ARREDI ATTREZZATURE - FURNITURE
  6
BYLAYER
 62
  256
 10
81629.95745945566
 20
41935.95712451933
 30
0
  0
VERTEX
  5
797
  8
ARREDI ATTREZZATURE - FURNITURE
  6
BYLAYER
 62
  256
 10
81629.95812869852
 20
41935.95622687037
 30
0
  0
VERTEX
  5
798
  8
ARREDI ATTREZZATURE - FURNITURE
  6
BYLAYER
 62
  256
 10
81629.95874279506
 20
41935.95596233485
 30
0
  0
VERTEX
  5
799
  8
ARREDI ATTREZZATURE - FURNITURE
  6
BYLAYER
 62
  256
 10
81629.95930026588
 20
41935.95633155009
 30
0
  0
VERTEX
  5
79A
  8
ARREDI ATTREZZATURE - FURNITURE
  6
BYLAYER
 62
  256
 10
81629.95979976795
 20
41935.95733362661
 30
0
  0
VERTEX
  5
79B
  8
ARREDI ATTREZZATURE - FURNITURE
  6
BYLAYER
 62
  256
 10
81629.96024009796
 20
41935.95896615032
 30
0
  0
VERTEX
  5
79C
  8
ARREDI ATTREZZATURE - FURNITURE
  6
BYLAYER
 62
  256
 10
81629.96062019511
 20
41935.96122518832
 30
0
  0
VERTEX
  5
79D
  8
ARREDI ATTREZZATURE - FURNITURE
  6
BYLAYER
 62
  256
 10
81629.96093914371
 20
41935.96410529838
 30
0
  0
VERTEX
  5
79E
  8
ARREDI ATTREZZATURE - FURNITURE
  6
BYLAYER
 62
  256
 10
81629.96119617537
 20
41935.96759954209
 30
0
  0
VERTEX
  5
79F
  8
ARREDI ATTREZZATURE - FURNITURE
  6
BYLAYER
 62
  256
 10
81629.9613906709
 20
41935.97169950149
 30
0
  0
VERTEX
  5
7A0
  8
ARREDI ATTREZZATURE - FURNITURE
  6
BYLAYER
 62
  256
 10
81629.96152216171
 20
41935.97639529943
 30
0
  0
VERTEX
  5
7A1
  8
ARREDI ATTREZZATURE - FURNITURE
  6
BYLAYER
 62
  256
 10
81629.96159033108
 20
41935.98167562331
 30
0
  0
VERTEX
  5
7A2
  8
ARREDI ATTREZZATURE - FURNITURE
  6
BYLAYER
 62
  256
 10
81629.96159501473
 20
41935.98752775239
 30
0
  0
VERTEX
  5
7A3
  8
ARREDI ATTREZZATURE - FURNITURE
  6
BYLAYER
 62
  256
 10
81629.96153620143
 20
41935.99393758835
 30
0
  0
VERTEX
  5
7A4
  8
ARREDI ATTREZZATURE - FURNITURE
  6
BYLAYER
 62
  256
 10
81629.9614140328
 20
41936.00088968935
 30
0
  0
VERTEX
  5
7A5
  8
ARREDI ATTREZZATURE - FURNITURE
  6
BYLAYER
 62
  256
 10
81629.96122880321
 20
41936.00836730716
 30
0
  0
VERTEX
  5
7A6
  8
ARREDI ATTREZZATURE - FURNITURE
  6
BYLAYER
 62
  256
 10
81629.96098095889
 20
41936.01635242756
 30
0
  0
VERTEX
  5
7A7
  8
ARREDI ATTREZZATURE - FURNITURE
  6
BYLAYER
 62
  256
 10
81629.96067109689
 20
41936.02482581369
 30
0
  0
VERTEX
  5
7A8
  8
ARREDI ATTREZZATURE - FURNITURE
  6
BYLAYER
 62
  256
 10
81629.96029996371
 20
41936.0337670524
 30
0
  0
VERTEX
  5
7A9
  8
ARREDI ATTREZZATURE - FURNITURE
  6
BYLAYER
 62
  256
 10
81629.95986845346
 20
41936.04315460348
 30
0
  0
VERTEX
  5
7AA
  8
ARREDI ATTREZZATURE - FURNITURE
  6
BYLAYER
 62
  256
 10
81629.95937760566
 20
41936.05296585151
 30
0
  0
VERTEX
  5
7AB
  8
ARREDI ATTREZZATURE - FURNITURE
  6
BYLAYER
 62
  256
 10
81629.95882860279
 20
41936.06317716031
 30
0
  0
VERTEX
  5
7AC
  8
ARREDI ATTREZZATURE - FURNITURE
  6
BYLAYER
 62
  256
 10
81629.9582227675
 20
41936.07376392996
 30
0
  0
VERTEX
  5
7AD
  8
ARREDI ATTREZZATURE - FURNITURE
  6
BYLAYER
 62
  256
 10
81629.95756155926
 20
41936.08470065599
 30
0
  0
VERTEX
  5
7AE
  8
ARREDI ATTREZZATURE - FURNITURE
  6
BYLAYER
 62
  256
 10
81629.95684657099
 20
41936.09596099088
 30
0
  0
VERTEX
  5
7AF
  8
ARREDI ATTREZZATURE - FURNITURE
  6
BYLAYER
 62
  256
 10
81629.95607952515
 20
41936.1075178075
 30
0
  0
VERTEX
  5
7B0
  8
ARREDI ATTREZZATURE - FURNITURE
  6
BYLAYER
 62
  256
 10
81629.95526226962
 20
41936.11934326444
 30
0
  0
VERTEX
  5
7B1
  8
ARREDI ATTREZZATURE - FURNITURE
  6
BYLAYER
 62
  256
 10
81629.95439677328
 20
41936.13140887317
 30
0
  0
VERTEX
  5
7B2
  8
ARREDI ATTREZZATURE - FURNITURE
  6
BYLAYER
 62
  256
 10
81629.95348512114
 20
41936.14368556658
 30
0
  0
VERTEX
  5
7B3
  8
ARREDI ATTREZZATURE - FURNITURE
  6
BYLAYER
 62
  256
 10
81629.95252950946
 20
41936.15614376903
 30
0
  0
VERTEX
  5
7B4
  8
ARREDI ATTREZZATURE - FURNITURE
  6
BYLAYER
 62
  256
 10
81629.95153224039
 20
41936.1687534676
 30
0
  0
VERTEX
  5
7B5
  8
ARREDI ATTREZZATURE - FURNITURE
  6
BYLAYER
 62
  256
 10
81629.95049571646
 20
41936.18148428445
 30
0
  0
VERTEX
  5
7B6
  8
ARREDI ATTREZZATURE - FURNITURE
  6
BYLAYER
 62
  256
 10
81629.94942243474
 20
41936.19430554992
 30
0
  0
VERTEX
  5
7B7
  8
ARREDI ATTREZZATURE - FURNITURE
  6
BYLAYER
 62
  256
 10
81629.94831498084
 20
41936.20718637646
 30
0
  0
VERTEX
  5
7B8
  8
ARREDI ATTREZZATURE - FURNITURE
  6
BYLAYER
 62
  256
 10
81629.94717602272
 20
41936.22009573304
 30
0
  0
VERTEX
  5
7B9
  8
ARREDI ATTREZZATURE - FURNITURE
  6
BYLAYER
 62
  256
 10
81629.94600830425
 20
41936.23300251985
 30
0
  0
VERTEX
  5
7BA
  8
ARREDI ATTREZZATURE - FURNITURE
  6
BYLAYER
 62
  256
 10
81629.94481463854
 20
41936.24587564336
 30
0
  0
VERTEX
  5
7BB
  8
ARREDI ATTREZZATURE - FURNITURE
  6
BYLAYER
 62
  256
 10
81629.94359790125
 20
41936.25868409104
 30
0
  0
VERTEX
  5
7BC
  8
ARREDI ATTREZZATURE - FURNITURE
  6
BYLAYER
 62
  256
 10
81629.94236102361
 20
41936.27139700626
 30
0
  0
VERTEX
  5
7BD
  8
ARREDI ATTREZZATURE - FURNITURE
  6
BYLAYER
 62
  256
 10
81629.94110698535
 20
41936.28398376248
 30
0
  0
VERTEX
  5
7BE
  8
ARREDI ATTREZZATURE - FURNITURE
  6
BYLAYER
 62
  256
 10
81629.93983880759
 20
41936.29641403709
 30
0
  0
VERTEX
  5
7BF
  8
ARREDI ATTREZZATURE - FURNITURE
  6
BYLAYER
 62
  256
 10
81629.93855954544
 20
41936.30865788448
 30
0
  0
VERTEX
  5
7C0
  8
ARREDI ATTREZZATURE - FURNITURE
  6
BYLAYER
 62
  256
 10
81629.93727228077
 20
41936.32068580815
 30
0
  0
VERTEX
  5
7C1
  8
ARREDI ATTREZZATURE - FURNITURE
  6
BYLAYER
 62
  256
 10
81629.93598011474
 20
41936.33246883177
 30
0
  0
VERTEX
  5
7C2
  8
ARREDI ATTREZZATURE - FURNITURE
  6
BYLAYER
 62
  256
 10
81629.93468616025
 20
41936.34397856901
 30
0
  0
VERTEX
  5
7C3
  8
ARREDI ATTREZZATURE - FURNITURE
  6
BYLAYER
 62
  256
 10
81629.93339353458
 20
41936.3551872919
 30
0
  0
VERTEX
  5
7C4
  8
ARREDI ATTREZZATURE - FURNITURE
  6
BYLAYER
 62
  256
 10
81629.93210535175
 20
41936.36606799765
 30
0
  0
VERTEX
  5
7C5
  8
ARREDI ATTREZZATURE - FURNITURE
  6
BYLAYER
 62
  256
 10
81629.93082471513
 20
41936.3765944737
 30
0
  0
VERTEX
  5
7C6
  8
ARREDI ATTREZZATURE - FURNITURE
  6
BYLAYER
 62
  256
 10
81629.92955470989
 20
41936.38674136082
 30
0
  0
VERTEX
  5
7C7
  8
ARREDI ATTREZZATURE - FURNITURE
  6
BYLAYER
 62
  256
 10
81629.92829839555
 20
41936.39648421427
 30
0
  0
VERTEX
  5
7C8
  8
ARREDI ATTREZZATURE - FURNITURE
  6
BYLAYER
 62
  256
 10
81629.92705879873
 20
41936.40579956269
 30
0
  0
VERTEX
  5
7C9
  8
ARREDI ATTREZZATURE - FURNITURE
  6
BYLAYER
 62
  256
 10
81629.92583890568
 20
41936.41466496458
 30
0
  0
VERTEX
  5
7CA
  8
ARREDI ATTREZZATURE - FURNITURE
  6
BYLAYER
 62
  256
 10
81629.92464165526
 20
41936.42305906241
 30
0
  0
VERTEX
  5
7CB
  8
ARREDI ATTREZZATURE - FURNITURE
  6
BYLAYER
 62
  256
 10
81629.92346993173
 20
41936.43096163405
 30
0
  0
VERTEX
  5
7CC
  8
ARREDI ATTREZZATURE - FURNITURE
  6
BYLAYER
 62
  256
 10
81629.92232655791
 20
41936.43835364152
 30
0
  0
VERTEX
  5
7CD
  8
ARREDI ATTREZZATURE - FURNITURE
  6
BYLAYER
 62
  256
 10
81629.92121428823
 20
41936.44521727683
 30
0
  0
VERTEX
  5
7CE
  8
ARREDI ATTREZZATURE - FURNITURE
  6
BYLAYER
 62
  256
 10
81629.9201358023
 20
41936.45153600488
 30
0
  0
VERTEX
  5
7CF
  8
ARREDI ATTREZZATURE - FURNITURE
  6
BYLAYER
 62
  256
 10
81629.91909369826
 20
41936.45729460329
 30
0
  0
VERTEX
  5
7D0
  8
ARREDI ATTREZZATURE - FURNITURE
  6
BYLAYER
 62
  256
 10
81629.91809048662
 20
41936.46247919912
 30
0
  0
VERTEX
  5
7D1
  8
ARREDI ATTREZZATURE - FURNITURE
  6
BYLAYER
 62
  256
 10
81629.91712858425
 20
41936.46707730219
 30
0
  0
VERTEX
  5
7D2
  8
ARREDI ATTREZZATURE - FURNITURE
  6
BYLAYER
 62
  256
 10
81629.91621030841
 20
41936.4710778353
 30
0
  0
VERTEX
  5
7D3
  8
ARREDI ATTREZZATURE - FURNITURE
  6
BYLAYER
 62
  256
 10
81629.91533787131
 20
41936.47447116079
 30
0
  0
VERTEX
  5
7D4
  8
ARREDI ATTREZZATURE - FURNITURE
  6
BYLAYER
 62
  256
 10
81629.91451337477
 20
41936.47724910385
 30
0
  0
VERTEX
  5
7D5
  8
ARREDI ATTREZZATURE - FURNITURE
  6
BYLAYER
 62
  256
 10
81629.91373880503
 20
41936.47940497217
 30
0
  0
VERTEX
  5
7D6
  8
ARREDI ATTREZZATURE - FURNITURE
  6
BYLAYER
 62
  256
 10
81629.91301602811
 20
41936.48093357209
 30
0
  0
VERTEX
  5
7D7
  8
ARREDI ATTREZZATURE - FURNITURE
  6
BYLAYER
 62
  256
 10
81629.91234678525
 20
41936.48183122105
 30
0
  0
SEQEND
  5
7D8
  8
ARREDI ATTREZZATURE - FURNITURE
  6
BYLAYER
 62
  256
  0
LINE
  5
7D9
  8
ARREDI ATTREZZATURE - FURNITURE
  6
BYLAYER
 62
  256
 10
81628.79866687734
 20
41936.23510823672
 30
0.000143866392201744
 11
81630.06866687734
 21
41936.23462209686
 31
0.000143866392201744
  0
LINE
  5
7DA
  8
ARREDI ATTREZZATURE - FURNITURE
  6
BYLAYER
 62
  256
 10
81628.79866687734
 20
41936.21510820872
 30
0.000143866392201744
 11
81630.06866687734
 21
41936.21462206887
 31
0.000143866392201744
  0
LINE
  5
7DB
  8
ARREDI ATTREZZATURE - FURNITURE
  6
BYLAYER
 62
    2
 10
81630.09866687734
 20
41936.53510822272
 11
81630.07866687737
 21
41936.53510822272
  0
LINE
  5
7DC
  8
ARREDI ATTREZZATURE - FURNITURE
  6
BYLAYER
 62
  256
 10
81628.78866687734
 20
41936.24760822272
 11
81628.79866687734
 21
41936.24760822272
  0
LINE
  5
7DD
  8
ARREDI ATTREZZATURE - FURNITURE
  6
BYLAYER
 62
  256
 10
81628.79866687734
 20
41936.24760822272
 11
81628.79866687734
 21
41936.20260822272
  0
LINE
  5
7DE
  8
ARREDI ATTREZZATURE - FURNITURE
  6
BYLAYER
 62
  256
 10
81628.79866687734
 20
41936.20260822272
 11
81628.78866687734
 21
41936.20260822272
  0
LINE
  5
7DF
  8
ARREDI ATTREZZATURE - FURNITURE
  6
BYLAYER
 62
  256
 10
81628.78866687734
 20
41936.20260822272
 11
81628.78866687734
 21
41936.24760822272
  0
LINE
  5
7E0
  8
ARREDI ATTREZZATURE - FURNITURE
  6
BYLAYER
 62
  256
 10
81630.07866687734
 20
41936.24760822272
 11
81630.06866687734
 21
41936.24760822272
  0
LINE
  5
7E1
  8
ARREDI ATTREZZATURE - FURNITURE
  6
BYLAYER
 62
  256
 10
81630.06866687734
 20
41936.24760822272
 11
81630.06866687734
 21
41936.20260822272
  0
LINE
  5
7E2
  8
ARREDI ATTREZZATURE - FURNITURE
  6
BYLAYER
 62
  256
 10
81630.06866687734
 20
41936.20260822272
 11
81630.07866687734
 21
41936.20260822272
  0
LINE
  5
7E3
  8
ARREDI ATTREZZATURE - FURNITURE
  6
BYLAYER
 62
  256
 10
81630.07866687734
 20
41936.20260822272
 11
81630.07866687734
 21
41936.24760822272
  0
LINE
  5
7E4
  8
ARREDI ATTREZZATURE - FURNITURE
  6
BYLAYER
 62
    2
 10
81630.07866687734
 20
41936.51510822272
 11
81629.41866687735
 21
41936.51510822272
  0
LINE
  5
7E5
  8
ARREDI ATTREZZATURE - FURNITURE
  6
BYLAYER
 62
    2
 10
81629.41866687735
 20
41936.51510822272
 11
81629.41866687735
 21
41936.49510822272
  0
LINE
  5
7E6
  8
ARREDI ATTREZZATURE - FURNITURE
  6
BYLAYER
 62
    2
 10
81629.41866687735
 20
41936.49510822272
 11
81630.07866687734
 21
41936.49510822272
  0
LINE
  5
7E7
  8
ARREDI ATTREZZATURE - FURNITURE
  6
BYLAYER
 62
    2
 10
81630.07866687734
 20
41936.49510822272
 11
81630.07866687734
 21
41936.51510822272
  0
LINE
  5
7E8
  8
ARREDI ATTREZZATURE - FURNITURE
  6
BYLAYER
 62
    2
 10
81629.42866687734
 20
41936.53510822272
 11
81628.79008574928
 21
41936.53510822272
  0
LINE
  5
7E9
  8
ARREDI ATTREZZATURE - FURNITURE
  6
BYLAYER
 62
    2
 10
81628.79008574928
 20
41936.51510822272
 11
81629.42866687734
 21
41936.51510822272
  0
LINE
  5
7EA
  8
ARREDI ATTREZZATURE - FURNITURE
  6
BYLAYER
 62
    2
 10
81629.42866687734
 20
41936.51510822272
 11
81629.42866687734
 21
41936.53510822272
  0
LINE
  5
7EB
  8
ARREDI ATTREZZATURE - FURNITURE
  6
BYLAYER
 62
    2
 10
81628.76866687734
 20
41935.94510822272
 11
81628.76866687734
 21
41936.53510822272
  0
LINE
  5
7EC
  8
ARREDI ATTREZZATURE - FURNITURE
  6
BYLAYER
 62
    2
 10
81628.76866687734
 20
41936.53510822272
 11
81628.78866687734
 21
41936.53510822272
  0
LINE
  5
7ED
  8
ARREDI ATTREZZATURE - FURNITURE
  6
BYLAYER
 62
    2
 10
81628.78866687733
 20
41936.53510822272
 11
81628.78866687734
 21
41935.96510822271
  0
LINE
  5
7EE
  8
ARREDI ATTREZZATURE - FURNITURE
  6
BYLAYER
 62
    2
 10
81630.07866687734
 20
41935.96510822271
 11
81630.07866687737
 21
41936.53510822272
  0
LINE
  5
7EF
  8
ARREDI ATTREZZATURE - FURNITURE
  6
BYLAYER
 62
    2
 10
81630.09866687734
 20
41936.53510822272
 11
81630.09866687734
 21
41935.94510822272
  0
LINE
  5
7F0
  8
ARREDI ATTREZZATURE - FURNITURE
  6
BYLAYER
 62
    2
 10
81628.79008574928
 20
41936.53510822272
 11
81628.79008574928
 21
41936.51510822272
  0
LINE
  5
7F1
  8
ARREDI ATTREZZATURE - FURNITURE
  6
BYLAYER
 62
  256
 10
81629.42866687734
 20
41936.53510822272
 11
81630.07866687734
 21
41936.53510822272
  0
LINE
  5
7F2
  8
ARREDI ATTREZZATURE - FURNITURE
  6
BYLAYER
 62
  256
 10
81629.41866687735
 20
41936.49510822272
 11
81628.78866687733
 21
41936.4951082227
  0
LINE
  5
7F3
  8
ARREDI ATTREZZATURE - FURNITURE
  6
BYLAYER
 62
    2
 10
81628.76866687734
 20
41935.94510822272
 11
81630.09866687734
 21
41935.94510822272
  0
LINE
  5
7F4
  8
ARREDI ATTREZZATURE - FURNITURE
  6
BYLAYER
 62
    2
 10
81628.78866687736
 20
41935.96510822271
 11
81630.07866687734
 21
41935.96510822271
  0
ENDBLK
  8
0
  0
ENDSEC
  0
SECTION
  2
ENTITIES
  0
LINE
  5
7F5
  8
MURATURA TRATTEGGI - HATCH WALLS
  6
BYLAYER
 62
  256
 10
92.31580523429822
 20
109.5213906371269
 11
92.31580528172876
 21
109.5213906371269
  0
LINE
  5
7F6
  8
MURATURA TRATTEGGI - HATCH WALLS
  6
BYLAYER
 62
  256
 10
92.31580525801348
 20
109.5213907230804
 11
92.31580521058295
 21
109.5213905511734
  0
LINE
  5
7F7
  8
MURATURA TRATTEGGI - HATCH WALLS
  6
BYLAYER
 62
  256
 10
92.31580540030508
 20
109.5213907230804
 11
92.31580535287455
 21
109.5213905511734
  0
LINE
  5
7F8
  8
MURATURA TRATTEGGI - HATCH WALLS
  6
BYLAYER
 62
  256
 10
92.31580530544402
 20
109.5213907230804
 11
92.31580535287455
 21
109.5213905511734
  0
LINE
  5
7F9
  8
MURATURA TRATTEGGI - HATCH WALLS
  6
BYLAYER
 62
  256
 10
92.31580535287455
 20
109.5213907230804
 11
92.31580530544402
 21
109.5213905511734
  0
LINE
  5
7FA
  8
MURATURA TRATTEGGI - HATCH WALLS
  6
BYLAYER
 62
  256
 10
92.31580525801348
 20
109.5213907230804
 11
92.31580530544402
 21
109.5213905511734
  0
LINE
  5
7FB
  8
WALL
  6
BYLAYER
 62
  256
 10
92.31580523429822
 20
109.5213906371269
 11
92.31580528172876
 21
109.5213906371269
  0
LINE
  5
7FC
  8
WALL
  6
BYLAYER
 62
  256
 10
92.31580525801348
 20
109.5213907230804
 11
92.31580521058295
 21
109.5213905511734
  0
LINE
  5
7FD
  8
WALL
  6
BYLAYER
 62
  256
 10
92.31580540030508
 20
109.5213907230804
 11
92.31580535287455
 21
109.5213905511734
  0
LINE
  5
7FE
  8
WALL
  6
BYLAYER
 62
  256
 10
92.31580530544402
 20
109.5213907230804
 11
92.31580535287455
 21
109.5213905511734
  0
LINE
  5
7FF
  8
WALL
  6
BYLAYER
 62
  256
 10
92.31580535287455
 20
109.5213907230804
 11
92.31580530544402
 21
109.5213905511734
  0
LINE
  5
800
  8
WALL
  6
BYLAYER
 62
  256
 10
92.31580525801348
 20
109.5213907230804
 11
92.31580530544402
 21
109.5213905511734
  0
LINE
  5
801
  8
MURATURA TRATTEGGI - HATCH WALLS
  6
BYLAYER
 62
  256
 10
92.35792009679555
 20
108.8704920235687
 11
92.35792014422609
 21
108.8704920235687
  0
LINE
  5
802
  8
MURATURA TRATTEGGI - HATCH WALLS
  6
BYLAYER
 62
  256
 10
92.35792012051081
 20
108.8704921095222
 11
92.35792007308028
 21
108.8704919376152
  0
LINE
  5
803
  8
MURATURA TRATTEGGI - HATCH WALLS
  6
BYLAYER
 62
  256
 10
92.35792026280241
 20
108.8704921095222
 11
92.35792021537188
 21
108.8704919376152
  0
LINE
  5
804
  8
MURATURA TRATTEGGI - HATCH WALLS
  6
BYLAYER
 62
  256
 10
92.35792016794134
 20
108.8704921095222
 11
92.35792021537188
 21
108.8704919376152
  0
LINE
  5
805
  8
MURATURA TRATTEGGI - HATCH WALLS
  6
BYLAYER
 62
  256
 10
92.35792021537188
 20
108.8704921095222
 11
92.35792016794134
 21
108.8704919376152
  0
LINE
  5
806
  8
MURATURA TRATTEGGI - HATCH WALLS
  6
BYLAYER
 62
  256
 10
92.35792012051081
 20
108.8704921095222
 11
92.35792016794134
 21
108.8704919376152
  0
LINE
  5
807
  8
WALL
  6
BYLAYER
 62
  256
 10
92.35792009679555
 20
108.8704920235687
 11
92.35792014422609
 21
108.8704920235687
  0
LINE
  5
808
  8
WALL
  6
BYLAYER
 62
  256
 10
92.35792012051081
 20
108.8704921095222
 11
92.35792007308028
 21
108.8704919376152
  0
LINE
  5
809
  8
WALL
  6
BYLAYER
 62
  256
 10
92.35792026280241
 20
108.8704921095222
 11
92.35792021537188
 21
108.8704919376152
  0
LINE
  5
80A
  8
WALL
  6
BYLAYER
 62
  256
 10
92.35792016794134
 20
108.8704921095222
 11
92.35792021537188
 21
108.8704919376152
  0
LINE
  5
80B
  8
WALL
  6
BYLAYER
 62
  256
 10
92.35792021537188
 20
108.8704921095222
 11
92.35792016794134
 21
108.8704919376152
  0
LINE
  5
80C
  8
WALL
  6
BYLAYER
 62
  256
 10
92.35792012051081
 20
108.8704921095222
 11
92.35792016794134
 21
108.8704919376152
  0
LINE
  5
80D
  8
DOOR
  6
CONTINUOUS
 62
  256
 10
91.14767355958111
 20
106.0404554497138
 11
92.04767355958165
 21
106.0404554497184
  0
INSERT
  5
80E
  8
ARREDI ATTREZZATURE - FURNITURE
  6
CONTINUOUS
 62
    6
  2
APPENDI ABITI- CLOTHS HUNGER
 10
-1654.337377190419
 20
-1809.635544322072
 30
0
 41
1
 42
1
 43
1
 50
0
 70
    1
 71
    1
 44
0
 45
0
  0
INSERT
  5
80F
  8
ARREDI ATTREZZATURE - FURNITURE
  6
CONTINUOUS
 62
    6
  2
LAVANDINO-SINK
 10
-1654.337377190419
 20
-1809.635544322072
 30
0
 41
1
 42
1
 43
1
 50
0
 70
    1
 71
    1
 44
0
 45
0
  0
INSERT
  5
810
  8
ARREDI ATTREZZATURE - FURNITURE
  6
CONTINUOUS
 62
    6
  2
BIDET
 10
-1654.930842378606
 20
-1809.635544322072
 30
0
 41
1
 42
1
 43
1
 50
0
 70
    1
 71
    1
 44
0
 45
0
  0
LINE
  5
811
  8
WINDOW
  6
BYLAYER
 62
  251
 10
88.47937954417417
 20
113.4959955022979
 11
89.49948397404815
 21
113.4959955022979
  0
LINE
  5
812
  8
WINDOW
  6
BYLAYER
 62
  251
 10
88.47937954417417
 20
113.4119622780501
 11
89.49948397404815
 21
113.4119622780498
  0
LINE
  5
813
  8
WINDOW
  6
BYLAYER
 62
  256
 10
89.49948397404815
 20
113.4705463837637
 11
88.47937954417417
 21
113.4705463837637
  0
LINE
  5
814
  8
WALL
  6
BYLAYER
 62
  256
 10
90.95452626945185
 20
108.6878277557297
 11
90.95452626945185
 21
108.1720355202327
  0
INSERT
  5
815
  8
ARREDI ATTREZZATURE - FURNITURE
  6
CONTINUOUS
 62
    6
  2
SET CUCINA - KITCHEN SET
 10
-1654.337377190419
 20
-1809.635544322072
 30
0
 41
1
 42
1
 43
1
 50
0
 70
    1
 71
    1
 44
0
 45
0
  0
INSERT
  5
816
  8
ARREDI ATTREZZATURE - FURNITURE
  6
BYLAYER
 62
  256
  2
ARMADIO
 10
-81536.17034975735
 20
-41826.26318264584
 30
0
 41
1
 42
1
 43
1
 50
0
 70
    1
 71
    1
 44
0
 45
0
  0
ARC
  5
817
  8
WINDOW
  6
DASHED
 62
  251
 10
92.2994122282068
 20
113.3766370779045
 40
0.8447677370002115
 50
318.7236077696069
 51
0.0002689890500586227
  0
LINE
  5
818
  8
WINDOW
  6
DASHED
 62
  251
 10
92.29941247059919
 20
113.3766370779045
 11
92.93428560467187
 21
112.8193505041096
  0
ARC
  5
819
  8
WINDOW
  6
DASHED
 62
  251
 10
93.9889469979923
 20
113.3766370779045
 40
0.8447677370002115
 50
179.9997310109499
 51
221.276392230411
  0
LINE
  5
81A
  8
WINDOW
  6
DASHED
 62
  251
 10
93.98894675559991
 20
113.3766370779045
 11
93.35407362152723
 21
112.8193505041096
  0
LINE
  5
81B
  8
WALL
  6
BYLAYER
 62
  256
 10
90.89856802512891
 20
108.624665130632
 11
90.84165023013152
 21
108.6436484025481
  0
LINE
  5
81C
  8
WALL
  6
BYLAYER
 62
  256
 10
90.16116121303772
 20
108.624665130632
 11
90.2180790080351
 21
108.6436484025481
  0
LINE
  5
81D
  8
PROIEZIONI - PROJECTIONS
  6
CONTINUOUS
 62
  256
 10
90.20334427218377
 20
108.6878277557297
 11
90.85638496598285
 21
108.6878277557297
  0
INSERT
  5
81E
  8
ARREDI ATTREZZATURE - FURNITURE
  6
BYLAYER
 62
  256
  2
LAVATRICE-ASCIUGATRICE - TUMBLE DRYER - TY71AW25
 10
840.7683150865366
 20
452.9712389039472
 30
0
 41
-1
 42
1
 43
1
 50
90
 70
    1
 71
    1
 44
0
 45
0
  0
LINE
  5
81F
  8
ARREDI ATTREZZATURE - FURNITURE
  6
CONTINUOUS
 62
  256
 10
93.11218880124211
 20
107.9740848712898
 11
93.11218880124211
 21
107.3954631248251
  0
INSERT
  5
820
  8
ARREDI ATTREZZATURE - FURNITURE
  6
CONTINUOUS
 62
  256
  2
TAVOLO- TABLE
 10
-1654.337377190419
 20
-1809.635544322072
 30
0
 41
1
 42
1
 43
1
 50
0
 70
    1
 71
    1
 44
0
 45
0
  0
LINE
  5
821
  8
WALL
  6
BYLAYER
 62
  256
 10
88.32495458119065
 20
113.603929096236
 11
88.32495458119065
 21
113.253929096236
  0
LINE
  5
822
  8
WINDOW
  6
BYLAYER
 62
  251
 10
93.08417916709796
 20
113.4516375548691
 30
0
 11
92.36895600428439
 21
113.4516387997506
 31
3.490428405478312e-53
  0
LINE
  5
823
  8
WINDOW
  6
BYLAYER
 62
  256
 10
92.36895578128242
 20
113.4041384285487
 30
3.490427819594508e-53
 11
93.08417939009924
 21
113.4041373553858
 31
0
  0
INSERT
  5
824
  8
ARREDI ATTREZZATURE - FURNITURE
  6
CONTINUOUS
 62
  256
  2
DIVANO GRANDE - BIG COUCH
 10
-1654.337377190419
 20
-1809.635544322072
 30
0
 41
1
 42
1
 43
1
 50
0
 70
    1
 71
    1
 44
0
 45
0
  0
LINE
  5
825
  8
WALL
  6
BYLAYER
 62
  256
 10
90.20334427218377
 20
108.6878277557295
 11
90.10417188946163
 21
108.6878277557295
  0
LINE
  5
826
  8
WALL
  6
BYLAYER
 62
  256
 10
90.95452626945185
 20
108.6878277557297
 11
90.85638496598285
 21
108.6878277557297
  0
INSERT
  5
827
  8
DOOR
  6
CONTINUOUS
 62
  256
  2
PORTA-DOOR
 10
-1654.486144126028
 20
-1809.52963557204
 30
0
 41
1
 42
1
 43
1
 50
0
 70
    1
 71
    1
 44
0
 45
0
  0
LINE
  5
828
  8
PROIEZIONI - PROJECTIONS
  6
BYLAYER
 62
  256
 10
92.11274316237309
 20
105.8686618206868
 11
91.08260395678958
 21
105.8686618206868
  0
LINE
  5
829
  8
WALL
  6
BYLAYER
 62
  256
 10
92.11274316237309
 20
105.8686618206868
 11
92.11274316237309
 21
106.2186618206869
  0
LINE
  5
82A
  8
PROIEZIONI - PROJECTIONS
  6
BYLAYER
 62
  256
 10
88.31498719474935
 20
106.2186618206869
 30
0
 11
89.49513053276219
 21
106.2186618206875
 31
9.672175382197027e-53
  0
LINE
  5
82B
  8
PROIEZIONI - PROJECTIONS
  6
BYLAYER
 62
  256
 10
95.26807699768842
 20
106.3656271226045
 30
0
 11
95.26807699768774
 21
107.0985448879709
 31
6.00682047596932e-53
  0
LINE
  5
82C
  8
PROIEZIONI - PROJECTIONS
  6
BYLAYER
 62
  256
 10
95.26292932572387
 20
107.8609506335735
 30
-6.075534123436342e-53
 11
95.26292932572319
 21
109.0390379846718
 31
-6.871364746702186e-55
  0
LINE
  5
82D
  8
WALL
  6
BYLAYER
 62
  256
 10
94.02894578529795
 20
113.603929096236
 11
94.02894578529795
 21
113.253929096236
  0
LINE
  5
82E
  8
WALL
  6
BYLAYER
 62
  256
 10
92.2689566224728
 20
113.603929096236
 11
92.2689566224728
 21
113.253929096236
  0
LINE
  5
82F
  8
WALL
  6
BYLAYER
 62
  256
 10
90.80055610702011
 20
113.603929096236
 11
90.80055610702011
 21
113.253929096236
  0
LINE
  5
830
  8
WINDOW
  6
BYLAYER
 62
  256
 10
92.36895587517729
 20
113.4241384285525
 30
3.490428066281704e-53
 11
93.08417929620437
 21
113.4241373553899
 31
0
  0
LINE
  5
831
  8
WINDOW
  6
BYLAYER
 62
  251
 10
92.36895565217624
 20
113.3766382565146
 30
3.490427480395652e-53
 11
93.08417951920565
 21
113.3766371833639
 31
0
  0
LINE
  5
832
  8
WINDOW
  6
BYLAYER
 62
  251
 10
93.92894640349546
 20
113.4516368800886
 30
0
 11
93.2041796131045
 21
113.4516384955708
 31
1.054532377270639e-59
  0
LINE
  5
833
  8
WINDOW
  6
BYLAYER
 62
  256
 10
93.20417939010231
 20
113.4041381035012
 11
93.92894662649651
 21
113.4041366806053
  0
LINE
  5
834
  8
WINDOW
  6
BYLAYER
 62
  256
 10
93.20417948399718
 20
113.424138103505
 30
4.440124742377746e-60
 11
93.92894653260164
 21
113.4241366806094
 31
0
  0
LINE
  5
835
  8
WINDOW
  6
BYLAYER
 62
  251
 10
93.20417926099613
 20
113.3766379314656
 30
-6.105229464365109e-60
 11
93.92894675557837
 21
113.3766416997172
 31
0
  0
LINE
  5
836
  8
WALL
  6
BYLAYER
 62
  256
 10
95.61807699768848
 20
107.8609506335732
 11
95.26807699768842
 21
107.8609506335732
  0
LINE
  5
837
  8
WALL
  6
BYLAYER
 62
  256
 10
95.61807699768779
 20
109.0390379846716
 30
6.00682047596932e-53
 11
95.26807699768842
 21
109.0390379846716
 31
0
  0
LINE
  5
838
  8
WINDOW
  6
BYLAYER
 62
  251
 10
95.38265030435373
 20
108.9390368696717
 30
-3.665354906227706e-53
 11
95.38264939667711
 21
107.9609506335736
 31
0
  0
LINE
  5
839
  8
WINDOW
  6
BYLAYER
 62
  256
 10
95.43014974179137
 20
107.9609504105719
 30
0
 11
95.43015050383697
 21
108.9390370926729
 31
-3.665354906227706e-53
  0
LINE
  5
83A
  8
WINDOW
  6
BYLAYER
 62
  256
 10
95.41014974178752
 20
107.9609505044667
 30
0
 11
95.4101505038329
 21
108.9390369987781
 31
-3.665354906227706e-53
  0
LINE
  5
83B
  8
WINDOW
  6
BYLAYER
 62
  251
 10
95.45764991382357
 20
107.9609502814654
 30
0
 11
95.45765067585894
 21
108.9390372217794
 31
-3.665354906227706e-53
  0
LINE
  5
83C
  8
PROIEZIONI - PROJECTIONS
  6
BYLAYER
 62
  256
 10
95.61807699768848
 20
107.8609506335732
 30
0
 11
95.61807699768779
 21
109.0390379846716
 31
6.00682047596932e-53
  0
LINE
  5
83D
  8
WINDOW
  6
BYLAYER
 62
  251
 10
95.38265030435373
 20
106.9985437729709
 30
-3.665354906227706e-53
 11
95.38264939667711
 21
106.4656271226048
 31
0
  0
LINE
  5
83E
  8
WINDOW
  6
BYLAYER
 62
  256
 10
95.43014974179137
 20
106.4656268996031
 30
0
 11
95.43015050383697
 21
106.9985439959722
 31
-3.665354906227706e-53
  0
LINE
  5
83F
  8
WINDOW
  6
BYLAYER
 62
  256
 10
95.41014974178752
 20
106.4656269934979
 30
0
 11
95.4101505038329
 21
106.9985439020774
 31
-3.665354906227706e-53
  0
LINE
  5
840
  8
WINDOW
  6
BYLAYER
 62
  251
 10
89.64125383993242
 20
113.3279290538011
 11
90.64613114403683
 21
113.3279290538022
  0
LINE
  5
841
  8
WINDOW
  6
BYLAYER
 62
  256
 10
90.64613114403683
 20
113.3865131595138
 11
89.64125383993242
 21
113.3865131595138
  0
LINE
  5
842
  8
WINDOW
  6
BYLAYER
 62
  251
 10
90.64613114403683
 20
113.4119622780501
 11
89.64125383993242
 21
113.4119622780498
  0
LINE
  5
843
  8
WINDOW
  6
BYLAYER
 62
  256
 10
88.47937954417417
 20
113.4374113965852
 11
89.49948397404815
 21
113.4374113965861
  0
LINE
  5
844
  8
WALL
  6
BYLAYER
 62
  256
 10
91.22690872557514
 20
109.5213905511731
 11
91.41578807280253
 21
109.5213905511733
  0
INSERT
  5
845
  8
ARREDI ATTREZZATURE - FURNITURE
  6
BYLAYER
 62
  256
  2
ARMADIO
 10
-81534.84034975735
 20
-41826.26318264584
 30
0
 41
1
 42
1
 43
1
 50
0
 70
    1
 71
    1
 44
0
 45
0
  0
LINE
  5
846
  8
WALL
  6
BYLAYER
 62
  256
 10
91.22690872557537
 20
113.253929096236
 11
91.22690872557537
 21
109.5213905511733
  0
LINE
  5
847
  8
WINDOW
  6
BYLAYER
 62
  256
 10
89.64125383993242
 20
113.3533781723362
 11
90.64613114403683
 21
113.3533781723362
  0
INSERT
  5
848
  8
ARREDI ATTREZZATURE - FURNITURE
  6
CONTINUOUS
 62
  256
  2
VASCA- BATHTUBE
 10
-1654.337377190419
 20
-1809.635544322072
 30
0
 41
1
 42
1
 43
1
 50
0
 70
    1
 71
    1
 44
0
 45
0
  0
LINE
  5
849
  8
WINDOW
  6
BYLAYER
 62
    2
 10
88.32495458119088
 20
113.3279290538022
 11
88.39461491298739
 21
113.3279290538022
  0
INSERT
  5
84A
  8
ARREDI ATTREZZATURE - FURNITURE
  6
CONTINUOUS
 62
  256
  2
BAGNO
 10
-1654.084517511438
 20
-1809.635544322072
 30
0
 41
1
 42
1
 43
1
 50
0
 70
    1
 71
    1
 44
0
 45
0
  0
LINE
  5
84B
  8
WINDOW
  6
BYLAYER
 62
    2
 10
88.47937954417417
 20
113.4959955022979
 11
88.32495458119088
 21
113.4959955022979
  0
INSERT
  5
84C
  8
DOOR
  6
BYLAYER
 62
  256
  2
PORTA 0.8 M
 10
92.48292007308028
 20
106.3325124204529
 30
0
 41
1
 42
1
 43
1
 50
0
 70
    1
 71
    1
 44
0
 45
0
  0
INSERT
  5
84D
  8
WALL
  6
BYLAYER
 62
  256
  2
PORTA - DOORS 75
 10
91.51578807280198
 20
109.6463905511745
 30
0
 41
-1
 42
1
 43
1
 50
270
 70
    1
 71
    1
 44
0
 45
0
  0
INSERT
  5
84E
  8
DOOR
  6
BYLAYER
 62
  256
  2
PORTA 0.8 M
 10
92.48292007308028
 20
108.8704919376149
 30
0
 41
-1
 42
1
 43
1
 50
180
 70
    1
 71
    1
 44
0
 45
0
  0
LINE
  5
84F
  8
WALL
  6
BYLAYER
 62
  256
 10
90.10417188946163
 20
106.2186618206869
 11
90.10417188946163
 21
108.6878277557295
  0
CIRCLE
  5
850
  8
WALL
  6
BYLAYER
 62
  256
 10
90.52986461908331
 20
108.2035195550296
 40
0.08407288516673361
  0
LINE
  5
851
  8
PROIEZIONI - PROJECTIONS
  6
BYLAYER
 62
  256
 10
88.31498719474935
 20
105.8686618206868
 30
0
 11
89.49513053276219
 21
105.8686618206875
 31
9.672175382197027e-53
  0
LINE
  5
852
  8
WINDOW
  6
BYLAYER
 62
  251
 10
88.41498684264157
 20
106.0221276749595
 11
89.39512976986994
 21
106.0221269129241
  0
LINE
  5
853
  8
WINDOW
  6
BYLAYER
 62
  256
 10
88.41498706564285
 20
106.0696278469956
 11
89.39512954686866
 21
106.0696270849502
  0
LINE
  5
854
  8
WINDOW
  6
BYLAYER
 62
  256
 10
88.41498697174798
 20
106.0496278469917
 11
89.39512964076353
 21
106.0496270849461
  0
LINE
  5
855
  8
WINDOW
  6
BYLAYER
 62
  251
 10
89.39512941776225
 20
106.0971272844293
 11
88.41498719474971
 21
106.097128192106
  0
LINE
  5
856
  8
PROIEZIONI - PROJECTIONS
  6
BYLAYER
 62
  256
 10
95.61807699768848
 20
106.3656271226045
 30
0
 11
95.61807699768779
 21
107.0985448879709
 31
6.00682047596932e-53
  0
LINE
  5
857
  8
WINDOW
  6
BYLAYER
 62
  251
 10
95.45764991382357
 20
106.4656267704967
 30
0
 11
95.45765067585894
 21
106.9985441250786
 31
-3.665354906227706e-53
  0
LINE
  5
858
  8
WINDOW
  6
BYLAYER
 62
    2
 10
90.80055610702011
 20
113.4959955022979
 11
90.7308957752236
 21
113.4959955022979
  0
LINE
  5
859
  8
WINDOW
  6
BYLAYER
 62
  251
 10
89.59887152433812
 20
113.4959955022977
 11
90.7308957752236
 21
113.4959955022979
  0
TEXT
  5
85A
 67
    1
  8
0
  6
BYLAYER
 62
    7
 10
255.9754022216958
 20
0.8221481181452794
 30
0
 40
1.25e-08
  1
www.archweb.com
 50
90
 41
1
 51
0
  7
STANDARD
 71
    0
210
0
220
0
230
1
  0
INSERT
  5
85B
  8
ARREDI ATTREZZATURE - FURNITURE
  6
BYLAYER
 62
  256
  2
LETTO MATRIMONIALE - DOUBLE BED - HU82AW25
 10
-820.113950440679
 20
-10.90671128122824
 30
0
 41
1
 42
1
 43
1
 50
0
 70
    1
 71
    1
 44
0
 45
0
  0
LINE
  5
85C
  8
WINDOW
  6
BYLAYER
 62
  251
 10
89.54186628964244
 20
113.327929053802
 11
88.39461491298739
 21
113.327929053802
  0
INSERT
  5
85D
  8
WALL
  6
BYLAYER
 62
  256
  2
ANGOLO BEAUTY
 10
91.3825388578003
 20
113.2412596563627
 30
0
 41
-1
 42
1
 43
1
 50
90
 70
    1
 71
    1
 44
0
 45
0
  0
INSERT
  5
85E
  8
DOOR
  6
BYLAYER
 62
  256
  2
PORTA-75
 10
73.92619718097347
 20
97.73379042787315
 30
0
 41
-1
 42
1
 43
1
 50
180
 70
    1
 71
    1
 44
0
 45
0
  0
TEXT
  5
85F
  8
WWW.ARCHWEB.COM
  6
BYLAYER
 62
  251
 10
87.3369521824073
 20
104.8769564173738
 30
0
 40
0.07527686113571883
  1
www.archweb.com
 50
0
 41
1
 51
0
  7
AW
 71
    0
210
0
220
0
230
1
  0
TEXT
  5
860
  8
WWW.ARCHWEB.COM
  6
BYLAYER
 62
  251
 10
87.32914721454166
 20
104.7502112703283
 30
0
 40
0.07527686113571883
  1
Disegni di architettura - Strumenti CAD  per la progettazione
 50
0
 41
1
 51
0
  7
AW
 71
    0
210
0
220
0
230
1
  0
TEXT
  5
861
  8
WWW.ARCHWEB.COM
  6
BYLAYER
 62
  251
 10
87.32955800231991
 20
104.6247498351021
 30
0
 40
0.07527686113571883
  1
Blocchi dwg - Architectural drawings
 50
0
 41
1
 51
0
  7
AW
 71
    0
210
0
220
0
230
1
  0
TEXT
  5
862
  8
WWW.ARCHWEB.COM
  6
BYLAYER
 62
  251
 10
87.33726027324249
 20
104.4992883998759
 30
0
 40
0.07527686113571883
  1
All rights reserved
 50
0
 41
1
 51
0
  7
AW
 71
    0
210
0
220
0
230
1
  0
TEXT
  5
863
  8
WWW.ARCHWEB.COM
  6
BYLAYER
 62
  256
 10
91.12355694344029
 20
104.7604809218628
 30
0
 40
0.128330018589107
  1
www.archweb.com
 50
0
 41
1
 51
0
  7
AW
 71
    0
210
0
220
0
230
1
  0
LINE
  5
864
  8
WWW.ARCHWEB.COM
  6
BYLAYER
 62
  253
 10
87.32250572556967
 20
105.0126766178856
 11
96.06194376635563
 21
105.0126766178838
  0
TEXT
  5
865
  8
WWW.ARCHWEB.COM
  6
BYLAYER
 62
  251
 10
94.39795769143468
 20
104.8011296111081
 30
0
 40
0.09447146367120554
  1
Disegno in scala 1:1 (metri)
 50
0
 41
1
 51
0
  7
AW
 71
    0
210
0
220
0
230
1
  0
TEXT
  5
866
  8
WWW.ARCHWEB.COM
  6
BYLAYER
 62
    7
 10
87.33885102207294
 20
105.0981452004673
 30
0
 40
0.07755365798966549
  1
E' SEVERAMENTE VIETATO PUBBLICARE I CONTENUTI DI QUESTO FILE SU ALTRI SITI WEB
 50
0
 41
1
 51
0
  7
AW
 71
    0
210
0
220
0
230
1
  0
TEXT
  5
867
  8
WWW.ARCHWEB.COM
  6
BYLAYER
 62
    1
 10
92.30923039510131
 20
105.0980273693832
 30
0
 40
0.09583742916710829
  1
The contents of this file cannot be published on other websites
 50
0
 41
1
 51
0
  7
AW
 71
    0
210
0
220
0
230
1
  0
INSERT
  5
868
  8
WWW.ARCHWEB.COM
  6
BYLAYER
 62
  256
  2
AW LOGO
 10
87.53395483170536
 20
114.5880149662306
 30
0
 41
0.01626377089536728
 42
0.01730188393124179
 43
0.01730188393124179
 50
0
 70
    1
 71
    1
 44
0
 45
0
  0
TEXT
  5
869
  8
WWW.ARCHWEB.COM
  6
BYLAYER
 62
    7
 10
87.91076117165834
 20
114.3124004071245
 30
0
 40
0.1895674265173738
  1
Archweb
 50
0
 41
1.395375226794873
 51
0
  7
AW
 71
    0
 72
    5
 11
89.34846714713731
 21
114.3124004071245
 31
0
210
0
220
0
230
1
  0
TEXT
  5
86A
  8
WWW.ARCHWEB.COM
  6
BYLAYER
 62
  256
 10
92.29447371700739
 20
114.2604918276351
 30
-3.864072723110445e-37
 40
0.1189131389701418
  1
Schema - Progetto Bilocale  /  two-room apartment
 50
0
 41
1
 51
0
  7
STANDARD
 71
    0
210
0
220
0
230
1
  0
ENDSEC
  0
EOF
